customerid,churn_score,risk_level,recency_days,frequency,monetary,avg_order_value,return_count,customer_age_months
16262,85,Critical - Priority Outreach,360,1,0,NULL,3,12
12605,85,Critical - Priority Outreach,364,1,0,NULL,3,12.1
14213,85,Critical - Priority Outreach,371,1,0,NULL,5,12.4
13958,85,Critical - Priority Outreach,371,1,0,NULL,5,12.4
14627,85,Critical - Priority Outreach,311,1,0,NULL,5,10.4
18256,85,Critical - Priority Outreach,354,1,0,NULL,4,11.8
16252,85,Critical - Priority Outreach,365,1,0,NULL,21,12.2
14081,80,Critical - Priority Outreach,266,4,921.62,6.144133333,3,12.3
16297,80,Critical - Priority Outreach,212,4,301.9,15.095,3,8.9
13659,80,Critical - Priority Outreach,196,3,1563,15.17475728,4,10.7
15823,80,Critical - Priority Outreach,336,2,15,15,16,12.4
16859,80,Critical - Priority Outreach,105,5,747.81,14.38096154,20,8.7
16897,80,Critical - Priority Outreach,298,3,289.78,7.831891892,7,10.4
13506,80,Critical - Priority Outreach,311,3,458.52,17.63538462,3,12.3
15881,80,Critical - Priority Outreach,311,8,501.39,17.28931034,3,12.1
16306,80,Critical - Priority Outreach,213,9,632.27,15.42121951,3,12.2
12501,80,Critical - Priority Outreach,314,2,2169.39,14.55966443,11,11.2
14350,80,Critical - Priority Outreach,270,2,282.93,15.71833333,3,9.1
17035,80,Critical - Priority Outreach,245,3,433.53,15.48321429,4,10.4
14048,80,Critical - Priority Outreach,276,2,409.93,4.822705882,3,10.1
17994,80,Critical - Priority Outreach,121,6,674.89,8.542911392,3,9.7
17900,80,Critical - Priority Outreach,164,4,112.2,18.7,5,6.3
14338,80,Critical - Priority Outreach,157,4,588.22,18.97483871,3,6.5
13370,80,Critical - Priority Outreach,365,2,754.87,19.35564103,5,12.4
13343,80,Critical - Priority Outreach,172,2,353.43,18.60157895,3,5.9
18168,80,Critical - Priority Outreach,175,9,1160.04,8.923384615,9,12.4
16403,80,Critical - Priority Outreach,301,2,177.5,17.75,5,10.4
15107,80,Critical - Priority Outreach,310,8,319.5,18.79411765,3,12.4
18176,80,Critical - Priority Outreach,353,2,476.35,15.87833333,3,11.9
15109,80,Critical - Priority Outreach,240,2,484.95,17.31964286,3,8.2
17337,80,Critical - Priority Outreach,150,7,1981.06,3.802418426,5,10.3
18183,80,Critical - Priority Outreach,217,6,632.07,17.08297297,7,9.1
15655,80,Critical - Priority Outreach,232,2,560.67,16.49029412,3,8.1
14740,80,Critical - Priority Outreach,190,4,1448.21,16.27202247,4,9.4
17406,80,Critical - Priority Outreach,329,5,2184.42,19.67945946,3,12.2
14323,80,Critical - Priority Outreach,114,4,605.06,16.80722222,5,7.9
16449,80,Critical - Priority Outreach,190,3,707.69,17.69225,3,9.3
14320,80,Critical - Priority Outreach,206,3,477.79,15.41258065,11,11.1
18260,80,Critical - Priority Outreach,172,8,2628.35,19.76203008,6,11.9
15700,80,Critical - Priority Outreach,171,3,696.68,8.100930233,3,5.7
15535,80,Critical - Priority Outreach,172,7,502.9,6.984722222,3,12.1
15146,80,Critical - Priority Outreach,164,3,1327.16,14.58417582,4,9.7
16499,80,Critical - Priority Outreach,359,5,365.45,19.23421053,3,12.1
12652,80,Critical - Priority Outreach,321,2,919.98,19.16625,3,11
17429,80,Critical - Priority Outreach,120,4,524.92,13.45948718,3,7.3
14620,80,Critical - Priority Outreach,203,3,412.78,15.87615385,4,9.4
13121,80,Critical - Priority Outreach,268,2,283.73,5.6746,3,8.9
17850,80,Critical - Priority Outreach,301,35,5391.21,18.15222222,12,12.4
14311,80,Critical - Priority Outreach,224,2,310.26,15.513,7,8.1
13085,80,Critical - Priority Outreach,157,3,416.08,18.91272727,7,9.8
13005,80,Critical - Priority Outreach,173,3,513.7,19.75769231,3,8.2
12982,80,Critical - Priority Outreach,239,2,390.54,13.94785714,6,8.1
16550,80,Critical - Priority Outreach,108,9,2298.97,9.159243028,10,12.2
14586,80,Critical - Priority Outreach,226,3,237.36,12.49263158,8,9.2
12947,80,Critical - Priority Outreach,143,11,1603.99,16.53597938,6,12.4
14245,80,Critical - Priority Outreach,175,5,1693.45,15.68009259,4,8.8
17646,80,Critical - Priority Outreach,218,4,1008.39,19.77235294,3,12.1
12797,80,Critical - Priority Outreach,359,3,254.03,19.54076923,4,12.2
18072,80,Critical - Priority Outreach,154,2,247.44,13.74666667,18,6.2
14625,80,Critical - Priority Outreach,184,5,899.63,16.97415094,4,12.4
12852,80,Critical - Priority Outreach,289,2,311.55,18.32647059,3,9.8
14231,80,Critical - Priority Outreach,178,5,925.71,18.5142,4,9.6
15596,80,Critical - Priority Outreach,100,9,1406.59,18.2674026,7,12.1
14573,80,Critical - Priority Outreach,179,13,1639.82,7.223876652,6,12.4
13715,80,Critical - Priority Outreach,280,8,1077.39,10.35951923,3,12.4
14149,80,Critical - Priority Outreach,212,3,446.62,15.95071429,12,7.3
16755,80,Critical - Priority Outreach,113,5,1475.43,8.942,6,10.5
15261,75,Critical - Priority Outreach,134,1,254.82,13.41157895,0,4.5
15256,75,Critical - Priority Outreach,148,1,98.45,16.40833333,0,4.9
15047,75,Critical - Priority Outreach,269,1,343.62,15.61909091,0,9
15052,75,Critical - Priority Outreach,318,1,207.73,7.418928571,0,10.6
15254,75,Critical - Priority Outreach,126,1,300.36,16.68666667,0,4.2
15069,75,Critical - Priority Outreach,178,1,1109.53,15.85042857,0,5.9
15074,75,Critical - Priority Outreach,104,1,735.67,17.94317073,0,3.5
15076,75,Critical - Priority Outreach,172,1,880.85,17.97653061,0,5.7
15083,75,Critical - Priority Outreach,256,1,88.2,17.64,0,8.5
15090,75,Critical - Priority Outreach,307,1,381.32,16.57913043,0,10.2
15234,75,Critical - Priority Outreach,276,1,197,14.07142857,0,9.2
15226,75,Critical - Priority Outreach,310,1,154.41,19.30125,0,10.3
15225,75,Critical - Priority Outreach,233,1,409.4,17.8,0,7.8
17860,75,Critical - Priority Outreach,368,1,226.45,4.354807692,0,12.3
15119,75,Critical - Priority Outreach,245,1,266.4,19.02857143,0,8.2
12750,75,Critical - Priority Outreach,128,1,275.88,18.392,0,4.3
15210,75,Critical - Priority Outreach,224,1,331.18,16.559,0,7.5
15130,75,Critical - Priority Outreach,169,1,330.11,15.005,0,5.6
15180,75,Critical - Priority Outreach,366,1,87.5,14.58333333,0,12.2
17859,75,Critical - Priority Outreach,304,1,141.92,6.170434783,0,10.1
17855,75,Critical - Priority Outreach,372,1,208.97,12.29235294,0,12.4
15178,75,Critical - Priority Outreach,259,1,40.5,13.5,0,8.6
15143,75,Critical - Priority Outreach,225,1,259.45,18.53214286,0,7.5
15174,75,Critical - Priority Outreach,322,1,135.75,12.34090909,0,10.7
15167,75,Critical - Priority Outreach,320,1,158.8,4.071794872,0,10.7
15165,75,Critical - Priority Outreach,372,1,487.75,18.06481481,0,12.4
17844,75,Critical - Priority Outreach,106,1,51.56,10.312,0,3.5
17843,75,Critical - Priority Outreach,302,1,205.48,5.553513514,0,10.1
12790,75,Critical - Priority Outreach,191,1,324.92,15.47238095,0,6.4
12792,75,Critical - Priority Outreach,256,1,400.54,16.0216,0,8.5
12378,75,Critical - Priority Outreach,129,1,4008.62,18.30420091,0,4.3
12350,75,Critical - Priority Outreach,309,1,334.4,19.67058824,0,10.3
15528,75,Critical - Priority Outreach,253,1,229.33,8.820384615,0,8.4
14699,75,Critical - Priority Outreach,213,1,109.13,13.64125,0,7.1
15517,75,Critical - Priority Outreach,232,1,267.03,9.89,0,7.7
15507,75,Critical - Priority Outreach,171,1,475.86,10.57466667,0,5.7
14722,75,Critical - Priority Outreach,146,1,180.42,6.443571429,0,4.9
15503,75,Critical - Priority Outreach,362,1,141.04,2.136969697,0,12.1
14729,75,Critical - Priority Outreach,373,1,313.49,4.415352113,0,12.4
17893,75,Critical - Priority Outreach,224,1,107.21,7.147333333,0,7.5
17891,75,Critical - Priority Outreach,161,1,203.86,5.995882353,0,5.4
15472,75,Critical - Priority Outreach,112,1,371.56,4.888947368,0,3.7
15464,75,Critical - Priority Outreach,337,1,1044.65,6.739677419,0,11.2
12707,75,Critical - Priority Outreach,291,1,603.42,18.28545455,0,9.7
14762,75,Critical - Priority Outreach,263,1,300.52,14.31047619,0,8.8
15460,75,Critical - Priority Outreach,353,1,214.26,3.826071429,0,11.8
17887,75,Critical - Priority Outreach,128,1,111.35,11.135,0,4.3
14772,75,Critical - Priority Outreach,111,1,139.26,15.47333333,0,3.7
15457,75,Critical - Priority Outreach,261,1,237.07,4.087413793,0,8.7
18262,75,Critical - Priority Outreach,139,1,149.48,11.49846154,0,4.6
15454,75,Critical - Priority Outreach,361,1,179.1,7.164,0,12
15448,75,Critical - Priority Outreach,312,1,494.64,17.66571429,0,10.4
15447,75,Critical - Priority Outreach,330,1,155.17,17.24111111,0,11
12715,75,Critical - Priority Outreach,105,1,343.36,17.168,0,3.5
15438,75,Critical - Priority Outreach,130,1,156.58,6.2632,0,4.3
17881,75,Critical - Priority Outreach,303,1,133.35,16.66875,0,10.1
17880,75,Critical - Priority Outreach,364,1,458.92,17.65076923,0,12.1
15437,75,Critical - Priority Outreach,261,1,200.16,4.448,0,8.7
15415,75,Critical - Priority Outreach,312,1,559.61,11.90659574,0,10.4
15412,75,Critical - Priority Outreach,170,1,190.53,19.053,0,5.7
14840,75,Critical - Priority Outreach,267,1,62.85,15.7125,0,8.9
15408,75,Critical - Priority Outreach,263,1,267.18,7.858235294,0,8.8
17877,75,Critical - Priority Outreach,169,1,237.61,19.80083333,0,5.6
14873,75,Critical - Priority Outreach,209,1,519.68,18.56,0,7
15397,75,Critical - Priority Outreach,289,1,94,15.66666667,0,9.6
14888,75,Critical - Priority Outreach,206,1,369.2,18.46,0,6.9
14889,75,Critical - Priority Outreach,335,1,135.9,13.59,0,11.2
14890,75,Critical - Priority Outreach,253,1,125.65,17.95,0,8.4
17871,75,Critical - Priority Outreach,204,1,155.9,15.59,0,6.8
12725,75,Critical - Priority Outreach,370,1,427.8,17.825,0,12.3
15395,75,Critical - Priority Outreach,325,1,107.45,15.35,0,10.8
15388,75,Critical - Priority Outreach,269,1,140.54,14.054,0,9
15386,75,Critical - Priority Outreach,185,1,394.14,12.71419355,0,6.2
12729,75,Critical - Priority Outreach,113,1,453.01,17.42346154,0,3.8
12732,75,Critical - Priority Outreach,179,1,236.26,19.68833333,0,6
14957,75,Critical - Priority Outreach,252,1,58.49,4.874166667,0,8.4
12733,75,Critical - Priority Outreach,233,1,383.95,17.45227273,0,7.8
14964,75,Critical - Priority Outreach,246,1,206.21,15.86230769,0,8.2
15346,75,Critical - Priority Outreach,332,1,252.42,14.84823529,0,11.1
14972,75,Critical - Priority Outreach,127,1,114.77,6.376111111,0,4.2
15326,75,Critical - Priority Outreach,333,1,311.71,10.74862069,0,11.1
14981,75,Critical - Priority Outreach,245,1,102.12,12.765,0,8.2
14988,75,Critical - Priority Outreach,211,1,334.54,8.3635,0,7
15325,75,Critical - Priority Outreach,103,1,161.74,3.369583333,0,3.4
12738,75,Critical - Priority Outreach,371,1,155.35,14.12272727,0,12.4
15004,75,Critical - Priority Outreach,146,1,1220.77,7.927077922,0,4.9
15319,75,Critical - Priority Outreach,283,1,204.5,12.78125,0,9.4
15007,75,Critical - Priority Outreach,158,1,156.91,13.07583333,0,5.3
15314,75,Critical - Priority Outreach,198,1,327.97,13.66541667,0,6.6
15016,75,Critical - Priority Outreach,172,1,170.04,8.502,0,5.7
15019,75,Critical - Priority Outreach,266,1,252.81,3.830454545,0,8.9
15307,75,Critical - Priority Outreach,95,1,205.3,17.10833333,0,3.2
15303,75,Critical - Priority Outreach,289,1,574.02,18.51677419,0,9.6
15292,75,Critical - Priority Outreach,200,1,178.39,7.432916667,0,6.7
15280,75,Critical - Priority Outreach,171,1,113.12,7.07,0,5.7
15266,75,Critical - Priority Outreach,337,1,119.3,19.88333333,0,11.2
15263,75,Critical - Priority Outreach,106,1,156.51,13.0425,0,3.5
15262,75,Critical - Priority Outreach,323,1,178.95,17.895,0,10.8
15041,75,Critical - Priority Outreach,169,1,179.93,2.726212121,0,5.6
13002,75,Critical - Priority Outreach,317,1,120.95,17.27857143,0,10.6
18212,75,Critical - Priority Outreach,325,1,216.07,6.355,0,10.8
13011,75,Critical - Priority Outreach,371,1,50.55,16.85,0,12.4
17542,75,Critical - Priority Outreach,269,1,170.75,6.83,0,9
17535,75,Critical - Priority Outreach,279,1,164.4,12.64615385,0,9.3
13033,75,Critical - Priority Outreach,356,1,190.55,17.32272727,0,11.9
18203,75,Critical - Priority Outreach,156,1,160.42,8.443157895,0,5.2
13044,75,Critical - Priority Outreach,290,1,560.47,16.98393939,0,9.7
13045,75,Critical - Priority Outreach,98,1,305.28,16.96,0,3.3
17517,75,Critical - Priority Outreach,308,1,153.94,13.99454545,0,10.3
17514,75,Critical - Priority Outreach,127,1,208.65,5.21625,0,4.2
13052,75,Critical - Priority Outreach,211,1,348.15,19.34166667,0,7
13065,75,Critical - Priority Outreach,372,1,205.86,14.70428571,0,12.4
17508,75,Critical - Priority Outreach,280,1,387.31,17.605,0,9.3
13080,75,Critical - Priority Outreach,178,1,58.08,9.68,0,5.9
17499,75,Critical - Priority Outreach,289,1,622.88,15.572,0,9.6
17486,75,Critical - Priority Outreach,260,1,396.87,16.53625,0,8.7
13101,75,Critical - Priority Outreach,233,1,101.19,12.64875,0,7.8
17456,75,Critical - Priority Outreach,364,1,249.86,14.69764706,0,12.1
17455,75,Critical - Priority Outreach,203,1,131.7,16.4625,0,6.8
12418,75,Critical - Priority Outreach,112,1,668.58,19.66411765,0,3.7
18200,75,Critical - Priority Outreach,105,1,150.35,5.011666667,0,3.5
12426,75,Critical - Priority Outreach,194,1,582.73,19.42433333,0,6.5
17431,75,Critical - Priority Outreach,312,1,403.3,9.379069767,0,10.4
17408,75,Critical - Priority Outreach,162,1,32.65,16.325,0,5.4
18185,75,Critical - Priority Outreach,248,1,304.25,17.89705882,0,8.3
13161,75,Critical - Priority Outreach,312,1,112.75,14.09375,0,10.4
12441,75,Critical - Priority Outreach,366,1,173.55,15.77727273,0,12.2
17367,75,Critical - Priority Outreach,237,1,167.55,5.077272727,0,7.9
17356,75,Critical - Priority Outreach,311,1,178.22,9.38,0,10.4
17349,75,Critical - Priority Outreach,178,1,98.25,12.28125,0,5.9
13187,75,Critical - Priority Outreach,336,1,236.02,6.378918919,0,11.2
17343,75,Critical - Priority Outreach,354,1,193.64,11.39058824,0,11.8
13210,75,Critical - Priority Outreach,93,1,353.48,16.06727273,0,3.1
13218,75,Critical - Priority Outreach,126,1,62.64,12.528,0,4.2
17325,75,Critical - Priority Outreach,279,1,96.8,16.13333333,0,9.3
13226,75,Critical - Priority Outreach,272,1,108.21,6.763125,0,9.1
13229,75,Critical - Priority Outreach,225,1,160.95,16.095,0,7.5
12447,75,Critical - Priority Outreach,242,1,476.49,18.32653846,0,8.1
13239,75,Critical - Priority Outreach,261,1,329.56,14.98,0,8.7
17309,75,Critical - Priority Outreach,94,1,82.75,6.895833333,0,3.1
13243,75,Critical - Priority Outreach,202,1,585.12,10.26526316,0,6.7
13244,75,Critical - Priority Outreach,92,1,121.74,4.508888889,0,3.1
12453,75,Critical - Priority Outreach,133,1,707.09,16.44395349,0,4.4
17303,75,Critical - Priority Outreach,360,1,250.04,4.717735849,0,12
17278,75,Critical - Priority Outreach,240,1,246.04,16.40266667,0,8
17263,75,Critical - Priority Outreach,207,1,63.44,2.75826087,0,6.9
13262,75,Critical - Priority Outreach,262,1,200.29,18.20818182,0,8.7
17251,75,Critical - Priority Outreach,362,1,269.83,7.292702703,0,12.1
17248,75,Critical - Priority Outreach,119,1,318.65,4.618115942,0,4
17245,75,Critical - Priority Outreach,204,1,171.45,19.05,0,6.8
13273,75,Critical - Priority Outreach,112,1,138.98,8.68625,0,3.7
17234,75,Critical - Priority Outreach,182,1,149.89,10.70642857,0,6.1
13291,75,Critical - Priority Outreach,155,1,361.11,8.597857143,0,5.2
13296,75,Critical - Priority Outreach,136,1,87.4,17.48,0,4.5
12354,75,Critical - Priority Outreach,231,1,1079.4,18.61034483,0,7.7
13304,75,Critical - Priority Outreach,350,1,300.42,14.30571429,0,11.7
13307,75,Critical - Priority Outreach,119,1,15,15,0,4
17226,75,Critical - Priority Outreach,308,1,393.49,18.73761905,0,10.3
17217,75,Critical - Priority Outreach,233,1,113.5,12.61111111,0,7.8
17174,75,Critical - Priority Outreach,217,1,59.9,14.975,0,7.2
17171,75,Critical - Priority Outreach,288,1,224.91,14.056875,0,9.6
13339,75,Critical - Priority Outreach,200,1,860.12,15.92814815,0,6.7
13341,75,Critical - Priority Outreach,260,1,775.85,18.47261905,0,8.7
18138,75,Critical - Priority Outreach,294,1,152.65,19.08125,0,9.8
17165,75,Critical - Priority Outreach,283,1,158.68,15.868,0,9.4
17138,75,Critical - Priority Outreach,275,1,380.5,15.85416667,0,9.2
17128,75,Critical - Priority Outreach,334,1,157.09,11.22071429,0,11.1
13357,75,Critical - Priority Outreach,256,1,609.4,6.847191011,0,8.5
13358,75,Critical - Priority Outreach,268,1,439.03,15.13896552,0,8.9
17124,75,Critical - Priority Outreach,184,1,294.24,9.491612903,0,6.1
17122,75,Critical - Priority Outreach,118,1,138.32,19.76,0,3.9
17120,75,Critical - Priority Outreach,232,1,307.46,17.08111111,0,7.7
17118,75,Critical - Priority Outreach,317,1,157.02,15.702,0,10.6
18129,75,Critical - Priority Outreach,242,1,112.55,8.039285714,0,8.1
13382,75,Critical - Priority Outreach,280,1,222.99,14.866,0,9.3
13385,75,Critical - Priority Outreach,329,1,534.57,15.27342857,0,11
18120,75,Critical - Priority Outreach,213,1,111.15,6.538235294,0,7.1
17117,75,Critical - Priority Outreach,287,1,116.2,12.91111111,0,9.6
13395,75,Critical - Priority Outreach,184,1,307.72,14.65333333,0,6.1
13398,75,Critical - Priority Outreach,191,1,457.34,17.59,0,6.4
18119,75,Critical - Priority Outreach,367,1,180.7,6.231034483,0,12.2
13411,75,Critical - Priority Outreach,106,1,213.55,11.86388889,0,3.5
17110,75,Critical - Priority Outreach,164,1,163.3,13.60833333,0,5.5
18114,75,Critical - Priority Outreach,289,1,220.1,7.860714286,0,9.6
17070,75,Critical - Priority Outreach,113,1,304.24,4.907096774,0,3.8
17051,75,Critical - Priority Outreach,193,1,240.89,5.73547619,0,6.4
13439,75,Critical - Priority Outreach,254,1,283.71,5.253888889,0,8.5
13474,75,Critical - Priority Outreach,235,1,226.84,3.658709677,0,7.8
18106,75,Critical - Priority Outreach,329,1,421.9,11.4027027,0,11
16967,75,Critical - Priority Outreach,188,1,319.02,15.19142857,0,6.3
16965,75,Critical - Priority Outreach,226,1,201.19,7.738076923,0,7.5
13482,75,Critical - Priority Outreach,231,1,184.64,16.78545455,0,7.7
16963,75,Critical - Priority Outreach,186,1,110.55,15.79285714,0,6.2
13485,75,Critical - Priority Outreach,232,1,454.24,19.74956522,0,7.7
16961,75,Critical - Priority Outreach,115,1,234.17,16.72642857,0,3.8
16947,75,Critical - Priority Outreach,235,1,406.48,19.35619048,0,7.8
16926,75,Critical - Priority Outreach,370,1,230.25,16.44642857,0,12.3
13494,75,Critical - Priority Outreach,311,1,316.26,17.57,0,10.4
16913,75,Critical - Priority Outreach,289,1,113.44,14.18,0,9.6
13508,75,Critical - Priority Outreach,243,1,110.97,9.2475,0,8.1
13512,75,Critical - Priority Outreach,260,1,251.21,16.74733333,0,8.7
16893,75,Critical - Priority Outreach,366,1,145.93,3.242888889,0,12.2
18099,75,Critical - Priority Outreach,126,1,168.31,8.858421053,0,4.2
16850,75,Critical - Priority Outreach,333,1,332.41,17.49526316,0,11.1
13561,75,Critical - Priority Outreach,215,1,141.86,10.13285714,0,7.2
16849,75,Critical - Priority Outreach,186,1,124.57,15.57125,0,6.2
13568,75,Critical - Priority Outreach,172,1,187.05,4.35,0,5.7
13570,75,Critical - Priority Outreach,242,1,239.49,8.87,0,8.1
13581,75,Critical - Priority Outreach,308,1,118,11.8,0,10.3
13583,75,Critical - Priority Outreach,155,1,781.03,14.73641509,0,5.2
13584,75,Critical - Priority Outreach,306,1,142.4,5.933333333,0,10.2
16834,75,Critical - Priority Outreach,227,1,413.46,17.2275,0,7.6
16829,75,Critical - Priority Outreach,156,1,197.22,17.92909091,0,5.2
13600,75,Critical - Priority Outreach,311,1,219.52,11.55368421,0,10.4
16823,75,Critical - Priority Outreach,226,1,358.38,9.431052632,0,7.5
16820,75,Critical - Priority Outreach,95,1,497.61,19.13884615,0,3.2
12506,75,Critical - Priority Outreach,232,1,73.5,3.195652174,0,7.7
13618,75,Critical - Priority Outreach,173,1,177.34,13.64153846,0,5.8
13621,75,Critical - Priority Outreach,116,1,213.85,11.25526316,0,3.9
13626,75,Critical - Priority Outreach,252,1,257.23,13.53842105,0,8.4
16795,75,Critical - Priority Outreach,364,1,414.88,6.286060606,0,12.1
16769,75,Critical - Priority Outreach,259,1,361.54,9.514210526,0,8.6
13642,75,Critical - Priority Outreach,215,1,312.28,5.478596491,0,7.2
18086,75,Critical - Priority Outreach,273,1,101.34,14.47714286,0,9.1
13663,75,Critical - Priority Outreach,178,1,189.47,14.57461538,0,5.9
13667,75,Critical - Priority Outreach,148,1,299.05,3.603012048,0,4.9
16757,75,Critical - Priority Outreach,318,1,106.83,15.26142857,0,10.6
16756,75,Critical - Priority Outreach,214,1,239.4,18.41538462,0,7.1
12514,75,Critical - Priority Outreach,266,1,1017.68,19.9545098,0,8.9
13678,75,Critical - Priority Outreach,151,1,232.6,14.5375,0,5
13682,75,Critical - Priority Outreach,186,1,59.5,19.83333333,0,6.2
13686,75,Critical - Priority Outreach,182,1,72,9,0,6.1
13706,75,Critical - Priority Outreach,302,1,330.79,16.5395,0,10.1
13708,75,Critical - Priority Outreach,270,1,285.33,5.823061224,0,9
13716,75,Critical - Priority Outreach,268,1,138.28,6.584761905,0,8.9
16738,75,Critical - Priority Outreach,297,1,3.75,3.75,0,9.9
12521,75,Critical - Priority Outreach,142,1,599.68,15.78105263,0,4.7
16727,75,Critical - Priority Outreach,363,1,256.32,5.825454545,0,12.1
16721,75,Critical - Priority Outreach,261,1,292.47,7.904594595,0,8.7
16718,75,Critical - Priority Outreach,368,1,606.05,13.77386364,0,12.3
16697,75,Critical - Priority Outreach,240,1,112.75,5.369047619,0,8
16665,75,Critical - Priority Outreach,361,1,135.4,15.04444444,0,12
13737,75,Critical - Priority Outreach,199,1,339.6,11.32,0,6.6
13740,75,Critical - Priority Outreach,240,1,350.75,15.25,0,8
12534,75,Critical - Priority Outreach,130,1,1089.18,17.28857143,0,4.3
18056,75,Critical - Priority Outreach,287,1,363.65,19.13947368,0,9.6
16659,75,Critical - Priority Outreach,188,1,39.12,19.56,0,6.3
18050,75,Critical - Priority Outreach,358,1,74.4,14.88,0,11.9
16658,75,Critical - Priority Outreach,367,1,123.24,15.405,0,12.2
16643,75,Critical - Priority Outreach,245,1,487.51,18.05592593,0,8.2
13778,75,Critical - Priority Outreach,102,1,178.7,19.85555556,0,3.4
13781,75,Critical - Priority Outreach,250,1,127.84,7.52,0,8.3
16641,75,Critical - Priority Outreach,105,1,231.1,19.25833333,0,3.5
18032,75,Critical - Priority Outreach,333,1,73.5,14.7,0,11.1
13800,75,Critical - Priority Outreach,309,1,558.32,16.91878788,0,10.3
16625,75,Critical - Priority Outreach,274,1,333.08,14.48173913,0,9.1
13803,75,Critical - Priority Outreach,254,1,277.07,16.29823529,0,8.5
13807,75,Critical - Priority Outreach,366,1,112.6,16.08571429,0,12.2
13809,75,Critical - Priority Outreach,304,1,155.05,12.92083333,0,10.1
12548,75,Critical - Priority Outreach,165,1,95.2,19.04,0,5.5
18027,75,Critical - Priority Outreach,98,1,115.31,5.490952381,0,3.3
16614,75,Critical - Priority Outreach,182,1,506.19,19.46884615,0,6.1
13833,75,Critical - Priority Outreach,158,1,383.85,13.70892857,0,5.3
12551,75,Critical - Priority Outreach,357,1,168,16.8,0,11.9
16610,75,Critical - Priority Outreach,218,1,75.66,12.61,0,7.3
16587,75,Critical - Priority Outreach,231,1,225.15,17.31923077,0,7.7
16583,75,Critical - Priority Outreach,373,1,233.45,16.675,0,12.4
13859,75,Critical - Priority Outreach,325,1,201.16,7.184285714,0,10.8
18011,75,Critical - Priority Outreach,372,1,102.79,3.671071429,0,12.4
18010,75,Critical - Priority Outreach,256,1,174.8,12.48571429,0,8.5
12561,75,Critical - Priority Outreach,302,1,238.85,14.928125,0,10.1
13887,75,Critical - Priority Outreach,203,1,349.55,18.39736842,0,6.8
12361,75,Critical - Priority Outreach,286,1,189.9,18.99,0,9.5
16529,75,Critical - Priority Outreach,189,1,455.25,15.175,0,6.3
13898,75,Critical - Priority Outreach,325,1,155.93,12.99416667,0,10.8
12573,75,Critical - Priority Outreach,226,1,160.54,5.733571429,0,7.5
16526,75,Critical - Priority Outreach,171,1,290.36,19.35733333,0,5.7
16517,75,Critical - Priority Outreach,276,1,162.7,9.570588235,0,9.2
16510,75,Critical - Priority Outreach,371,1,248.1,19.08461538,0,12.4
16494,75,Critical - Priority Outreach,296,1,826.53,16.5306,0,9.9
16483,75,Critical - Priority Outreach,191,1,139.35,7.334210526,0,6.4
13932,75,Critical - Priority Outreach,294,1,307.4,19.2125,0,9.8
16471,75,Critical - Priority Outreach,274,1,223.95,17.22692308,0,9.1
12574,75,Critical - Priority Outreach,315,1,218.45,19.85909091,0,10.5
13937,75,Critical - Priority Outreach,168,1,158.85,17.65,0,5.6
16461,75,Critical - Priority Outreach,177,1,142.92,4.46625,0,5.9
12580,75,Critical - Priority Outreach,246,1,415.7,17.32083333,0,8.2
18004,75,Critical - Priority Outreach,361,1,157.92,4.268108108,0,12
16448,75,Critical - Priority Outreach,197,1,182.99,9.631052632,0,6.6
16447,75,Critical - Priority Outreach,135,1,255.91,7.526764706,0,4.5
16425,75,Critical - Priority Outreach,301,1,302.7,14.41428571,0,10
16400,75,Critical - Priority Outreach,94,1,303.93,10.48034483,0,3.1
13990,75,Critical - Priority Outreach,212,1,311.3,19.45625,0,7.1
16392,75,Critical - Priority Outreach,269,1,217.89,5.067209302,0,9
16351,75,Critical - Priority Outreach,332,1,153.9,19.2375,0,11.1
12591,75,Critical - Priority Outreach,316,1,452.85,17.41730769,0,10.5
16349,75,Critical - Priority Outreach,290,1,53.5,5.944444444,0,9.7
16340,75,Critical - Priority Outreach,106,1,534.31,3.789432624,0,3.5
14022,75,Critical - Priority Outreach,224,1,440,15.71428571,0,7.5
16339,75,Critical - Priority Outreach,283,1,94.05,5.225,0,9.4
16338,75,Critical - Priority Outreach,156,1,214.8,19.52727273,0,5.2
14036,75,Critical - Priority Outreach,284,1,626.65,16.49078947,0,9.5
17987,75,Critical - Priority Outreach,184,1,198.57,15.27461538,0,6.1
14041,75,Critical - Priority Outreach,265,1,141.41,6.733809524,0,8.8
16315,75,Critical - Priority Outreach,330,1,226.37,16.16928571,0,11
14046,75,Critical - Priority Outreach,283,1,154.99,11.07071429,0,9.4
16305,75,Critical - Priority Outreach,138,1,361.22,16.41909091,0,4.6
16287,75,Critical - Priority Outreach,169,1,142.5,17.8125,0,5.6
16282,75,Critical - Priority Outreach,339,1,168.3,15.3,0,11.3
14068,75,Critical - Priority Outreach,319,1,265.85,11.07708333,0,10.6
14076,75,Critical - Priority Outreach,128,1,118.67,2.697045455,0,4.3
18281,75,Critical - Priority Outreach,180,1,80.82,11.54571429,0,6
16275,75,Critical - Priority Outreach,196,1,559.87,16.96575758,0,6.5
14082,75,Critical - Priority Outreach,364,1,182.25,6.284482759,0,12.1
16274,75,Critical - Priority Outreach,372,1,351.75,5.411538462,0,12.4
16272,75,Critical - Priority Outreach,116,1,411.7,16.468,0,3.9
14100,75,Critical - Priority Outreach,137,1,191.95,7.678,0,4.6
17984,75,Critical - Priority Outreach,144,1,152.68,3.180833333,0,4.8
16247,75,Critical - Priority Outreach,169,1,114.56,7.16,0,5.6
16222,75,Critical - Priority Outreach,317,1,773.55,6.34057377,0,10.6
14130,75,Critical - Priority Outreach,318,1,480.91,7.286515152,0,10.6
14142,75,Critical - Priority Outreach,372,1,311.81,14.17318182,0,12.4
14143,75,Critical - Priority Outreach,133,1,115.8,16.54285714,0,4.4
16193,75,Critical - Priority Outreach,236,1,314.45,16.55,0,7.9
14155,75,Critical - Priority Outreach,265,1,118.75,19.79166667,0,8.8
16162,75,Critical - Priority Outreach,251,1,37.4,18.7,0,8.4
17976,75,Critical - Priority Outreach,371,1,321.79,5.645438596,0,12.4
14165,75,Critical - Priority Outreach,275,1,120.44,5.018333333,0,9.2
14171,75,Critical - Priority Outreach,97,1,363.79,6.272241379,0,3.2
17972,75,Critical - Priority Outreach,241,1,135.19,4.506333333,0,8
16147,75,Critical - Priority Outreach,133,1,375,17.04545455,0,4.4
16142,75,Critical - Priority Outreach,249,1,535.34,14.46864865,0,8.3
17970,75,Critical - Priority Outreach,210,1,562.79,19.40655172,0,7
14208,75,Critical - Priority Outreach,94,1,151.74,15.174,0,3.1
16117,75,Critical - Priority Outreach,189,1,232.21,7.740333333,0,6.3
16114,75,Critical - Priority Outreach,170,1,135.75,16.96875,0,5.7
16113,75,Critical - Priority Outreach,182,1,161.38,5.379333333,0,6.1
14222,75,Critical - Priority Outreach,176,1,683.17,16.66268293,0,5.9
17968,75,Critical - Priority Outreach,373,1,265.1,3.272839506,0,12.4
12614,75,Critical - Priority Outreach,277,1,315.6,15.78,0,9.2
16097,75,Critical - Priority Outreach,239,1,185.05,18.505,0,8
14237,75,Critical - Priority Outreach,372,1,161,17.88888889,0,12.4
14238,75,Critical - Priority Outreach,325,1,146.85,18.35625,0,10.8
17967,75,Critical - Priority Outreach,371,1,112.27,2.673095238,0,12.4
16093,75,Critical - Priority Outreach,106,1,17,17,0,3.5
17962,75,Critical - Priority Outreach,141,1,102.41,3.012058824,0,4.7
14247,75,Critical - Priority Outreach,277,1,136.77,6.8385,0,9.2
12622,75,Critical - Priority Outreach,231,1,180.1,16.37272727,0,7.7
12623,75,Critical - Priority Outreach,275,1,305.1,16.95,0,9.2
18280,75,Critical - Priority Outreach,277,1,180.6,18.06,0,9.2
14270,75,Critical - Priority Outreach,331,1,492.65,16.98793103,0,11
14271,75,Critical - Priority Outreach,225,1,112.32,11.232,0,7.5
16084,75,Critical - Priority Outreach,298,1,436.18,11.47842105,0,9.9
14280,75,Critical - Priority Outreach,196,1,134.04,16.755,0,6.5
16065,75,Critical - Priority Outreach,364,1,367.14,5.029315068,0,12.1
16063,75,Critical - Priority Outreach,259,1,335.32,14.57913043,0,8.6
14314,75,Critical - Priority Outreach,106,1,120,15,0,3.5
16055,75,Critical - Priority Outreach,220,1,134.8,16.85,0,7.3
16054,75,Critical - Priority Outreach,144,1,783.9,11.19857143,0,4.8
17960,75,Critical - Priority Outreach,170,1,73.78,2.837692308,0,5.7
16050,75,Critical - Priority Outreach,173,1,137.9,13.79,0,5.8
16030,75,Critical - Priority Outreach,309,1,331.24,11.42206897,0,10.3
16022,75,Critical - Priority Outreach,259,1,602.63,8.487746479,0,8.6
14353,75,Critical - Priority Outreach,214,1,90.6,15.1,0,7.1
14355,75,Critical - Priority Outreach,365,1,174.4,15.85454545,0,12.2
16006,75,Critical - Priority Outreach,210,1,101.4,12.675,0,7
14368,75,Critical - Priority Outreach,319,1,155,19.375,0,10.6
14373,75,Critical - Priority Outreach,357,1,76.55,19.1375,0,11.9
14375,75,Critical - Priority Outreach,184,1,235.56,3.569090909,0,6.1
15925,75,Critical - Priority Outreach,193,1,207.15,17.2625,0,6.4
15923,75,Critical - Priority Outreach,372,1,127.08,6.051428571,0,12.4
15921,75,Critical - Priority Outreach,172,1,323.03,13.45958333,0,5.7
15917,75,Critical - Priority Outreach,247,1,123.1,10.25833333,0,8.2
14393,75,Critical - Priority Outreach,217,1,67.95,13.59,0,7.2
15899,75,Critical - Priority Outreach,368,1,56.25,14.0625,0,12.3
15895,75,Critical - Priority Outreach,149,1,179.17,16.28818182,0,5
14406,75,Critical - Priority Outreach,118,1,156.75,19.59375,0,3.9
15891,75,Critical - Priority Outreach,226,1,511.68,8.528,0,7.5
14413,75,Critical - Priority Outreach,361,1,121.05,5.502272727,0,12
15866,75,Critical - Priority Outreach,100,1,211.89,4.927674419,0,3.3
14436,75,Critical - Priority Outreach,98,1,89.06,9.895555556,0,3.3
12641,75,Critical - Priority Outreach,114,1,185.9,18.59,0,3.8
14438,75,Critical - Priority Outreach,305,1,131.9,14.65555556,0,10.2
15843,75,Critical - Priority Outreach,303,1,118.95,14.86875,0,10.1
17956,75,Critical - Priority Outreach,248,1,12.75,12.75,0,8.3
14453,75,Critical - Priority Outreach,189,1,119.93,5.451363636,0,6.3
15832,75,Critical - Priority Outreach,253,1,836.79,15.49611111,0,8.4
12644,75,Critical - Priority Outreach,129,1,477.91,15.41645161,0,4.3
15820,75,Critical - Priority Outreach,319,1,206.98,12.17529412,0,10.6
12648,75,Critical - Priority Outreach,154,1,318.05,15.1452381,0,5.1
14476,75,Critical - Priority Outreach,256,1,193,11.35294118,0,8.5
15795,75,Critical - Priority Outreach,149,1,610.01,14.52404762,0,5
12651,75,Critical - Priority Outreach,334,1,114,12.66666667,0,11.1
15789,75,Critical - Priority Outreach,357,1,351.3,14.052,0,11.9
14489,75,Critical - Priority Outreach,206,1,463.38,15.446,0,6.9
15776,75,Critical - Priority Outreach,132,1,241.62,13.42333333,0,4.4
15775,75,Critical - Priority Outreach,244,1,104.9,14.98571429,0,8.1
15733,75,Critical - Priority Outreach,282,1,162.3,16.23,0,9.4
15723,75,Critical - Priority Outreach,364,1,190.7,5.018421053,0,12.1
17939,75,Critical - Priority Outreach,159,1,99.14,8.261666667,0,5.3
14536,75,Critical - Priority Outreach,259,1,170.95,9.497222222,0,8.6
15683,75,Critical - Priority Outreach,116,1,193.75,19.375,0,3.9
15670,75,Critical - Priority Outreach,296,1,173.05,14.42083333,0,9.9
14549,75,Critical - Priority Outreach,310,1,289.24,5.165,0,10.3
14552,75,Critical - Priority Outreach,151,1,164.22,2.881052632,0,5
15663,75,Critical - Priority Outreach,105,1,138.14,15.34888889,0,3.5
15639,75,Critical - Priority Outreach,133,1,425.32,17.0128,0,4.4
17908,75,Critical - Priority Outreach,373,1,232.03,4.296851852,0,12.4
14589,75,Critical - Priority Outreach,371,1,39.75,13.25,0,12.4
14600,75,Critical - Priority Outreach,305,1,393.33,15.7332,0,10.2
15623,75,Critical - Priority Outreach,140,1,301.03,15.84368421,0,4.7
15607,75,Critical - Priority Outreach,336,1,104.76,8.058461538,0,11.2
17906,75,Critical - Priority Outreach,246,1,72.9,6.075,0,8.2
14622,75,Critical - Priority Outreach,184,1,320.58,15.26571429,0,6.1
14632,75,Critical - Priority Outreach,262,1,114.56,14.32,0,8.7
14633,75,Critical - Priority Outreach,265,1,344.9,17.245,0,8.8
15585,75,Critical - Priority Outreach,176,1,455.3,14.68709677,0,5.9
14647,75,Critical - Priority Outreach,200,1,236.04,8.43,0,6.7
15578,75,Critical - Priority Outreach,161,1,127.1,9.776923077,0,5.4
15554,75,Critical - Priority Outreach,277,1,217.2,15.51428571,0,9.2
15552,75,Critical - Priority Outreach,216,1,90.12,5.301176471,0,7.2
17899,75,Critical - Priority Outreach,158,1,154.55,4.985483871,0,5.3
12686,75,Critical - Priority Outreach,371,1,89.14,12.73428571,0,12.4
15543,75,Critical - Priority Outreach,287,1,127.86,4.566428571,0,9.6
15541,75,Critical - Priority Outreach,113,1,85.13,2.935517241,0,3.8
15537,75,Critical - Priority Outreach,162,1,110.92,4.621666667,0,5.4
14689,75,Critical - Priority Outreach,208,1,112.8,8.676923077,0,6.9
17789,75,Critical - Priority Outreach,280,1,225.9,16.13571429,0,9.3
18227,75,Critical - Priority Outreach,217,1,93.75,18.75,0,7.2
17775,75,Critical - Priority Outreach,254,1,56.4,18.8,0,8.5
12821,75,Critical - Priority Outreach,213,1,92.72,15.45333333,0,7.1
17763,75,Critical - Priority Outreach,262,1,15,15,0,8.7
17732,75,Critical - Priority Outreach,372,1,303.97,16.88722222,0,12.4
12833,75,Critical - Priority Outreach,144,1,417.38,17.39083333,0,4.8
12834,75,Critical - Priority Outreach,282,1,312.38,17.35444444,0,9.4
12837,75,Critical - Priority Outreach,172,1,134.1,11.175,0,5.7
18224,75,Critical - Priority Outreach,263,1,158.95,15.895,0,8.8
12851,75,Critical - Priority Outreach,96,1,131.81,2.804468085,0,3.2
17714,75,Critical - Priority Outreach,320,1,153,15.3,0,10.7
12855,75,Critical - Priority Outreach,372,1,38.1,12.7,0,12.4
17709,75,Critical - Priority Outreach,169,1,137.45,19.63571429,0,5.6
17701,75,Critical - Priority Outreach,252,1,417.95,17.41458333,0,8.4
17698,75,Critical - Priority Outreach,260,1,154.95,19.36875,0,8.7
17697,75,Critical - Priority Outreach,235,1,338.95,17.83947368,0,7.8
17694,75,Critical - Priority Outreach,141,1,283.12,18.87466667,0,4.7
17678,75,Critical - Priority Outreach,263,1,298.11,18.631875,0,8.8
17670,75,Critical - Priority Outreach,227,1,205.7,18.7,0,7.6
17660,75,Critical - Priority Outreach,140,1,178.75,4.703947368,0,4.7
17654,75,Critical - Priority Outreach,276,1,117.55,5.343181818,0,9.2
12902,75,Critical - Priority Outreach,264,1,138.68,13.868,0,8.8
17643,75,Critical - Priority Outreach,372,1,101.55,12.69375,0,12.4
17639,75,Critical - Priority Outreach,275,1,108.5,15.5,0,9.2
12922,75,Critical - Priority Outreach,160,1,405.38,14.47785714,0,5.3
17619,75,Critical - Priority Outreach,311,1,214.37,2.896891892,0,10.4
12401,75,Critical - Priority Outreach,302,1,84.3,16.86,0,10.1
17601,75,Critical - Priority Outreach,238,1,116.01,12.89,0,7.9
17582,75,Critical - Priority Outreach,235,1,175.27,6.043793103,0,7.8
12956,75,Critical - Priority Outreach,305,1,108.07,5.687894737,0,10.2
17569,75,Critical - Priority Outreach,331,1,344.14,11.86689655,0,11
12974,75,Critical - Priority Outreach,197,1,144.8,18.1,0,6.6
12977,75,Critical - Priority Outreach,155,1,39.24,4.36,0,5.2
12988,75,Critical - Priority Outreach,291,1,505.82,6.094216867,0,9.7
17551,75,Critical - Priority Outreach,358,1,290.34,7.444615385,0,11.9
18213,75,Critical - Priority Outreach,236,1,232.48,15.49866667,0,7.9
17048,65,High Risk - Send Offer,114,6,925.35,21.51976744,5,11
17504,65,High Risk - Send Offer,205,10,2997.03,23.59866142,13,10.7
12980,65,High Risk - Send Offer,155,12,7374.9,368.745,4,11.9
16124,65,High Risk - Send Offer,315,2,249,22.63636364,5,10.5
16217,65,High Risk - Send Offer,234,4,304.25,20.28333333,4,9.4
12585,65,High Risk - Send Offer,233,4,2040.1,23.44942529,10,11.7
12840,65,High Risk - Send Offer,143,6,2726.77,24.13070796,3,7.5
17722,65,High Risk - Send Offer,95,6,2424.04,21.0786087,5,12.2
14301,65,High Risk - Send Offer,107,2,640.14,49.24153846,3,3.9
14403,65,High Risk - Send Offer,129,5,1475.81,73.7905,6,8.2
15648,65,High Risk - Send Offer,203,4,639.5,26.64583333,3,8.9
13762,65,High Risk - Send Offer,203,2,306.72,43.81714286,7,7.3
17440,65,High Risk - Send Offer,147,5,186.42,37.284,3,8.2
15032,65,High Risk - Send Offer,255,5,4959.1,95.36730769,3,12.2
14407,65,High Risk - Send Offer,106,9,2157.73,29.55794521,3,9.2
13476,65,High Risk - Send Offer,178,4,1238.47,21.35293103,3,9.3
16801,65,High Risk - Send Offer,162,5,1594.23,21.2564,45,9.1
12625,65,High Risk - Send Offer,211,3,2683.82,31.2072093,5,10.6
13093,65,High Risk - Send Offer,266,13,7832.47,49.26081761,11,12.4
16180,65,High Risk - Send Offer,99,10,10254.18,63.29740741,14,8.4
13856,65,High Risk - Send Offer,168,5,388.5,27.75,3,6.7
17548,65,High Risk - Send Offer,217,3,103.3,20.66,12,12.4
13217,65,High Risk - Send Offer,121,5,533.98,133.495,3,5.2
18087,65,High Risk - Send Offer,97,4,4055.72,2027.86,5,10
13369,65,High Risk - Send Offer,353,2,308.28,22.02,5,12.2
15223,65,High Risk - Send Offer,225,3,755.75,37.7875,12,8.3
14513,65,High Risk - Send Offer,100,4,455.59,37.96583333,6,9.6
18142,65,High Risk - Send Offer,150,4,1019.52,67.968,3,7.2
17230,65,High Risk - Send Offer,263,11,3638.41,52.73057971,4,12
14304,65,High Risk - Send Offer,222,2,383.45,22.55588235,10,10
15221,65,High Risk - Send Offer,365,2,403.25,80.65,6,12.3
13802,65,High Risk - Send Offer,137,6,4599.42,76.657,6,12
13672,65,High Risk - Send Offer,300,6,186.39,31.065,10,11.1
15643,65,High Risk - Send Offer,178,6,664,20.12121212,3,9.4
18218,65,High Risk - Send Offer,205,4,641.92,32.096,3,9.4
14339,65,High Risk - Send Offer,234,4,309.52,22.10857143,4,8.1
15658,65,High Risk - Send Offer,189,8,1024.1,21.33541667,8,12.4
15749,65,High Risk - Send Offer,234,4,44534.3,4453.43,5,11
14643,65,High Risk - Send Offer,169,3,693.81,22.38096774,3,11.9
16398,65,High Risk - Send Offer,144,4,1705.8,20.80243902,4,8.4
13693,65,High Risk - Send Offer,324,2,0,NULL,4,10.8
12853,65,High Risk - Send Offer,107,9,1957.1,25.09102564,6,10.5
17204,65,High Risk - Send Offer,168,9,1564.56,27.44842105,10,11.8
15100,65,High Risk - Send Offer,329,6,876,292,3,12.4
16858,65,High Risk - Send Offer,365,2,375.69,37.569,3,12.3
16546,65,High Risk - Send Offer,290,3,787.15,31.486,6,12.4
13162,65,High Risk - Send Offer,121,5,1688.29,21.37075949,3,11.1
16739,65,High Risk - Send Offer,171,2,323,24.84615385,3,5.9
18073,65,High Risk - Send Offer,113,13,3859.82,53.60861111,3,6.5
15625,65,High Risk - Send Offer,99,8,1534.26,23.9728125,4,7.8
14267,65,High Risk - Send Offer,150,7,1516.24,27.568,11,8.7
14431,65,High Risk - Send Offer,298,2,470.36,27.66823529,4,10.1
13338,65,High Risk - Send Offer,153,3,487.02,25.63263158,5,5.2
17820,65,High Risk - Send Offer,190,2,0,NULL,5,11.9
12770,60,High Risk - Send Offer,210,1,1351.45,112.6208333,0,7
14847,60,High Risk - Send Offer,148,1,309.4,23.8,0,4.9
15638,60,High Risk - Send Offer,300,1,0,NULL,2,10
12405,60,High Risk - Send Offer,148,1,1710.39,31.67388889,0,4.9
15389,60,High Risk - Send Offer,171,1,500,500,0,5.7
13829,60,High Risk - Send Offer,358,1,0,NULL,1,11.9
17547,60,High Risk - Send Offer,371,1,0,NULL,2,12.4
12769,60,High Risk - Send Offer,238,1,1143.6,35.7375,0,7.9
14795,60,High Risk - Send Offer,165,1,131.45,21.90833333,0,5.5
17948,60,High Risk - Send Offer,146,1,358.56,358.56,0,4.9
13841,60,High Risk - Send Offer,252,1,85,85,0,8.4
17536,60,High Risk - Send Offer,176,1,76.5,25.5,0,5.9
14248,60,High Risk - Send Offer,317,1,302.58,37.8225,0,10.6
17525,60,High Risk - Send Offer,359,1,422.7,46.96666667,0,12
15510,60,High Risk - Send Offer,330,1,250,250,0,11
16586,60,High Risk - Send Offer,248,1,463.95,57.99375,0,8.3
17524,60,High Risk - Send Offer,360,1,145,24.16666667,0,12
14259,60,High Risk - Send Offer,141,1,120,24,0,4.7
16582,60,High Risk - Send Offer,112,1,313.62,52.27,0,3.7
17941,60,High Risk - Send Offer,130,1,304.56,152.28,0,4.3
16579,60,High Risk - Send Offer,364,1,0,NULL,1,12.1
13059,60,High Risk - Send Offer,249,1,183.4,22.925,0,8.3
13060,60,High Risk - Send Offer,253,1,307.53,20.502,0,8.4
13062,60,High Risk - Send Offer,190,1,346.98,31.54363636,0,6.3
13070,60,High Risk - Send Offer,191,1,228.8,25.42222222,0,6.4
13072,60,High Risk - Send Offer,266,1,177.15,25.30714286,0,8.9
13075,60,High Risk - Send Offer,129,1,919.61,41.80045455,0,4.3
14679,60,High Risk - Send Offer,371,1,0,NULL,1,12.4
13874,60,High Risk - Send Offer,357,1,540.45,30.025,0,11.9
12764,60,High Risk - Send Offer,316,1,1693.88,37.64177778,0,10.5
17496,60,High Risk - Send Offer,358,1,271.05,27.105,0,11.9
17492,60,High Risk - Send Offer,247,1,374.57,31.21416667,0,8.2
16565,60,High Risk - Send Offer,363,1,173.7,57.9,0,12.1
13099,60,High Risk - Send Offer,98,1,207.36,207.36,0,3.3
15313,60,High Risk - Send Offer,109,1,52,52,0,3.6
17464,60,High Risk - Send Offer,157,1,289.96,32.21777778,0,5.2
13108,60,High Risk - Send Offer,372,1,350.06,35.006,0,12.4
12564,60,High Risk - Send Offer,260,1,456.9,21.75714286,0,8.7
14603,60,High Risk - Send Offer,274,1,660,330,0,9.1
17448,60,High Risk - Send Offer,144,1,0,NULL,1,4.8
13120,60,High Risk - Send Offer,238,1,30.6,30.6,0,7.9
15160,60,High Risk - Send Offer,356,1,158.16,39.54,0,11.9
14705,60,High Risk - Send Offer,198,1,179,179,0,6.6
17443,60,High Risk - Send Offer,219,1,534.24,534.24,0,7.3
13130,60,High Risk - Send Offer,93,1,64,32,0,3.1
13132,60,High Risk - Send Offer,261,1,77.3,25.76666667,0,8.7
18191,60,High Risk - Send Offer,261,1,207.8,29.68571429,0,8.7
13135,60,High Risk - Send Offer,196,1,3096,3096,0,6.5
13889,60,High Risk - Send Offer,92,1,416.9,27.79333333,0,3.1
16545,60,High Risk - Send Offer,164,1,339.3,113.1,0,5.5
13144,60,High Risk - Send Offer,332,1,110.95,36.98333333,0,11.1
15149,60,High Risk - Send Offer,133,1,520.8,22.64347826,0,4.4
13893,60,High Risk - Send Offer,297,1,821.1,39.1,0,9.9
16078,60,High Risk - Send Offer,283,1,79.2,79.2,0,9.4
13154,60,High Risk - Send Offer,143,1,0,NULL,1,4.8
12436,60,High Risk - Send Offer,99,1,509.01,31.813125,0,3.3
15562,60,High Risk - Send Offer,351,1,134.55,134.55,0,11.7
16072,60,High Risk - Send Offer,287,1,584.32,25.40521739,0,9.6
15204,60,High Risk - Send Offer,356,1,316.58,35.17555556,0,11.9
17394,60,High Risk - Send Offer,218,1,203.87,50.9675,0,7.3
12688,60,High Risk - Send Offer,113,1,4873.81,28.50181287,0,3.8
15753,60,High Risk - Send Offer,304,1,79.2,79.2,0,10.1
13185,60,High Risk - Send Offer,267,1,71.4,71.4,0,8.9
13922,60,High Risk - Send Offer,351,1,172.25,24.60714286,0,11.7
15118,60,High Risk - Send Offer,133,1,244.8,244.8,0,4.4
16509,60,High Risk - Send Offer,296,1,363.7,27.97692308,0,9.9
13194,60,High Risk - Send Offer,135,1,60.7,20.23333333,0,4.5
15219,60,High Risk - Send Offer,175,1,305.75,33.97222222,0,5.8
17331,60,High Risk - Send Offer,123,1,175.2,175.2,0,4.1
15316,60,High Risk - Send Offer,326,1,165,165,0,10.9
13216,60,High Risk - Send Offer,267,1,333.74,66.748,0,8.9
16061,60,High Risk - Send Offer,268,1,0,NULL,1,8.9
15396,60,High Risk - Send Offer,112,1,288.18,20.58428571,0,3.7
13227,60,High Risk - Send Offer,201,1,257.7,28.63333333,0,6.7
13934,60,High Risk - Send Offer,263,1,922.1,29.74516129,0,8.8
14886,60,High Risk - Send Offer,252,1,364.8,20.26666667,0,8.4
14885,60,High Risk - Send Offer,131,1,765.32,51.02133333,0,4.4
14821,60,High Risk - Send Offer,366,1,48.8,24.4,0,12.2
16457,60,High Risk - Send Offer,217,1,208.36,23.15111111,0,7.2
13948,60,High Risk - Send Offer,360,1,102,34,0,12
17307,60,High Risk - Send Offer,364,1,0,NULL,1,12.1
14327,60,High Risk - Send Offer,162,1,311.65,25.97083333,0,5.4
17291,60,High Risk - Send Offer,307,1,550.8,550.8,0,10.2
16450,60,High Risk - Send Offer,149,1,311.92,28.35636364,0,5
12736,60,High Risk - Send Offer,332,1,234,58.5,0,11.1
14782,60,High Risk - Send Offer,319,1,200.1,33.35,0,10.6
12373,60,High Risk - Send Offer,310,1,364.6,26.04285714,0,10.3
17995,60,High Risk - Send Offer,281,1,76.1,38.05,0,9.4
13270,60,High Risk - Send Offer,365,1,590,590,0,12.2
13967,60,High Risk - Send Offer,145,1,80.7,40.35,0,4.8
14870,60,High Risk - Send Offer,261,1,327.25,25.17307692,0,8.7
18165,60,High Risk - Send Offer,176,1,302.46,30.246,0,5.9
18159,60,High Risk - Send Offer,300,1,530.15,23.05,0,10
13973,60,High Risk - Send Offer,286,1,264.7,24.06363636,0,9.5
16429,60,High Risk - Send Offer,105,1,284.55,142.275,0,3.5
13299,60,High Risk - Send Offer,267,1,142.5,28.5,0,8.9
18141,60,High Risk - Send Offer,360,1,0,NULL,1,12
13976,60,High Risk - Send Offer,206,1,357.98,35.798,0,6.9
13302,60,High Risk - Send Offer,154,1,63.75,63.75,0,5.1
15333,60,High Risk - Send Offer,207,1,1028.56,64.285,0,6.9
14340,60,High Risk - Send Offer,218,1,134.7,22.45,0,7.3
17212,60,High Risk - Send Offer,252,1,226.85,56.7125,0,8.4
17187,60,High Risk - Send Offer,226,1,203.95,20.395,0,7.5
13328,60,High Risk - Send Offer,315,1,1308.48,76.96941176,0,10.5
17176,60,High Risk - Send Offer,201,1,306.13,20.40866667,0,6.7
15480,60,High Risk - Send Offer,115,1,905.5,20.12222222,0,3.8
15717,60,High Risk - Send Offer,233,1,150.3,21.47142857,0,7.8
16387,60,High Risk - Send Offer,322,1,94.36,23.59,0,10.7
16377,60,High Risk - Send Offer,266,1,676.2,135.24,0,8.9
15222,60,High Risk - Send Offer,318,1,585,117,0,10.6
17958,60,High Risk - Send Offer,116,1,508.46,72.63714286,0,3.9
17142,60,High Risk - Send Offer,238,1,579,38.6,0,7.9
17140,60,High Risk - Send Offer,246,1,454.12,25.22888889,0,8.2
15347,60,High Risk - Send Offer,365,1,201.6,40.32,0,12.2
13355,60,High Risk - Send Offer,121,1,674.7,21.084375,0,4
14012,60,High Risk - Send Offer,277,1,328.8,29.89090909,0,9.2
14348,60,High Risk - Send Offer,259,1,409.57,22.75388889,0,8.6
14687,60,High Risk - Send Offer,106,1,628.38,41.892,0,3.5
16344,60,High Risk - Send Offer,157,1,101.1,50.55,0,5.2
17123,60,High Risk - Send Offer,161,1,345.3,38.36666667,0,5.4
15405,60,High Risk - Send Offer,188,1,349.1,43.6375,0,6.3
14351,60,High Risk - Send Offer,164,1,51,51,0,5.5
15709,60,High Risk - Send Offer,283,1,133.25,22.20833333,0,9.4
16323,60,High Risk - Send Offer,195,1,207.5,207.5,0,6.5
14523,60,High Risk - Send Offer,107,1,241.09,20.09083333,0,3.6
15705,60,High Risk - Send Offer,200,1,143.1,23.85,0,6.7
13391,60,High Risk - Send Offer,203,1,59.8,59.8,0,6.8
16319,60,High Risk - Send Offer,217,1,404.4,134.8,0,7.2
15970,60,High Risk - Send Offer,303,1,314.1,28.55454545,0,10.1
15945,60,High Risk - Send Offer,364,1,181,90.5,0,12.1
15944,60,High Risk - Send Offer,276,1,325.1,54.18333333,0,9.2
12734,60,High Risk - Send Offer,352,1,110.4,27.6,0,11.7
14962,60,High Risk - Send Offer,270,1,126.7,25.34,0,9
17102,60,High Risk - Send Offer,261,1,25.5,25.5,0,8.7
15942,60,High Risk - Send Offer,133,1,337.44,24.10285714,0,4.4
15350,60,High Risk - Send Offer,372,1,115.65,23.13,0,12.4
17065,60,High Risk - Send Offer,142,1,0,NULL,1,4.7
17060,60,High Risk - Send Offer,265,1,234.24,46.848,0,8.8
15703,60,High Risk - Send Offer,264,1,211.5,42.3,0,8.8
14055,60,High Risk - Send Offer,105,1,725.64,72.564,0,3.5
13441,60,High Risk - Send Offer,91,1,296.64,22.81846154,0,3
17046,60,High Risk - Send Offer,156,1,642.02,29.18272727,0,5.2
17040,60,High Risk - Send Offer,137,1,449.73,29.982,0,4.6
15087,60,High Risk - Send Offer,281,1,306.94,20.46266667,0,9.4
16995,60,High Risk - Send Offer,371,1,0,NULL,1,12.4
12489,60,High Risk - Send Offer,335,1,334.93,22.32866667,0,11.2
16990,60,High Risk - Send Offer,218,1,179,179,0,7.3
18113,60,High Risk - Send Offer,368,1,76.32,76.32,0,12.3
16976,60,High Risk - Send Offer,266,1,251.52,125.76,0,8.9
12355,60,High Risk - Send Offer,213,1,459.4,35.33846154,0,7.1
14371,60,High Risk - Send Offer,294,1,100.5,25.125,0,9.8
14059,60,High Risk - Send Offer,266,1,183.6,22.95,0,8.9
14066,60,High Risk - Send Offer,266,1,152.55,21.79285714,0,8.9
17925,60,High Risk - Send Offer,372,1,244.08,244.08,0,12.4
16276,60,High Risk - Send Offer,176,1,810.6,135.1,0,5.9
14816,60,High Risk - Send Offer,196,1,271.85,67.9625,0,6.5
13484,60,High Risk - Send Offer,240,1,313.8,39.225,0,8
15691,60,High Risk - Send Offer,251,1,136.8,68.4,0,8.4
14079,60,High Risk - Send Offer,124,1,375.1,31.25833333,0,4.1
15488,60,High Risk - Send Offer,92,1,91.32,45.66,0,3.1
15361,60,High Risk - Send Offer,361,1,418.92,59.84571429,0,12
14542,60,High Risk - Send Offer,185,1,103.25,20.65,0,6.2
17862,60,High Risk - Send Offer,323,1,330.9,30.08181818,0,10.8
16917,60,High Risk - Send Offer,276,1,391.52,43.50222222,0,9.2
14386,60,High Risk - Send Offer,296,1,142.4,20.34285714,0,9.9
16902,60,High Risk - Send Offer,115,1,1706.88,38.79272727,0,3.8
15236,60,High Risk - Send Offer,298,1,321.05,21.40333333,0,9.9
14090,60,High Risk - Send Offer,324,1,76.32,76.32,0,10.8
14727,60,High Risk - Send Offer,273,1,268.58,26.858,0,9.1
13513,60,High Risk - Send Offer,126,1,205.1,20.51,0,4.2
15247,60,High Risk - Send Offer,121,1,356,59.33333333,0,4
16270,60,High Risk - Send Offer,352,1,1141.24,21.13407407,0,11.7
15070,60,High Risk - Send Offer,372,1,106.2,106.2,0,12.4
15369,60,High Risk - Send Offer,143,1,0,NULL,1,4.8
12503,60,High Risk - Send Offer,337,1,0,NULL,1,11.2
13551,60,High Risk - Send Offer,318,1,91.8,22.95,0,10.6
16257,60,High Risk - Send Offer,176,1,46.95,23.475,0,5.9
15909,60,High Risk - Send Offer,173,1,191.94,27.42,0,5.8
14935,60,High Risk - Send Offer,296,1,1784.71,178.471,0,9.9
14693,60,High Risk - Send Offer,264,1,172.9,21.6125,0,8.8
12672,60,High Risk - Send Offer,329,1,225.9,22.59,0,11
13572,60,High Risk - Send Offer,205,1,1384.25,41.9469697,0,6.8
15590,60,High Risk - Send Offer,288,1,0,NULL,1,9.6
14117,60,High Risk - Send Offer,143,1,90,30,0,4.8
14119,60,High Risk - Send Offer,353,1,0,NULL,1,11.8
12505,60,High Risk - Send Offer,300,1,0,NULL,1,10
17978,60,High Risk - Send Offer,364,1,300.92,25.07666667,0,12.1
16216,60,High Risk - Send Offer,266,1,914.93,24.72783784,0,8.9
16202,60,High Risk - Send Offer,360,1,365.27,20.29277778,0,12
16812,60,High Risk - Send Offer,360,1,479.35,31.95666667,0,12
15668,60,High Risk - Send Offer,217,1,76.32,76.32,0,7.2
12690,60,High Risk - Send Offer,205,1,389.01,24.313125,0,6.8
14148,60,High Risk - Send Offer,233,1,157.2,52.4,0,7.8
14932,60,High Risk - Send Offer,365,1,363.53,21.38411765,0,12.2
16765,60,High Risk - Send Offer,293,1,34,34,0,9.8
14411,60,High Risk - Send Offer,310,1,1063,75.92857143,0,10.3
13645,60,High Risk - Send Offer,119,1,252.1,50.42,0,4
12509,60,High Risk - Send Offer,283,1,176.5,25.21428571,0,9.4
16178,60,High Risk - Send Offer,137,1,197.9,24.7375,0,4.6
15063,60,High Risk - Send Offer,212,1,370.8,74.16,0,7.1
16761,60,High Risk - Send Offer,96,1,316.62,24.35538462,0,3.2
14566,60,High Risk - Send Offer,110,1,1432,358,0,3.7
12639,60,High Risk - Send Offer,238,1,486.1,22.09545455,0,7.9
14924,60,High Risk - Send Offer,245,1,310.05,31.005,0,8.2
17879,60,High Risk - Send Offer,173,1,178.52,29.75333333,0,5.8
14423,60,High Risk - Send Offer,217,1,265.2,88.4,0,7.2
16159,60,High Risk - Send Offer,281,1,348.2,24.87142857,0,9.4
15049,60,High Risk - Send Offer,273,1,121.17,40.39,0,9.1
12515,60,High Risk - Send Offer,352,1,383.7,23.98125,0,11.7
16152,60,High Risk - Send Offer,268,1,1829.04,63.07034483,0,8.9
16754,60,High Risk - Send Offer,371,1,2002.4,1001.2,0,12.4
16752,60,High Risk - Send Offer,372,1,207.5,23.05555556,0,12.4
13699,60,High Risk - Send Offer,154,1,308.58,22.04142857,0,5.1
13703,60,High Risk - Send Offer,317,1,99.5,99.5,0,10.6
16148,60,High Risk - Send Offer,295,1,76.32,76.32,0,9.8
18074,60,High Risk - Send Offer,373,1,489.6,37.66153846,0,12.4
14185,60,High Risk - Send Offer,330,1,197.65,65.88333333,0,11
13712,60,High Risk - Send Offer,246,1,228.84,22.884,0,8.2
15042,60,High Risk - Send Offer,198,1,135.93,27.186,0,6.6
16144,60,High Risk - Send Offer,246,1,175.2,175.2,0,8.2
17923,60,High Risk - Send Offer,281,1,207.5,207.5,0,9.4
12814,60,High Risk - Send Offer,101,1,125.92,62.96,0,3.4
16138,60,High Risk - Send Offer,367,1,0,NULL,1,12.2
14196,60,High Risk - Send Offer,106,1,335.52,55.92,0,3.5
12817,60,High Risk - Send Offer,280,1,166.04,41.51,0,9.3
13723,60,High Risk - Send Offer,216,1,199.85,33.30833333,0,7.2
16135,60,High Risk - Send Offer,262,1,517.55,24.6452381,0,8.7
17752,60,High Risk - Send Offer,358,1,80.64,80.64,0,11.9
18068,60,High Risk - Send Offer,288,1,101.7,101.7,0,9.6
12831,60,High Risk - Send Offer,261,1,215.05,23.89444444,0,8.7
14199,60,High Risk - Send Offer,217,1,185.4,92.7,0,7.2
16679,60,High Risk - Send Offer,365,1,129.75,43.25,0,12.2
16125,60,High Risk - Send Offer,366,1,289.35,22.25769231,0,12.2
17718,60,High Risk - Send Offer,231,1,139.35,23.225,0,7.7
17715,60,High Risk - Send Offer,200,1,326.4,326.4,0,6.7
15442,60,High Risk - Send Offer,248,1,594,297,0,8.3
18233,60,High Risk - Send Offer,325,1,440,440,0,10.8
15445,60,High Risk - Send Offer,263,1,113.5,22.7,0,8.8
15372,60,High Risk - Send Offer,136,1,2007.4,74.34814815,0,4.5
13747,60,High Risk - Send Offer,373,1,79.6,79.6,0,12.4
14439,60,High Risk - Send Offer,319,1,2661.24,83.16375,0,10.6
12864,60,High Risk - Send Offer,137,1,147.12,49.04,0,4.6
12866,60,High Risk - Send Offer,282,1,559.12,21.50461538,0,9.4
13751,60,High Risk - Send Offer,287,1,296.25,32.91666667,0,9.6
18222,60,High Risk - Send Offer,92,1,443,23.31578947,0,3.1
12870,60,High Risk - Send Offer,365,1,0,NULL,2,12.2
12873,60,High Risk - Send Offer,281,1,374,93.5,0,9.4
14576,60,High Risk - Send Offer,371,1,35.4,35.4,0,12.4
12881,60,High Risk - Send Offer,275,1,298,42.57142857,0,9.2
13753,60,High Risk - Send Offer,287,1,741.26,21.17885714,0,9.6
16105,60,High Risk - Send Offer,248,1,336.96,25.92,0,8.3
17829,60,High Risk - Send Offer,298,1,889.24,29.64133333,0,9.9
12353,60,High Risk - Send Offer,203,1,89,22.25,0,6.8
13786,60,High Risk - Send Offer,366,1,230.4,32.91428571,0,12.2
12917,60,High Risk - Send Offer,127,1,594,297,0,4.2
14457,60,High Risk - Send Offer,310,1,113.64,28.41,0,10.3
14459,60,High Risk - Send Offer,154,1,1837.92,49.67351351,0,5.1
15374,60,High Risk - Send Offer,128,1,168,56,0,4.3
16096,60,High Risk - Send Offer,263,1,320.62,26.71833333,0,8.8
17597,60,High Risk - Send Offer,213,1,2044.37,37.17036364,0,7.1
12402,60,High Risk - Send Offer,322,1,225.6,20.50909091,0,10.7
12943,60,High Risk - Send Offer,300,1,0,NULL,1,10
12945,60,High Risk - Send Offer,287,1,462.95,20.12826087,0,9.6
12791,60,High Risk - Send Offer,373,1,192.6,96.3,0,12.4
15825,60,High Risk - Send Offer,171,1,532.94,26.647,0,5.7
17574,60,High Risk - Send Offer,242,1,185.65,23.20625,0,8.1
12666,60,High Risk - Send Offer,358,1,0,NULL,2,11.9
14241,60,High Risk - Send Offer,183,1,213.7,21.37,0,6.1
17556,60,High Risk - Send Offer,205,1,157.9,26.31666667,0,6.8
17553,60,High Risk - Send Offer,129,1,1487.6,743.8,0,4.3
12968,60,High Risk - Send Offer,111,1,135.95,27.19,0,3.7
16623,60,High Risk - Send Offer,245,1,129.45,25.89,0,8.2
12976,60,High Risk - Send Offer,211,1,738.6,33.57272727,0,7
16617,60,High Risk - Send Offer,235,1,151.85,30.37,0,7.8
16034,55,High Risk - Send Offer,195,3,437.7,19.89545455,0,11.1
12383,55,High Risk - Send Offer,184,6,1850.56,18.69252525,1,11.7
12399,55,High Risk - Send Offer,118,4,1108.65,18.79067797,0,8.7
12468,55,High Risk - Send Offer,142,3,729.54,19.19842105,2,10.5
12493,55,High Risk - Send Offer,165,3,433.74,19.71545455,1,6.5
12565,55,High Risk - Send Offer,281,2,145.92,16.21333333,1,9.6
12593,55,High Risk - Send Offer,108,3,418.1,19.90952381,0,7.3
12624,55,High Risk - Send Offer,105,2,641.13,16.87184211,0,5.9
12710,55,High Risk - Send Offer,96,4,1149.02,14.92233766,2,6.7
12717,55,High Risk - Send Offer,150,3,1030.98,18.74509091,1,8.2
12735,55,High Risk - Send Offer,314,2,779.57,18.12953488,0,11.2
12743,55,High Risk - Send Offer,133,2,540.13,4.123129771,0,4.4
12802,55,High Risk - Send Offer,183,2,427.58,17.1032,1,6.2
12809,55,High Risk - Send Offer,167,2,489.31,19.5724,1,5.9
12811,55,High Risk - Send Offer,260,3,514.85,16.60806452,0,9.4
12816,55,High Risk - Send Offer,95,2,572.2,19.73103448,0,5.8
12845,55,High Risk - Send Offer,266,4,354.09,13.11444444,0,9.6
12868,55,High Risk - Send Offer,185,6,1607.06,15.01925234,0,12.4
12872,55,High Risk - Send Offer,326,2,599.97,9.090454545,0,12.1
12915,55,High Risk - Send Offer,148,2,363.65,16.52954545,0,12.4
12929,55,High Risk - Send Offer,121,2,117.85,14.73125,1,10.4
12942,55,High Risk - Send Offer,130,3,675.6,9.651428571,0,12.2
12999,55,High Risk - Send Offer,195,3,455.88,16.28142857,0,8.2
13000,55,High Risk - Send Offer,106,3,534.85,17.25322581,0,12.1
13008,55,High Risk - Send Offer,322,2,229.47,16.39071429,1,12
13037,55,High Risk - Send Offer,137,3,881.07,18.355625,0,8.5
13116,55,High Risk - Send Offer,116,2,501.14,16.70466667,1,4.6
13122,55,High Risk - Send Offer,93,2,922.39,16.77072727,0,8
13133,55,High Risk - Send Offer,273,2,109.8,15.68571429,0,10.1
13140,55,High Risk - Send Offer,107,3,422.47,9.388222222,0,12.2
13151,55,High Risk - Send Offer,202,2,1257.87,16.99824324,1,9.8
13158,55,High Risk - Send Offer,94,4,1201.06,15.20329114,0,10.6
13166,55,High Risk - Send Offer,281,2,417.2,10.17560976,1,9.4
13192,55,High Risk - Send Offer,94,2,911.94,14.4752381,0,6.8
13221,55,High Risk - Send Offer,239,2,847.41,12.83954545,0,11.9
13235,55,High Risk - Send Offer,211,2,1031.07,17.77706897,1,7
13240,55,High Risk - Send Offer,95,4,663.65,9.905223881,0,12.2
13248,55,High Risk - Send Offer,124,2,465.68,17.91076923,0,6.3
13280,55,High Risk - Send Offer,121,3,798.46,9.737317073,0,11.2
13284,55,High Risk - Send Offer,322,2,201.19,15.47615385,1,11
13294,55,High Risk - Send Offer,189,2,873.74,16.18037037,0,8.3
13300,55,High Risk - Send Offer,164,2,371.89,18.5945,2,5.6
13301,55,High Risk - Send Offer,103,4,618.09,7.630740741,0,9.7
13345,55,High Risk - Send Offer,276,2,389.5,19.475,2,9.6
13376,55,High Risk - Send Offer,98,3,1019.76,19.24075472,0,7.8
13388,55,High Risk - Send Offer,120,3,677.1,19.34571429,1,4.3
13402,55,High Risk - Send Offer,126,2,621.23,15.92897436,0,12.4
13420,55,High Risk - Send Offer,134,4,159.85,19.98125,2,5.7
13462,55,High Risk - Send Offer,182,2,151.5,16.83333333,1,8.4
13466,55,High Risk - Send Offer,99,2,307.9,18.11176471,1,6.1
13470,55,High Risk - Send Offer,98,2,165,16.5,0,3.8
13475,55,High Risk - Send Offer,190,4,1431.78,16.64860465,0,9.9
13497,55,High Risk - Send Offer,282,3,348.05,18.31842105,1,12.3
13533,55,High Risk - Send Offer,182,3,269.09,3.587866667,0,8.9
13548,55,High Risk - Send Offer,95,2,678.16,5.513495935,0,8.1
13593,55,High Risk - Send Offer,107,6,2011.88,15.8415748,1,11.2
13615,55,High Risk - Send Offer,312,2,417.69,18.16043478,1,10.6
13649,55,High Risk - Send Offer,256,2,346.6,15.06956522,0,12.2
13655,55,High Risk - Send Offer,113,2,932.97,16.66017857,0,8
13656,55,High Risk - Send Offer,164,2,379.65,7.747959184,0,11.2
13675,55,High Risk - Send Offer,150,2,486.82,19.4728,0,9.5
13684,55,High Risk - Send Offer,285,2,65.13,2.245862069,1,9.5
13707,55,High Risk - Send Offer,266,2,806.41,16.80020833,0,10.5
13711,55,High Risk - Send Offer,218,2,252.06,19.38923077,0,7.3
13720,55,High Risk - Send Offer,116,4,799.9,18.60232558,0,8.5
13730,55,High Risk - Send Offer,135,2,752.6,17.50232558,0,5.4
13731,55,High Risk - Send Offer,218,2,610.59,16.06815789,0,8.2
13744,55,High Risk - Send Offer,94,2,1080.52,17.15111111,0,9.7
13745,55,High Risk - Send Offer,150,2,300.04,12.0016,1,5.4
13752,55,High Risk - Send Offer,123,6,1175.38,15.67173333,0,8.2
13799,55,High Risk - Send Offer,116,2,688.86,17.66307692,0,9.8
13821,55,High Risk - Send Offer,144,2,385.64,6.536271186,0,8.7
13826,55,High Risk - Send Offer,157,2,189.5,18.95,2,5.8
13837,55,High Risk - Send Offer,211,2,266.59,14.81055556,0,10.6
13863,55,High Risk - Send Offer,244,2,305.78,15.289,2,8.2
13869,55,High Risk - Send Offer,122,4,3083.65,10.14358553,0,11.9
13873,55,High Risk - Send Offer,119,4,389.6,16.93913043,1,10.3
13885,55,High Risk - Send Offer,188,2,506.8,18.1,0,6.7
13888,55,High Risk - Send Offer,119,2,595.67,15.27358974,0,7.2
13900,55,High Risk - Send Offer,182,3,740.95,17.23139535,0,8.7
13936,55,High Risk - Send Offer,170,2,376.58,14.48384615,1,6
13951,55,High Risk - Send Offer,175,3,674.45,17.29358974,0,9.8
13955,55,High Risk - Send Offer,153,2,322.96,9.786666667,0,10.2
13963,55,High Risk - Send Offer,307,4,664.54,18.98685714,0,12.2
14002,55,High Risk - Send Offer,133,2,529.73,11.27085106,0,5.2
14009,55,High Risk - Send Offer,197,3,695.61,16.56214286,2,6.8
14013,55,High Risk - Send Offer,109,3,473.02,13.91235294,0,9.2
14037,55,High Risk - Send Offer,175,2,147.2,5.257142857,0,12.1
14078,55,High Risk - Send Offer,101,6,1049.37,16.14415385,0,12.4
14104,55,High Risk - Send Offer,154,2,216.21,10.29571429,0,5.5
14127,55,High Risk - Send Offer,122,3,709.71,16.12977273,0,10.3
14161,55,High Risk - Send Offer,215,3,1097.62,10.55403846,0,12.3
14162,55,High Risk - Send Offer,173,2,289.36,11.5744,0,9.7
14176,55,High Risk - Send Offer,296,5,576.9,18.60967742,1,12.2
14206,55,High Risk - Send Offer,238,2,328.16,16.408,1,12
14223,55,High Risk - Send Offer,91,4,991.13,16.51883333,1,8.8
14224,55,High Risk - Send Offer,109,4,1009.73,8.935663717,0,10.6
14242,55,High Risk - Send Offer,234,2,280.55,17.534375,0,10.8
14246,55,High Risk - Send Offer,110,3,1474.06,19.65413333,0,8.2
14256,55,High Risk - Send Offer,253,3,969.06,18.28415094,1,12.1
14264,55,High Risk - Send Offer,154,3,333.97,19.64529412,2,12.4
14265,55,High Risk - Send Offer,108,2,530.18,17.10258065,0,4.9
14331,55,High Risk - Send Offer,123,2,462.66,16.52357143,0,4.5
14344,55,High Risk - Send Offer,126,8,889.93,12.53422535,0,12.3
14346,55,High Risk - Send Offer,120,2,1021.58,17.02633333,0,9.9
14414,55,High Risk - Send Offer,91,8,1496.98,15.43278351,1,11.9
14437,55,High Risk - Send Offer,142,2,63,12.6,1,12.2
14450,55,High Risk - Send Offer,180,3,483.25,12.08125,0,10.7
14461,55,High Risk - Send Offer,147,3,2103.06,11.68366667,0,8.7
14465,55,High Risk - Send Offer,246,3,1038.44,8.442601626,0,10.1
14472,55,High Risk - Send Offer,103,8,1852.67,6.991207547,0,11.8
14479,55,High Risk - Send Offer,253,2,316.25,17.56944444,0,12.1
14483,55,High Risk - Send Offer,149,2,137.1,15.23333333,1,9.4
14497,55,High Risk - Send Offer,300,2,475.37,16.39206897,2,10.3
14512,55,High Risk - Send Offer,187,2,275.28,11.96869565,0,7.7
14532,55,High Risk - Send Offer,235,4,932.85,14.57578125,0,11.7
14570,55,High Risk - Send Offer,280,2,218.06,7.519310345,0,9.3
14584,55,High Risk - Send Offer,168,5,1033.06,10.54142857,1,6.6
14619,55,High Risk - Send Offer,238,2,394.44,19.722,2,8.2
14645,55,High Risk - Send Offer,156,2,597.09,19.903,0,9.2
14656,55,High Risk - Send Offer,168,2,291.05,3.638125,0,9.4
14669,55,High Risk - Send Offer,241,3,1259.24,7.585783133,0,11.1
14670,55,High Risk - Send Offer,279,2,392.86,3.19398374,0,9.3
14672,55,High Risk - Send Offer,234,2,765.55,12.55,0,11.2
14692,55,High Risk - Send Offer,136,5,591.55,8.699264706,1,10.7
14697,55,High Risk - Send Offer,217,2,188.61,8.573181818,0,7.2
14745,55,High Risk - Send Offer,112,6,1220.26,17.68492754,1,9.5
14747,55,High Risk - Send Offer,247,2,328.2,18.23333333,1,8.3
14760,55,High Risk - Send Offer,293,2,89.2,17.84,2,9.9
14770,55,High Risk - Send Offer,231,2,876.42,16.85423077,0,10.7
14779,55,High Risk - Send Offer,280,3,386.15,9.418292683,0,10.8
14803,55,High Risk - Send Offer,161,3,845.55,19.21704545,0,9.7
14813,55,High Risk - Send Offer,369,2,152.88,5.271724138,0,12.3
14817,55,High Risk - Send Offer,199,2,1110.34,17.62444444,0,9.2
14823,55,High Risk - Send Offer,179,3,321.43,4.591857143,0,6.5
14850,55,High Risk - Send Offer,311,2,325.75,15.51190476,1,12.2
14867,55,High Risk - Send Offer,185,4,710.28,19.73,1,12.3
14891,55,High Risk - Send Offer,147,2,554.38,16.79939394,0,6.2
14896,55,High Risk - Send Offer,204,2,468.77,10.90162791,0,12.2
14920,55,High Risk - Send Offer,212,2,977.77,17.15385965,0,7.1
14930,55,High Risk - Send Offer,108,3,2362.96,18.60598425,0,9.1
14958,55,High Risk - Send Offer,146,3,483.73,11.79829268,0,8.2
14965,55,High Risk - Send Offer,95,2,596.09,7.359135802,0,3.2
14985,55,High Risk - Send Offer,197,2,292.01,3.518192771,0,11.9
14998,55,High Risk - Send Offer,169,2,414.87,5.606351351,0,8
15002,55,High Risk - Send Offer,115,4,1641.76,14.27617391,0,12.2
15079,55,High Risk - Send Offer,212,5,895.61,19.05553191,1,12.2
15092,55,High Risk - Send Offer,214,2,457.81,17.60807692,0,9.4
15104,55,High Risk - Send Offer,166,3,993.54,14.82895522,2,9.4
15120,55,High Risk - Send Offer,129,2,358.82,17.08666667,1,4.4
15135,55,High Risk - Send Offer,232,2,139.05,15.45,1,7.9
15139,55,High Risk - Send Offer,239,2,178.96,13.76615385,0,11.2
15198,55,High Risk - Send Offer,91,2,193.64,19.364,0,4.1
15213,55,High Risk - Send Offer,318,3,328.35,13.68125,1,11
15230,55,High Risk - Send Offer,238,2,429.6,18.67826087,0,8
15232,55,High Risk - Send Offer,112,2,612.06,19.74387097,0,4.7
15235,55,High Risk - Send Offer,217,12,2247.51,15.71685315,0,12.4
15246,55,High Risk - Send Offer,237,2,514.15,15.58030303,0,11.9
15258,55,High Risk - Send Offer,168,2,623.16,18.32823529,0,7.2
15265,55,High Risk - Send Offer,150,2,1506.12,18.36731707,0,7.8
15279,55,High Risk - Send Offer,354,2,290.51,15.29,2,12.1
15308,55,High Risk - Send Offer,270,2,310.47,16.34052632,2,9.1
15334,55,High Risk - Send Offer,156,3,350.82,3.579795918,0,5.7
15342,55,High Risk - Send Offer,115,2,406.09,16.92041667,2,4.3
15349,55,High Risk - Send Offer,157,2,463.91,6.533943662,0,6.2
15353,55,High Risk - Send Offer,254,2,770.12,12.62491803,0,12.2
15379,55,High Risk - Send Offer,168,8,3703.29,19.08912371,2,11.9
15384,55,High Risk - Send Offer,169,3,642.41,15.66853659,2,12.4
15402,55,High Risk - Send Offer,148,2,626.77,14.92309524,0,6.5
15422,55,High Risk - Send Offer,322,2,97.7,16.28333333,0,10.7
15456,55,High Risk - Send Offer,282,3,434.59,7.492931034,0,11.9
15483,55,High Risk - Send Offer,160,4,225.26,2.681666667,0,8.9
15508,55,High Risk - Send Offer,188,6,1000.27,10.8725,0,7.8
15512,55,High Risk - Send Offer,155,2,121,17.28571429,0,12
15574,55,High Risk - Send Offer,177,4,675.64,4.445,0,12.4
15577,55,High Risk - Send Offer,150,3,258.88,6.637948718,0,10.1
15589,55,High Risk - Send Offer,252,4,478.53,16.50103448,1,10.3
15609,55,High Risk - Send Offer,182,2,298.48,18.655,2,6.1
15624,55,High Risk - Send Offer,116,4,588.13,17.29794118,0,8.5
15641,55,High Risk - Send Offer,104,4,1887.2,15.85882353,0,11.9
15644,55,High Risk - Send Offer,165,4,803.54,3.463534483,0,8.7
15646,55,High Risk - Send Offer,157,4,447.64,12.78971429,1,12.4
15665,55,High Risk - Send Offer,167,2,2222.21,19.32356522,0,8.1
15695,55,High Risk - Send Offer,266,2,409.98,18.63545455,0,8.9
15704,55,High Risk - Send Offer,139,4,2293.62,19.60358974,0,7.2
15713,55,High Risk - Send Offer,142,3,356.7,18.77368421,1,12.2
15716,55,High Risk - Send Offer,145,4,1101.11,9.411196581,0,12.3
15724,55,High Risk - Send Offer,200,3,218.25,19.84090909,1,9.5
15729,55,High Risk - Send Offer,197,2,85,17,1,7.1
15746,55,High Risk - Send Offer,133,2,196.88,7.031428571,1,4.4
15780,55,High Risk - Send Offer,183,3,475.28,16.38896552,0,11.9
15800,55,High Risk - Send Offer,106,2,696.89,5.956324786,0,8.2
15808,55,High Risk - Send Offer,305,5,3651.27,18.72446154,2,12.3
15829,55,High Risk - Send Offer,98,2,636.14,12.47333333,0,4.7
15852,55,High Risk - Send Offer,186,2,160.71,7.305,0,6.5
15855,55,High Risk - Send Offer,136,5,712.24,8.903,0,8.8
15869,55,High Risk - Send Offer,276,2,149.64,9.976,0,9.2
15880,55,High Risk - Send Offer,368,2,329.03,3.427395833,1,12.3
15889,55,High Risk - Send Offer,156,2,420.07,4.942,0,12.3
15894,55,High Risk - Send Offer,252,2,258.25,6.97972973,0,12.3
15897,55,High Risk - Send Offer,193,2,208.59,9.481363636,0,6.4
15912,55,High Risk - Send Offer,177,2,264.62,13.92736842,0,7.7
15918,55,High Risk - Send Offer,190,2,334.23,8.35575,0,9
15920,55,High Risk - Send Offer,153,4,167.5,2.791666667,0,5.1
15976,55,High Risk - Send Offer,164,2,427.64,4.454583333,0,7.3
16010,55,High Risk - Send Offer,245,3,392.4,4.967088608,0,12.1
16031,55,High Risk - Send Offer,91,2,547.9,5.590816327,0,8.2
16045,55,High Risk - Send Offer,119,4,1340.7,16.15301205,0,9.6
16091,55,High Risk - Send Offer,154,2,315.06,17.50333333,0,6.6
16092,55,High Risk - Send Offer,98,5,817.86,16.03647059,2,8.4
16112,55,High Risk - Send Offer,142,4,195.74,12.23375,0,11.3
16116,55,High Risk - Send Offer,205,2,612.78,18.02294118,1,7
16172,55,High Risk - Send Offer,94,5,1140.21,16.52478261,0,8
16175,55,High Risk - Send Offer,93,4,1037.59,17.88948276,0,8
16230,55,High Risk - Send Offer,189,2,542.03,15.48657143,0,7.3
16244,55,High Risk - Send Offer,211,2,1522.75,16.73351648,0,12.4
16250,55,High Risk - Send Offer,260,2,389.44,16.22666667,0,12.4
16292,55,High Risk - Send Offer,116,2,302.25,17.77941176,2,4
16309,55,High Risk - Send Offer,91,3,706.57,16.82309524,2,8
16317,55,High Risk - Send Offer,119,3,1341.65,19.4442029,0,9.9
16320,55,High Risk - Send Offer,171,2,1038.46,18.54392857,0,7.1
16324,55,High Risk - Send Offer,127,3,408.59,3.680990991,0,5.9
16356,55,High Risk - Send Offer,197,4,211.77,6.831290323,1,9.2
16378,55,High Risk - Send Offer,246,3,362.95,15.78043478,0,10.3
16402,55,High Risk - Send Offer,264,2,293.45,5.148245614,0,12.3
16419,55,High Risk - Send Offer,112,7,958.71,19.1742,1,10.4
16431,55,High Risk - Send Offer,212,3,623.28,8.201052632,0,9.9
16456,55,High Risk - Send Offer,98,5,2158.18,19.61981818,0,12.4
16473,55,High Risk - Send Offer,164,4,316.11,17.56166667,1,11.2
16484,55,High Risk - Send Offer,173,3,404.3,16.172,1,6.3
16498,55,High Risk - Send Offer,160,3,100.97,6.731333333,1,5.4
16503,55,High Risk - Send Offer,106,5,1431.93,17.04678571,2,12
16520,55,High Risk - Send Offer,185,4,1046.57,6.708782051,1,12.1
16536,55,High Risk - Send Offer,106,2,548.12,10.15037037,1,3.6
16572,55,High Risk - Send Offer,126,4,1009.6,17.7122807,1,9.2
16581,55,High Risk - Send Offer,154,2,105.84,11.76,2,6.1
16598,55,High Risk - Send Offer,276,2,145.05,14.505,1,9.5
16611,55,High Risk - Send Offer,185,2,129.49,12.949,1,7.7
16619,55,High Risk - Send Offer,253,2,226.21,16.15785714,2,8.8
16644,55,High Risk - Send Offer,177,2,833.78,13.44806452,0,7
16647,55,High Risk - Send Offer,169,2,214.06,15.29,0,6.8
16714,55,High Risk - Send Offer,218,4,1129.06,12.97770115,1,10.5
16725,55,High Risk - Send Offer,301,8,758.27,5.229448276,1,12.3
16780,55,High Risk - Send Offer,99,2,422.24,7.156610169,0,8.6
16781,55,High Risk - Send Offer,364,2,311.25,18.30882353,2,12.4
16788,55,High Risk - Send Offer,122,2,594.39,4.016148649,0,8.4
16792,55,High Risk - Send Offer,281,2,110.38,9.198333333,0,9.4
16805,55,High Risk - Send Offer,173,2,460.59,4.699897959,0,12
16806,55,High Risk - Send Offer,102,4,762.16,8.195268817,0,7.9
16807,55,High Risk - Send Offer,142,3,1121.59,16.74014925,0,9
16808,55,High Risk - Send Offer,98,2,288.42,12.54,0,9.1
16816,55,High Risk - Send Offer,102,4,417.06,14.895,0,11.9
16828,55,High Risk - Send Offer,92,2,128.5,16.0625,0,3.7
16832,55,High Risk - Send Offer,183,3,199.15,16.59583333,0,7.2
16835,55,High Risk - Send Offer,127,2,180.85,18.085,0,12.4
16866,55,High Risk - Send Offer,140,3,207.74,18.88545455,0,5.4
16883,55,High Risk - Send Offer,186,2,272.48,7.364324324,0,12.4
16889,55,High Risk - Send Offer,194,3,1578.67,11.69385185,0,11.2
16919,55,High Risk - Send Offer,155,11,2592.25,7.951687117,0,12.2
16951,55,High Risk - Send Offer,122,4,1277.75,14.85755814,1,10.1
16952,55,High Risk - Send Offer,108,2,167.61,10.475625,0,3.6
16980,55,High Risk - Send Offer,254,2,1028.46,12.69703704,0,9.7
17045,55,High Risk - Send Offer,112,3,339.44,15.42909091,0,8.2
17050,55,High Risk - Send Offer,95,6,3185.64,10.34298701,0,10
17062,55,High Risk - Send Offer,313,5,533.33,7.72942029,1,12.3
17085,55,High Risk - Send Offer,122,6,1562.4,8.4,2,12.1
17105,55,High Risk - Send Offer,158,2,665.78,7.397555556,0,10.2
17126,55,High Risk - Send Offer,151,7,989.45,3.989717742,2,12.1
17134,55,High Risk - Send Offer,106,2,413.2,17.96521739,0,8.8
17179,55,High Risk - Send Offer,177,3,711.79,8.897375,0,12
17189,55,High Risk - Send Offer,105,2,383.75,6.395833333,0,11.9
17194,55,High Risk - Send Offer,273,2,262.62,9.055862069,0,12
17223,55,High Risk - Send Offer,309,2,416.89,8.685208333,0,12.2
17229,55,High Risk - Send Offer,95,2,318.76,6.78212766,0,4.7
17252,55,High Risk - Send Offer,116,2,348.91,4.057093023,0,6.2
17256,55,High Risk - Send Offer,106,2,240,15,0,10.4
17259,55,High Risk - Send Offer,147,2,581.23,5.010603448,0,12.2
17265,55,High Risk - Send Offer,138,2,550.01,4.508278689,0,6
17267,55,High Risk - Send Offer,126,2,317.2,8.572972973,0,4.2
17277,55,High Risk - Send Offer,227,2,1065.35,15.43985507,0,10.7
17282,55,High Risk - Send Offer,129,3,1685.46,18.93775281,0,10
17298,55,High Risk - Send Offer,100,2,498.42,16.614,0,4.1
17320,55,High Risk - Send Offer,99,3,1200.62,16.44684932,0,12.2
17341,55,High Risk - Send Offer,156,3,682.29,4.345796178,0,12.2
17358,55,High Risk - Send Offer,302,2,360.81,6.220862069,0,11.8
17362,55,High Risk - Send Offer,238,2,312.23,8.920857143,0,10.3
17374,55,High Risk - Send Offer,218,2,495.77,17.70607143,0,9.3
17375,55,High Risk - Send Offer,189,4,400.1,5.798550725,2,12
17392,55,High Risk - Send Offer,306,2,417.27,7.45125,0,11.9
17398,55,High Risk - Send Offer,114,3,653.38,17.19421053,0,8.5
17400,55,High Risk - Send Offer,125,5,2097.84,10.18368932,0,11.7
17446,55,High Risk - Send Offer,176,2,120.9,13.43333333,0,10.3
17454,55,High Risk - Send Offer,191,4,517.53,8.484098361,0,12
17472,55,High Risk - Send Offer,190,3,697.54,4.008850575,0,9.9
17501,55,High Risk - Send Offer,220,2,288.6,16.03333333,0,7.3
17507,55,High Risk - Send Offer,261,2,605.58,6.881590909,0,10.3
17550,55,High Risk - Send Offer,196,3,267.16,6.360952381,0,8.1
17580,55,High Risk - Send Offer,252,3,215.72,4.793777778,0,11.9
17585,55,High Risk - Send Offer,108,4,1116.68,5.368653846,0,11.2
17604,55,High Risk - Send Offer,216,2,309.36,4.91047619,0,10.4
17630,55,High Risk - Send Offer,169,2,503.6,19.36923077,0,7.7
17642,55,High Risk - Send Offer,119,2,712.29,17.80725,0,5.8
17649,55,High Risk - Send Offer,134,2,868.49,16.70173077,1,4.6
17691,55,High Risk - Send Offer,357,2,290.4,15.28421053,0,12.3
17692,55,High Risk - Send Offer,126,5,740.94,16.1073913,1,11.9
17693,55,High Risk - Send Offer,135,3,200.47,12.529375,2,4.5
17708,55,High Risk - Send Offer,187,2,263.33,7.745,0,10.8
17746,55,High Risk - Send Offer,234,2,110.25,18.375,2,8
17749,55,High Risk - Send Offer,177,2,674.52,19.272,0,8.5
17765,55,High Risk - Send Offer,158,3,367.63,6.564821429,0,8.5
17774,55,High Risk - Send Offer,96,5,1213.73,7.932875817,1,10.1
17781,55,High Risk - Send Offer,158,2,188.02,15.66833333,0,8.4
17787,55,High Risk - Send Offer,152,4,1817.54,14.19953125,0,12.3
17795,55,High Risk - Send Offer,179,2,342.83,7.618444444,0,8.8
17869,55,High Risk - Send Offer,106,5,428.18,10.7045,0,12.2
17874,55,High Risk - Send Offer,184,7,683.46,14.85782609,1,8.5
17889,55,High Risk - Send Offer,211,2,201.37,10.0685,0,10.7
17890,55,High Risk - Send Offer,322,2,586.89,6.449340659,0,12
17897,55,High Risk - Send Offer,172,4,541.81,5.016759259,1,12.4
17912,55,High Risk - Send Offer,309,6,310.06,8.38,2,12.1
17926,55,High Risk - Send Offer,132,2,397.29,18.91857143,0,6.8
17931,55,High Risk - Send Offer,133,2,408.36,6.282461538,0,8.5
17935,55,High Risk - Send Offer,137,2,145.79,5.027241379,0,4.7
17946,55,High Risk - Send Offer,232,2,149.58,7.479,0,8.6
17969,55,High Risk - Send Offer,165,2,228.2,16.3,0,12
17991,55,High Risk - Send Offer,224,2,93.35,18.67,0,7.5
18009,55,High Risk - Send Offer,234,2,247.39,7.980322581,1,7.8
18013,55,High Risk - Send Offer,154,2,187.29,6.041612903,0,5.1
18018,55,High Risk - Send Offer,107,2,122.14,4.211724138,0,6.6
18024,55,High Risk - Send Offer,152,3,389.78,18.56095238,1,5.1
18037,55,High Risk - Send Offer,153,6,70.02,3.685263158,0,12
18071,55,High Risk - Send Offer,257,2,453,18.12,0,12.2
18078,55,High Risk - Send Offer,216,2,336.13,11.59068966,0,8.6
18108,55,High Risk - Send Offer,248,2,271,15.94117647,2,8.4
18143,55,High Risk - Send Offer,116,2,1000.16,16.39606557,0,4.7
18146,55,High Risk - Send Offer,140,2,160.35,16.035,0,7.3
18151,55,High Risk - Send Offer,134,2,653.35,17.19342105,0,9.6
18178,55,High Risk - Send Offer,113,6,1590.81,16.40010309,2,12.1
18190,55,High Risk - Send Offer,191,3,284.46,18.964,1,11
18193,55,High Risk - Send Offer,150,3,243.76,15.235,2,12.2
18196,55,High Risk - Send Offer,94,2,686.63,4.939784173,0,9.6
18231,55,High Risk - Send Offer,191,6,2071.77,16.84365854,2,9.6
18239,55,High Risk - Send Offer,218,5,1561.61,17.74556818,0,12.4
18248,55,High Risk - Send Offer,113,4,804.02,17.10680851,2,6.2
18250,55,High Risk - Send Offer,300,2,349.27,16.63190476,1,10.3
15728,45,Medium Risk - Monitor,48,1,0,NULL,4,1.6
18155,40,Medium Risk - Monitor,74,4,371.62,14.8648,3,9.7
16602,40,Medium Risk - Monitor,30,2,528.08,18.20965517,3,1.2
16609,40,Medium Risk - Monitor,14,9,5493.46,19.90384058,4,8.4
13819,40,Medium Risk - Monitor,301,3,1140.35,31.67638889,0,10.6
12590,40,Medium Risk - Monitor,189,3,9864.26,145.0626471,2,7
13811,40,Medium Risk - Monitor,183,4,814.5,62.65384615,1,7.9
16634,40,Medium Risk - Monitor,222,2,217.9,24.21111111,0,12.4
16637,40,Medium Risk - Monitor,31,5,1154.47,16.73144928,3,7.5
12582,40,Medium Risk - Monitor,238,2,511.36,23.24363636,0,9.6
17997,40,Medium Risk - Monitor,73,12,1962.46,11.96621951,14,5.4
16653,40,Medium Risk - Monitor,15,3,1212.66,17.57478261,7,2.3
16654,40,Medium Risk - Monitor,140,5,601.27,20.73344828,2,12.2
13754,40,Medium Risk - Monitor,151,2,282.6,23.55,0,10.5
13748,40,Medium Risk - Monitor,95,5,948.25,33.86607143,0,12.4
13736,40,Medium Risk - Monitor,4,3,729.8,3.841052632,3,8.6
16670,40,Medium Risk - Monitor,16,17,4095.9,16.25357143,10,11.9
16676,40,Medium Risk - Monitor,33,5,1592.12,17.88898876,3,11.2
16678,40,Medium Risk - Monitor,2,17,3109.99,19.07969325,7,9.4
13735,40,Medium Risk - Monitor,24,8,2883.54,14.78738462,12,7.8
16686,40,Medium Risk - Monitor,46,9,2959.88,5.440955882,3,11.8
16692,40,Medium Risk - Monitor,255,2,1276,425.3333333,0,9.6
16696,40,Medium Risk - Monitor,134,4,657.9,65.79,0,8.2
16698,40,Medium Risk - Monitor,226,2,1998,399.6,0,8.4
16700,40,Medium Risk - Monitor,8,17,5076.55,16.48230519,4,12.2
16713,40,Medium Risk - Monitor,18,21,6910.78,11.16442649,8,12.2
16716,40,Medium Risk - Monitor,266,3,901.2,450.6,1,10.3
16717,40,Medium Risk - Monitor,8,9,3843.08,19.40949495,37,12.2
13725,40,Medium Risk - Monitor,49,11,1980.56,19.04384615,14,10.3
13722,40,Medium Risk - Monitor,119,4,2375.41,27.946,1,9.4
18274,40,Medium Risk - Monitor,17,2,175.92,15.99272727,11,1
16729,40,Medium Risk - Monitor,35,26,7205.33,10.98373476,8,8
16735,40,Medium Risk - Monitor,78,7,2247.41,19.37422414,3,11.1
13718,40,Medium Risk - Monitor,245,2,306.55,25.54583333,0,9.8
13709,40,Medium Risk - Monitor,3,17,6307.65,18.82880597,10,10.5
16746,40,Medium Risk - Monitor,4,19,6680.11,15.04529279,3,11.9
16747,40,Medium Risk - Monitor,24,4,836.06,19.90619048,3,2.2
13680,40,Medium Risk - Monitor,0,5,3719.12,19.17072165,21,11.3
13668,40,Medium Risk - Monitor,2,29,6309.83,13.62814255,31,12.1
13662,40,Medium Risk - Monitor,85,7,881.26,16.94730769,5,8.6
16763,40,Medium Risk - Monitor,184,2,611.85,26.60217391,1,6.6
16764,40,Medium Risk - Monitor,3,18,2790.95,3.987071429,12,4.7
16766,40,Medium Risk - Monitor,272,2,1145.6,33.69411765,0,9.1
16768,40,Medium Risk - Monitor,47,5,478.09,8.853518519,4,9
12559,40,Medium Risk - Monitor,310,3,561.71,26.74809524,1,10.6
12553,40,Medium Risk - Monitor,7,14,3692.28,19.3313089,5,11
16782,40,Medium Risk - Monitor,9,19,2267.95,12.3931694,7,12.2
18232,40,Medium Risk - Monitor,81,5,592.97,16.02621622,3,6.5
13631,40,Medium Risk - Monitor,99,12,3070.42,279.1290909,1,8.9
13623,40,Medium Risk - Monitor,30,7,727.74,9.33,5,9.9
12386,40,Medium Risk - Monitor,337,2,401.9,40.19,0,12.2
16810,40,Medium Risk - Monitor,191,2,309.54,20.636,1,12
16817,40,Medium Risk - Monitor,2,13,1604.75,18.65988372,9,12.2
12547,40,Medium Risk - Monitor,197,2,207.8,25.975,0,9.3
13588,40,Medium Risk - Monitor,15,13,2478.95,14.24683908,6,8.5
16838,40,Medium Risk - Monitor,196,3,588.85,23.554,1,9.6
13564,40,Medium Risk - Monitor,143,5,1724.67,21.29222222,2,12.2
13534,40,Medium Risk - Monitor,1,43,5870.08,19.83135135,46,11.9
12363,40,Medium Risk - Monitor,109,2,552,24,0,8
16875,40,Medium Risk - Monitor,63,9,2095.53,18.71008929,11,11.3
16878,40,Medium Risk - Monitor,24,2,13.3,4.433333333,3,2.8
18048,40,Medium Risk - Monitor,202,2,172.29,24.61285714,0,6.7
13531,40,Medium Risk - Monitor,204,2,483.8,21.99090909,0,12.2
16900,40,Medium Risk - Monitor,11,5,887.11,11.22924051,3,2.1
13501,40,Medium Risk - Monitor,242,2,1340.32,25.77538462,1,9.6
16923,40,Medium Risk - Monitor,11,26,7069.08,11.29246006,24,12.1
16924,40,Medium Risk - Monitor,20,4,829.89,10.24555556,6,2.8
13493,40,Medium Risk - Monitor,274,2,618.63,77.32875,0,9.5
16927,40,Medium Risk - Monitor,115,3,543.05,90.50833333,0,12
16928,40,Medium Risk - Monitor,79,19,2814.7,13.79754902,4,12.4
16933,40,Medium Risk - Monitor,0,5,563.23,12.80068182,5,8
16943,40,Medium Risk - Monitor,211,3,816.73,24.74939394,0,10.6
13492,40,Medium Risk - Monitor,135,3,1269.84,25.3968,0,7.1
16948,40,Medium Risk - Monitor,138,3,435.02,22.89578947,0,10.8
18055,40,Medium Risk - Monitor,6,11,6761.34,18.88642458,3,12.3
12535,40,Medium Risk - Monitor,91,2,716.35,21.06911765,0,6.2
16955,40,Medium Risk - Monitor,184,5,518.67,20.7468,1,12.4
16957,40,Medium Risk - Monitor,238,2,416.64,26.04,0,9.4
13489,40,Medium Risk - Monitor,104,4,449.52,32.10857143,0,9.8
13481,40,Medium Risk - Monitor,45,8,1804.56,16.55559633,3,12.2
13479,40,Medium Risk - Monitor,197,3,300.95,20.06333333,1,7.8
13468,40,Medium Risk - Monitor,1,41,5704.97,18.89062914,4,12.4
18062,40,Medium Risk - Monitor,172,3,720.52,26.68592593,0,11.2
16984,40,Medium Risk - Monitor,77,5,4459.52,11.1488,11,4.3
13453,40,Medium Risk - Monitor,165,2,356.98,20.99882353,0,9.6
16997,40,Medium Risk - Monitor,287,3,702,58.5,0,10.8
16998,40,Medium Risk - Monitor,149,6,295,73.75,2,10.1
17026,40,Medium Risk - Monitor,184,2,154.83,38.7075,0,12.3
17029,40,Medium Risk - Monitor,110,2,716,358,0,7.9
13452,40,Medium Risk - Monitor,258,2,590,295,0,9
18064,40,Medium Risk - Monitor,132,2,814,116.2857143,0,7.8
13448,40,Medium Risk - Monitor,16,10,3534.69,18.22005155,4,12.4
13447,40,Medium Risk - Monitor,22,4,1129.14,19.1379661,3,1.2
17049,40,Medium Risk - Monitor,2,11,5655.03,17.83921136,4,9.2
17053,40,Medium Risk - Monitor,128,2,498.48,38.34461538,1,4.3
13430,40,Medium Risk - Monitor,18,4,679.45,13.86632653,5,2.8
17063,40,Medium Risk - Monitor,8,11,1461.14,18.7325641,4,9.6
17069,40,Medium Risk - Monitor,27,13,2709.7,18.94895105,11,12.4
13425,40,Medium Risk - Monitor,107,3,1624.21,20.82320513,0,9.8
17071,40,Medium Risk - Monitor,8,14,2429.03,17.35021429,8,10.3
17075,40,Medium Risk - Monitor,17,5,834.12,10.83272727,3,10.5
17083,40,Medium Risk - Monitor,108,3,1405.78,27.03423077,0,10.1
17091,40,Medium Risk - Monitor,2,10,3827.76,19.62953846,3,12.2
17094,40,Medium Risk - Monitor,317,2,302,21.57142857,1,10.7
17095,40,Medium Risk - Monitor,21,6,1324.16,17.89405405,3,11.1
12523,40,Medium Risk - Monitor,1,13,1789.77,16.88462264,4,11
17109,40,Medium Risk - Monitor,28,8,881.29,7.597327586,4,7.7
13414,40,Medium Risk - Monitor,133,3,1390.5,57.9375,0,9.9
17114,40,Medium Risk - Monitor,5,10,801.12,6.513170732,8,11.1
13394,40,Medium Risk - Monitor,1,10,2520.02,16.25819355,9,10.3
17119,40,Medium Risk - Monitor,2,3,606.91,17.34028571,3,2
13368,40,Medium Risk - Monitor,256,2,623.4,21.49655172,0,11.2
13365,40,Medium Risk - Monitor,8,3,2225.37,17.38570313,4,7.2
13364,40,Medium Risk - Monitor,66,2,134.96,13.496,10,2.3
13362,40,Medium Risk - Monitor,2,5,3090.74,18.61891566,3,9.6
12520,40,Medium Risk - Monitor,78,6,2634.26,17.33065789,3,9.1
13352,40,Medium Risk - Monitor,7,2,397.98,16.5825,3,2
17146,40,Medium Risk - Monitor,105,3,749.78,21.42228571,0,11.9
17152,40,Medium Risk - Monitor,194,4,1689.5,120.6785714,2,8.7
17169,40,Medium Risk - Monitor,49,4,835.78,15.47740741,6,6.1
13330,40,Medium Risk - Monitor,92,3,1140.93,21.52698113,0,10.5
18075,40,Medium Risk - Monitor,22,14,2611.75,18.39260563,11,12
17180,40,Medium Risk - Monitor,55,6,783.97,6.27176,3,10.5
12362,40,Medium Risk - Monitor,2,13,5226.23,19.6474812,8,9.8
13320,40,Medium Risk - Monitor,69,6,1532.2,14.59238095,4,7.1
13317,40,Medium Risk - Monitor,63,9,2273.68,18.33612903,11,11.9
17213,40,Medium Risk - Monitor,39,11,2781.23,17.71484076,7,12.2
13314,40,Medium Risk - Monitor,1,4,775.94,12.51516129,12,2.4
18085,40,Medium Risk - Monitor,329,2,689.95,23.79137931,0,12.4
13310,40,Medium Risk - Monitor,8,6,1132.03,15.72263889,5,10.8
12510,40,Medium Risk - Monitor,142,2,982.57,29.77484848,0,10.8
13295,40,Medium Risk - Monitor,359,2,201.2,20.12,1,12.4
17231,40,Medium Risk - Monitor,11,14,3124.72,5.884595104,5,12
17239,40,Medium Risk - Monitor,312,2,382.5,25.5,1,11.7
17242,40,Medium Risk - Monitor,107,2,1135.04,28.376,0,6
13271,40,Medium Risk - Monitor,36,2,211.49,2.43091954,5,1.2
13269,40,Medium Risk - Monitor,0,17,5343.28,16.96279365,4,12.3
13268,40,Medium Risk - Monitor,17,15,3174.75,7.331986143,7,8.9
12507,40,Medium Risk - Monitor,133,4,1304.81,59.30954545,1,9.9
18093,40,Medium Risk - Monitor,92,5,2106.52,58.51444444,2,10.1
13261,40,Medium Risk - Monitor,268,2,944.1,104.9,0,9.5
18095,40,Medium Risk - Monitor,312,2,580.05,27.62142857,0,11.1
12502,40,Medium Risk - Monitor,95,5,3723.87,25.33244898,0,10.3
17268,40,Medium Risk - Monitor,107,4,763.64,127.2733333,0,8.1
12494,40,Medium Risk - Monitor,9,13,1246.1,16.18311688,7,12.2
13253,40,Medium Risk - Monitor,156,2,1030.4,28.62222222,0,11.3
13249,40,Medium Risk - Monitor,91,3,711.41,30.93086957,0,8.7
13242,40,Medium Risk - Monitor,111,3,270.4,20.8,0,7.1
17312,40,Medium Risk - Monitor,138,3,644.3,46.02142857,0,5.3
17314,40,Medium Risk - Monitor,24,11,2527.92,19.29709924,5,10.4
17315,40,Medium Risk - Monitor,0,43,6281.23,13.3359448,14,11.9
17323,40,Medium Risk - Monitor,14,9,906.52,4.648820513,4,9.7
13223,40,Medium Risk - Monitor,199,2,163.2,32.64,0,7.7
13209,40,Medium Risk - Monitor,29,11,5891.61,18.35392523,8,12
17334,40,Medium Risk - Monitor,300,3,307.02,27.91090909,1,10.3
13198,40,Medium Risk - Monitor,9,8,3401.24,15.04973451,3,12
17338,40,Medium Risk - Monitor,16,10,6493.54,9.00629681,4,12
17339,40,Medium Risk - Monitor,93,2,243.36,27.04,0,12.1
18109,40,Medium Risk - Monitor,1,31,8004.92,18.15174603,10,12.3
17346,40,Medium Risk - Monitor,3,16,2622.88,5.430393375,3,12.4
13186,40,Medium Risk - Monitor,39,5,1575.89,19.94797468,5,4.3
17353,40,Medium Risk - Monitor,128,2,1740,217.5,0,5.1
18110,40,Medium Risk - Monitor,18,2,198.8,5.372972973,3,0.6
17364,40,Medium Risk - Monitor,0,12,4462.68,10.99182266,3,11
17368,40,Medium Risk - Monitor,22,9,1878.87,17.55953271,17,11.2
12484,40,Medium Risk - Monitor,32,8,4527.32,13.19918367,4,11.2
17391,40,Medium Risk - Monitor,163,2,508.8,169.6,0,5.5
18118,40,Medium Risk - Monitor,10,31,5625.08,4.453745051,5,12.3
12479,40,Medium Risk - Monitor,3,3,527.2,17.00645161,4,0.3
17405,40,Medium Risk - Monitor,0,5,1031.41,12.57817073,12,5
13148,40,Medium Risk - Monitor,28,17,3683.26,11.80532051,28,12.1
17409,40,Medium Risk - Monitor,184,2,771.85,59.37307692,0,8.2
17422,40,Medium Risk - Monitor,15,10,1979.37,16.91769231,18,9.8
17434,40,Medium Risk - Monitor,1,9,2373.82,17.71507463,4,2.8
17438,40,Medium Risk - Monitor,246,2,388.45,22.85,2,8.4
13134,40,Medium Risk - Monitor,72,7,1793.58,18.30183673,7,8
17442,40,Medium Risk - Monitor,28,10,2248.56,16.656,5,12.1
17444,40,Medium Risk - Monitor,147,3,2940.04,21.77807407,0,5.7
18121,40,Medium Risk - Monitor,148,2,653.3,21.07419355,0,5.1
13118,40,Medium Risk - Monitor,19,7,1197.81,15.1621519,3,9.6
17451,40,Medium Risk - Monitor,0,10,1721.4,17.214,7,3.5
13115,40,Medium Risk - Monitor,8,14,2294.78,19.12316667,12,12.2
13109,40,Medium Risk - Monitor,2,5,786.54,16.73489362,3,5.2
17457,40,Medium Risk - Monitor,126,5,1737.7,91.45789474,0,11.3
17463,40,Medium Risk - Monitor,15,6,1875.86,9.018557692,4,10.4
13106,40,Medium Risk - Monitor,128,2,76.5,76.5,1,4.4
12474,40,Medium Risk - Monitor,16,30,7324.09,17.35566351,33,12.3
13097,40,Medium Risk - Monitor,32,14,6003.22,14.25942993,14,12
13091,40,Medium Risk - Monitor,20,2,345.82,16.46761905,3,0.9
13082,40,Medium Risk - Monitor,125,10,3613.63,49.50178082,2,11.2
18133,40,Medium Risk - Monitor,210,2,931.5,931.5,1,7
13069,40,Medium Risk - Monitor,0,27,4431.44,10.45150943,45,12.3
17505,40,Medium Risk - Monitor,161,2,1145.84,22.03538462,0,6.8
12472,40,Medium Risk - Monitor,30,13,6572.11,19.38675516,52,12.4
17509,40,Medium Risk - Monitor,57,11,6083.64,16.7132967,3,2.1
13050,40,Medium Risk - Monitor,8,28,5836.86,14.48352357,19,12.2
13047,40,Medium Risk - Monitor,31,18,3237.54,18.82290698,24,12.4
13043,40,Medium Risk - Monitor,253,2,516.42,39.72461538,1,9.1
13032,40,Medium Risk - Monitor,38,3,1010.18,14.22788732,4,2.9
17528,40,Medium Risk - Monitor,0,11,3628.5,14.34189723,7,2.3
17531,40,Medium Risk - Monitor,120,2,296.7,21.19285714,1,6.3
13027,40,Medium Risk - Monitor,113,6,6912,265.8461538,0,11.8
13021,40,Medium Risk - Monitor,3,12,2616.38,19.97236641,3,12.1
13012,40,Medium Risk - Monitor,8,11,1646.84,18.71409091,18,9.8
13004,40,Medium Risk - Monitor,11,22,5655.91,13.99977723,5,11.9
13003,40,Medium Risk - Monitor,105,3,149.05,24.84166667,0,7.1
12465,40,Medium Risk - Monitor,7,3,742.19,15.7912766,4,5.6
12994,40,Medium Risk - Monitor,3,5,974.42,15.97409836,12,8.9
17560,40,Medium Risk - Monitor,94,5,854.95,31.66481481,0,10.3
12957,40,Medium Risk - Monitor,3,12,4017.54,16.88042017,6,11.3
17576,40,Medium Risk - Monitor,7,22,3564.83,8.867736318,6,12.1
17578,40,Medium Risk - Monitor,190,2,143.46,28.692,1,7.2
12463,40,Medium Risk - Monitor,45,7,1344.78,16.20216867,5,8
12949,40,Medium Risk - Monitor,30,10,4167.22,19.3824186,4,8.4
12377,40,Medium Risk - Monitor,314,2,1628.12,21.14441558,0,11.8
17588,40,Medium Risk - Monitor,99,3,1240.2,53.92173913,0,7.7
12940,40,Medium Risk - Monitor,45,4,899.69,9.371770833,4,2.9
17602,40,Medium Risk - Monitor,1,8,5054.42,9.173176044,5,10.8
18257,40,Medium Risk - Monitor,38,12,2337.63,19.81042373,5,9.8
17611,40,Medium Risk - Monitor,3,19,3961.12,6.986102293,6,12
17612,40,Medium Risk - Monitor,52,10,2048.45,15.1737037,7,9.9
17613,40,Medium Risk - Monitor,22,17,4544.55,14.85147059,7,10.2
17615,40,Medium Risk - Monitor,129,3,329.6,23.54285714,0,7.4
17616,40,Medium Risk - Monitor,173,3,571.2,190.4,0,12.2
17636,40,Medium Risk - Monitor,8,2,285.56,14.278,4,0.6
12916,40,Medium Risk - Monitor,138,5,2944.95,28.59174757,2,10.7
17644,40,Medium Risk - Monitor,0,17,2895.64,18.44356688,12,10.7
12897,40,Medium Risk - Monitor,204,2,216.5,54.125,0,10
12462,40,Medium Risk - Monitor,1,4,1189.59,19.18693548,10,10.1
17651,40,Medium Risk - Monitor,11,14,3945,17.00431034,7,5.9
17652,40,Medium Risk - Monitor,24,18,4867.72,18.79428571,11,9.3
17659,40,Medium Risk - Monitor,3,14,2999.46,18.98392405,3,12.4
12891,40,Medium Risk - Monitor,185,3,331,110.3333333,0,9.7
12888,40,Medium Risk - Monitor,213,4,354.12,70.824,2,8.5
12461,40,Medium Risk - Monitor,93,2,826.88,23.62514286,0,5.1
12450,40,Medium Risk - Monitor,155,2,197.88,24.735,0,5.7
12886,40,Medium Risk - Monitor,67,3,1378.4,16.8097561,4,7.3
17695,40,Medium Risk - Monitor,131,2,765.34,21.86685714,0,5.7
17696,40,Medium Risk - Monitor,37,14,2285.71,19.87573913,11,12.1
12875,40,Medium Risk - Monitor,142,2,343.23,171.615,0,12.1
12867,40,Medium Risk - Monitor,25,10,4009.34,7.508127341,13,12
17700,40,Medium Risk - Monitor,16,6,2534.64,17.84957746,4,12.1
12857,40,Medium Risk - Monitor,210,2,1106.4,24.05217391,0,10.1
17704,40,Medium Risk - Monitor,168,2,885.19,28.55451613,0,8
17705,40,Medium Risk - Monitor,2,10,1823.52,17.70407767,5,10
17707,40,Medium Risk - Monitor,184,2,152.4,30.48,0,11.2
12365,40,Medium Risk - Monitor,290,3,641.38,29.15363636,1,9.7
12856,40,Medium Risk - Monitor,7,8,2170.78,6.98,3,2.1
12854,40,Medium Risk - Monitor,78,5,1316.25,12.07568807,5,10.6
12843,40,Medium Risk - Monitor,65,9,1702.26,16.52679612,5,8.8
17719,40,Medium Risk - Monitor,37,18,5396.04,19.69357664,4,8.5
12841,40,Medium Risk - Monitor,4,26,3991.58,9.641497585,19,12.4
17723,40,Medium Risk - Monitor,126,6,3276.4,327.64,0,7.1
17725,40,Medium Risk - Monitor,15,14,3439.08,17.911875,6,8.9
17728,40,Medium Risk - Monitor,3,5,2876.01,17.43036364,4,2.9
17731,40,Medium Risk - Monitor,78,5,1240.11,18.50910448,16,6.1
12829,40,Medium Risk - Monitor,321,3,293,26.63636364,1,12
17742,40,Medium Risk - Monitor,112,2,355.11,23.674,0,11.1
17747,40,Medium Risk - Monitor,99,2,71.4,71.4,1,3.7
12826,40,Medium Risk - Monitor,2,8,1474.72,16.20571429,3,12.1
12434,40,Medium Risk - Monitor,84,4,806.14,16.1228,4,12
17769,40,Medium Risk - Monitor,12,12,3957.43,13.01786184,3,10.7
17770,40,Medium Risk - Monitor,198,5,1143.27,30.08605263,0,9.4
18268,40,Medium Risk - Monitor,133,2,25.5,25.5,1,4.5
15154,40,Medium Risk - Monitor,73,2,254.28,3.581408451,4,2.5
15157,40,Medium Risk - Monitor,3,5,1936.07,15.48856,8,11.9
15152,40,Medium Risk - Monitor,9,16,4745.69,17.51177122,7,6.2
15171,40,Medium Risk - Monitor,324,2,1289.5,257.9,2,11
15147,40,Medium Risk - Monitor,218,2,623.5,22.26785714,1,8
15133,40,Medium Risk - Monitor,127,3,982.42,33.87655172,0,10
15182,40,Medium Risk - Monitor,153,2,622.85,21.47758621,0,8.9
15192,40,Medium Risk - Monitor,119,3,1044.32,20.47686275,0,12.1
12818,40,Medium Risk - Monitor,177,2,1542.08,110.1485714,2,8.7
15201,40,Medium Risk - Monitor,78,11,1236.54,17.92086957,28,8.2
15128,40,Medium Risk - Monitor,59,8,1471,14.42156863,9,7.3
15122,40,Medium Risk - Monitor,84,6,1633.78,19.92414634,5,9.9
15212,40,Medium Risk - Monitor,238,2,101.8,20.36,2,8
12424,40,Medium Risk - Monitor,162,2,1760.96,58.69866667,0,5.4
15108,40,Medium Risk - Monitor,141,5,1300.25,21.67083333,1,7.6
15098,40,Medium Risk - Monitor,181,5,39916.5,13305.5,2,6
15224,40,Medium Risk - Monitor,357,3,322.08,23.00571429,2,12.1
18269,40,Medium Risk - Monitor,357,2,168.6,24.08571429,1,12.2
15095,40,Medium Risk - Monitor,103,5,1370.6,29.16170213,2,6.7
12815,40,Medium Risk - Monitor,147,2,1063.46,22.62680851,0,6.6
15073,40,Medium Risk - Monitor,9,4,1043.41,19.32240741,22,6.2
15239,40,Medium Risk - Monitor,9,3,780.59,15.93040816,3,2.6
15245,40,Medium Risk - Monitor,133,3,2515.84,28.26786517,0,8.7
15071,40,Medium Risk - Monitor,93,2,982.07,37.77192308,0,9.2
15249,40,Medium Risk - Monitor,31,15,6688.46,19.10988571,8,8.5
15057,40,Medium Risk - Monitor,274,2,1489.5,59.58,0,10.5
15045,40,Medium Risk - Monitor,151,3,735.66,61.305,1,8.6
15257,40,Medium Risk - Monitor,280,2,317.15,45.30714286,1,9.4
15260,40,Medium Risk - Monitor,99,8,1810.77,23.51649351,1,12.4
15044,40,Medium Risk - Monitor,18,22,7634.73,17.19533784,8,12
15039,40,Medium Risk - Monitor,9,52,19766.59,13.38293162,6,12.3
15038,40,Medium Risk - Monitor,42,7,685.74,5.48592,3,12.3
18272,40,Medium Risk - Monitor,2,7,3078.58,18.54566265,4,8.2
17802,40,Medium Risk - Monitor,81,4,1285.04,9.178857143,7,12.4
15034,40,Medium Risk - Monitor,15,11,4274.16,10.95938462,6,11.8
15281,40,Medium Risk - Monitor,58,12,2332.15,16.77805755,11,11.1
15033,40,Medium Risk - Monitor,4,11,2557.18,5.104151697,3,10.9
15296,40,Medium Risk - Monitor,43,10,3672.86,18.93226804,6,10.9
15021,40,Medium Risk - Monitor,8,13,1871.77,4.215698198,7,12.2
15005,40,Medium Risk - Monitor,15,35,6295.37,5.661303957,40,12.2
15322,40,Medium Risk - Monitor,63,2,679.68,16.18285714,7,2.8
15329,40,Medium Risk - Monitor,34,5,1049.7,18.41578947,5,12.1
15332,40,Medium Risk - Monitor,365,4,1661.06,47.45885714,0,12.3
14973,40,Medium Risk - Monitor,106,3,1314.45,41.0765625,0,7.5
17811,40,Medium Risk - Monitor,3,51,7761.82,9.374178744,21,11.1
17813,40,Medium Risk - Monitor,13,7,1698.07,4.879511494,7,2.3
15345,40,Medium Risk - Monitor,34,2,393.54,19.677,3,1.5
15351,40,Medium Risk - Monitor,11,10,1934.66,8.834063927,8,12.3
12793,40,Medium Risk - Monitor,334,2,545.48,22.72833333,0,12.3
15358,40,Medium Risk - Monitor,4,29,8347.2,15.1491833,9,12.2
15363,40,Medium Risk - Monitor,240,2,326,20.375,1,12.4
15364,40,Medium Risk - Monitor,95,2,913.19,31.48931034,0,8.4
15373,40,Medium Risk - Monitor,7,13,2415.91,18.30234848,5,12.3
14918,40,Medium Risk - Monitor,115,2,1610.15,35.78111111,0,5.1
15381,40,Medium Risk - Monitor,213,2,596.85,74.60625,0,8.9
15382,40,Medium Risk - Monitor,14,8,5955.71,19.72089404,4,9.8
14910,40,Medium Risk - Monitor,2,7,434.35,14.47833333,5,1.8
14905,40,Medium Risk - Monitor,153,3,616.15,36.24411765,1,7.8
14903,40,Medium Risk - Monitor,20,10,2795.33,7.986657143,9,9.3
14902,40,Medium Risk - Monitor,20,2,332.66,16.633,4,0.8
14898,40,Medium Risk - Monitor,22,8,1269.31,11.64504587,3,12.3
15400,40,Medium Risk - Monitor,91,6,716.2,59.68333333,1,9.3
14855,40,Medium Risk - Monitor,118,2,645.65,32.2825,0,4.5
15406,40,Medium Risk - Monitor,17,4,510.71,9.636037736,5,10
14842,40,Medium Risk - Monitor,34,8,2824.69,19.48062069,13,10.2
14829,40,Medium Risk - Monitor,28,6,697.55,16.60833333,3,12.4
17837,40,Medium Risk - Monitor,41,10,1541.23,9.513765432,3,5.4
15424,40,Medium Risk - Monitor,253,2,383.34,22.54941176,0,8.4
15426,40,Medium Risk - Monitor,18,7,1404.07,5.105709091,8,12.3
15433,40,Medium Risk - Monitor,78,3,533.3,13.00731707,12,8.9
15434,40,Medium Risk - Monitor,7,6,1041.48,18.936,4,6.6
14828,40,Medium Risk - Monitor,196,3,2139.76,125.8682353,0,11.2
14808,40,Medium Risk - Monitor,39,15,2718.6,11.76883117,21,5.7
15443,40,Medium Risk - Monitor,1,8,3213.59,8.638682796,3,10.6
14800,40,Medium Risk - Monitor,47,16,4331.79,11.31015666,7,12.3
14796,40,Medium Risk - Monitor,0,27,7975.49,7.045485866,24,12.2
14778,40,Medium Risk - Monitor,126,2,730.86,20.88171429,0,10.3
14769,40,Medium Risk - Monitor,2,10,10416.98,9.808832392,4,11.9
15462,40,Medium Risk - Monitor,93,3,234.6,21.32727273,0,6.2
14758,40,Medium Risk - Monitor,144,4,1484.06,20.90225352,0,8.6
15468,40,Medium Risk - Monitor,34,5,467.51,19.47958333,5,12
17841,40,Medium Risk - Monitor,1,169,40519.84,5.278770193,136,12.4
14748,40,Medium Risk - Monitor,28,6,1415.75,15.90730337,3,12.3
15491,40,Medium Risk - Monitor,94,7,3100.09,20.13045455,1,7.8
12763,40,Medium Risk - Monitor,137,2,494.08,27.44888889,0,12.3
14701,40,Medium Risk - Monitor,10,12,2526.09,7.725045872,15,10.5
15518,40,Medium Risk - Monitor,63,13,1921.55,9.150238095,6,11.1
15521,40,Medium Risk - Monitor,35,13,3000.2,16.2172973,15,8.5
15527,40,Medium Risk - Monitor,18,10,2428.53,14.99092593,3,11.8
14696,40,Medium Risk - Monitor,3,9,2078.95,15.99192308,3,12.4
15532,40,Medium Risk - Monitor,24,6,1564.73,6.233984064,7,11.9
15533,40,Medium Risk - Monitor,18,5,807.57,9.729759036,3,2.9
14690,40,Medium Risk - Monitor,43,3,355.05,7.396875,4,5
14688,40,Medium Risk - Monitor,7,27,5579.1,17.21944444,32,12.4
14682,40,Medium Risk - Monitor,187,2,52,26,0,6.7
14667,40,Medium Risk - Monitor,10,27,9175.04,16.1817284,3,12.2
15555,40,Medium Risk - Monitor,11,20,4794.86,5.405704622,26,12.3
14659,40,Medium Risk - Monitor,8,12,2529.93,9.99972332,6,10.5
15563,40,Medium Risk - Monitor,8,7,1400.44,12.39327434,4,11.9
15569,40,Medium Risk - Monitor,103,5,1375.71,44.37774194,0,11
15570,40,Medium Risk - Monitor,6,13,4148.82,13.00570533,7,12.3
17849,40,Medium Risk - Monitor,217,4,605.8,23.3,0,11.1
12758,40,Medium Risk - Monitor,116,2,2791.59,28.77927835,0,9.2
15581,40,Medium Risk - Monitor,120,14,3675.77,25.0052381,1,12.2
17854,40,Medium Risk - Monitor,184,2,311.26,20.75066667,0,7.5
14639,40,Medium Risk - Monitor,51,8,2984.49,17.35168605,3,12
14621,40,Medium Risk - Monitor,0,6,1788.36,19.43869565,4,11.9
15601,40,Medium Risk - Monitor,10,17,6776.56,16.52819512,4,12.4
14616,40,Medium Risk - Monitor,242,3,406.08,135.36,0,10.6
12755,40,Medium Risk - Monitor,249,4,3811.95,952.9875,2,12.2
15618,40,Medium Risk - Monitor,32,5,776.85,17.26333333,4,4.5
15620,40,Medium Risk - Monitor,49,6,1553.18,15.5318,4,11.9
14606,40,Medium Risk - Monitor,0,128,12076.15,4.511075831,82,12.4
12754,40,Medium Risk - Monitor,235,5,3010.74,47.78952381,2,10.3
15632,40,Medium Risk - Monitor,15,10,3285.31,19.67251497,10,9.1
12748,40,Medium Risk - Monitor,0,224,33053.19,7.489959211,46,12.4
17866,40,Medium Risk - Monitor,142,2,329.65,36.62777778,1,4.7
15649,40,Medium Risk - Monitor,335,2,816,408,0,12.2
15653,40,Medium Risk - Monitor,92,2,877.44,146.24,0,3.8
14572,40,Medium Risk - Monitor,2,10,2804.54,10.70435115,3,10.8
15660,40,Medium Risk - Monitor,24,12,1600.86,17.78733333,4,12.2
15661,40,Medium Risk - Monitor,316,2,309.8,61.96,0,11.3
14565,40,Medium Risk - Monitor,95,6,3099.12,24.40251969,2,12
12422,40,Medium Risk - Monitor,95,3,803.56,20.60410256,0,10.8
14562,40,Medium Risk - Monitor,3,22,5006.77,11.94933174,22,10.1
14548,40,Medium Risk - Monitor,150,2,652.8,163.2,0,10.6
15676,40,Medium Risk - Monitor,8,5,3435.76,17.00871287,14,9.4
14546,40,Medium Risk - Monitor,3,9,2573.93,6.483450882,18,8.3
15689,40,Medium Risk - Monitor,119,2,254.1,28.23333333,0,12
14535,40,Medium Risk - Monitor,58,4,2854.84,8.703780488,3,8.3
12722,40,Medium Risk - Monitor,84,6,997.63,18.82320755,4,5
15696,40,Medium Risk - Monitor,32,12,2711.11,16.13755952,6,10.9
14534,40,Medium Risk - Monitor,2,25,4397.3,8.656102362,39,10.6
14527,40,Medium Risk - Monitor,2,86,8507.13,8.761204943,39,12.4
18202,40,Medium Risk - Monitor,199,3,1396.99,20.54397059,0,10.3
14525,40,Medium Risk - Monitor,8,13,4215.9,14.95,7,12
15706,40,Medium Risk - Monitor,59,7,1060.56,19.28290909,4,3.8
15708,40,Medium Risk - Monitor,40,11,3235.25,11.8507326,9,12.3
12721,40,Medium Risk - Monitor,31,7,2656.13,16.49770186,3,12.2
14511,40,Medium Risk - Monitor,10,6,1314.81,19.33544118,3,4.4
14505,40,Medium Risk - Monitor,16,11,5859.43,7.464242038,4,12
12720,40,Medium Risk - Monitor,2,29,5781.73,16.33257062,5,12.3
12719,40,Medium Risk - Monitor,4,3,644.95,16.53717949,3,2.1
15730,40,Medium Risk - Monitor,65,4,1120.88,16.01257143,3,6.9
15732,40,Medium Risk - Monitor,211,2,294.12,21.00857143,0,12.4
14502,40,Medium Risk - Monitor,19,14,2429.83,3.996430921,7,10.4
15734,40,Medium Risk - Monitor,114,2,1339.45,51.51730769,0,6.6
15737,40,Medium Risk - Monitor,14,12,1188.12,16.73408451,8,8.1
15745,40,Medium Risk - Monitor,8,6,1094.59,17.65467742,3,7.8
14496,40,Medium Risk - Monitor,311,2,538.81,28.35842105,0,12.4
15755,40,Medium Risk - Monitor,0,8,2364.25,16.7677305,8,9.8
15759,40,Medium Risk - Monitor,217,3,253.04,36.14857143,0,11.9
15764,40,Medium Risk - Monitor,80,10,3279.97,18.22205556,8,9.2
15768,40,Medium Risk - Monitor,115,4,621.83,23.03074074,1,7.5
14493,40,Medium Risk - Monitor,6,7,2383.24,19.86033333,3,5.1
14491,40,Medium Risk - Monitor,174,2,340.93,20.05470588,0,12.4
15777,40,Medium Risk - Monitor,240,5,1047.11,49.86238095,1,12
15786,40,Medium Risk - Monitor,43,5,4919,18.4924812,13,3.8
14481,40,Medium Risk - Monitor,164,2,636.51,21.217,0,9.5
15797,40,Medium Risk - Monitor,112,4,2207.4,275.925,0,10.6
12708,40,Medium Risk - Monitor,29,16,2712.91,17.27968153,17,12.3
15801,40,Medium Risk - Monitor,45,4,1063.95,16.62421875,5,3.6
15802,40,Medium Risk - Monitor,142,3,451.42,451.42,2,4.7
15804,40,Medium Risk - Monitor,0,19,4206.39,15.99387833,11,6.6
15805,40,Medium Risk - Monitor,22,20,5488.18,18.35511706,6,12.1
17888,40,Medium Risk - Monitor,18,10,716,11.01538462,14,11.9
15809,40,Medium Risk - Monitor,35,6,515.77,14.73628571,8,10.1
15810,40,Medium Risk - Monitor,78,7,1391.98,15.64022472,23,9.9
15811,40,Medium Risk - Monitor,16,9,2218.62,16.68135338,6,12.1
15812,40,Medium Risk - Monitor,106,5,1801.14,43.9302439,0,10.6
15813,40,Medium Risk - Monitor,207,2,1303.91,32.59775,0,8
14463,40,Medium Risk - Monitor,97,3,529.62,88.27,0,6.8
14462,40,Medium Risk - Monitor,63,15,1980.57,8.500300429,6,11.3
14460,40,Medium Risk - Monitor,109,4,434.34,27.14625,1,10.3
15827,40,Medium Risk - Monitor,72,20,1836.09,15.966,19,12.4
12417,40,Medium Risk - Monitor,2,12,3649.1,19.00572917,6,11.9
14456,40,Medium Risk - Monitor,4,14,3017.28,3.186145723,7,4.7
15834,40,Medium Risk - Monitor,69,6,2225.15,8.271933086,3,12.4
15839,40,Medium Risk - Monitor,24,5,1048.49,16.91112903,3,4.9
14443,40,Medium Risk - Monitor,53,7,1420.2,15.27096774,5,12.4
14428,40,Medium Risk - Monitor,6,7,1224.06,8.934744526,4,10.8
12693,40,Medium Risk - Monitor,120,6,855.91,21.94641026,2,10.6
14415,40,Medium Risk - Monitor,0,18,5855.57,10.11324698,22,12
15882,40,Medium Risk - Monitor,198,5,516.36,22.45043478,1,12.2
15885,40,Medium Risk - Monitor,92,3,379.35,21.075,0,10.3
12414,40,Medium Risk - Monitor,216,3,562.41,31.245,0,10.3
14410,40,Medium Risk - Monitor,15,15,1100.27,5.790894737,92,10.2
12669,40,Medium Risk - Monitor,150,4,2744.03,27.16861386,1,8.5
14400,40,Medium Risk - Monitor,140,2,574.7,22.988,1,4.9
14395,40,Medium Risk - Monitor,1,12,3479.91,9.999741379,3,12.4
14390,40,Medium Risk - Monitor,9,13,4642.57,16.34707746,5,12.4
15916,40,Medium Risk - Monitor,15,10,1502.86,9.952715232,5,12.2
14388,40,Medium Risk - Monitor,8,10,3212.84,17.27333333,5,12.4
12665,40,Medium Risk - Monitor,324,2,63,21,1,11
15922,40,Medium Risk - Monitor,371,2,369.5,33.59090909,1,12.4
14377,40,Medium Risk - Monitor,190,2,617.05,56.09545455,0,8.7
15935,40,Medium Risk - Monitor,238,2,416.86,34.73833333,0,8
15938,40,Medium Risk - Monitor,111,5,404.58,22.47666667,0,10.8
15940,40,Medium Risk - Monitor,310,2,35.8,35.8,1,10.3
14367,40,Medium Risk - Monitor,7,19,9227.82,17.71174664,9,9.2
14364,40,Medium Risk - Monitor,108,8,3717.35,53.87463768,0,7
15950,40,Medium Risk - Monitor,1,5,1744.71,17.98670103,5,12
15953,40,Medium Risk - Monitor,14,10,1657.28,17.08536082,5,12.3
14359,40,Medium Risk - Monitor,18,6,912.18,16.58509091,3,2.9
15973,40,Medium Risk - Monitor,235,3,307.82,76.955,2,12.2
15984,40,Medium Risk - Monitor,2,11,2780.63,10.77763566,5,12.2
15985,40,Medium Risk - Monitor,122,3,1142.42,30.87621622,1,7.9
15993,40,Medium Risk - Monitor,8,10,2777.67,5.115414365,8,1.4
15998,40,Medium Risk - Monitor,36,6,3080.22,6.111547619,3,12
12410,40,Medium Risk - Monitor,300,3,693.33,26.66653846,2,10.3
16014,40,Medium Risk - Monitor,35,4,646.83,4.687173913,3,9.7
14352,40,Medium Risk - Monitor,156,4,1078.96,22.95659574,0,9.1
16027,40,Medium Risk - Monitor,91,7,934.62,58.41375,1,10.1
16033,40,Medium Risk - Monitor,5,27,8778.82,7.782641844,15,12.3
12346,40,Medium Risk - Monitor,325,2,77183.6,77183.6,1,10.8
16037,40,Medium Risk - Monitor,269,3,855.02,21.92358974,0,11.9
16042,40,Medium Risk - Monitor,21,7,1177.47,16.821,4,12.4
14329,40,Medium Risk - Monitor,8,14,4975.24,19.28387597,10,10.9
14326,40,Medium Risk - Monitor,234,2,183.85,22.98125,1,8
16057,40,Medium Risk - Monitor,3,10,2263.12,18.70347107,13,9.5
14305,40,Medium Risk - Monitor,70,5,1858.96,17.70438095,5,4.5
14288,40,Medium Risk - Monitor,211,2,426.6,26.6625,1,7.1
14286,40,Medium Risk - Monitor,23,5,4628.75,16.53125,5,8.1
16073,40,Medium Risk - Monitor,291,2,122.4,122.4,1,9.9
14277,40,Medium Risk - Monitor,14,4,4188,18.86486486,3,7
16083,40,Medium Risk - Monitor,100,2,1317.62,42.50387097,0,12
14276,40,Medium Risk - Monitor,87,5,1119.74,17.4959375,11,9.6
14243,40,Medium Risk - Monitor,8,14,2588.77,18.36007092,7,12.2
16094,40,Medium Risk - Monitor,11,6,1078.23,17.1147619,4,11.2
14232,40,Medium Risk - Monitor,31,8,2048.07,17.80930435,3,8.8
14227,40,Medium Risk - Monitor,25,15,3350.96,19.14834286,8,9.5
16101,40,Medium Risk - Monitor,8,3,1290.7,16.98289474,7,2.3
14220,40,Medium Risk - Monitor,246,2,632.4,30.11428571,0,11.9
16109,40,Medium Risk - Monitor,218,2,611.88,33.99333333,0,10.3
18220,40,Medium Risk - Monitor,219,2,305.28,152.64,2,7.5
14214,40,Medium Risk - Monitor,30,7,1004.38,14.99074627,3,9.2
14205,40,Medium Risk - Monitor,10,4,466.7,19.44583333,15,12.1
16134,40,Medium Risk - Monitor,21,3,618.09,17.65971429,3,11.9
14198,40,Medium Risk - Monitor,3,7,701.4,17.98461538,5,7.9
14195,40,Medium Risk - Monitor,201,3,1012,144.5714286,1,8.4
14194,40,Medium Risk - Monitor,4,32,11349.52,19.60193437,25,10.2
14191,40,Medium Risk - Monitor,1,14,4684.76,18.08787645,4,7.3
16145,40,Medium Risk - Monitor,8,18,3799.49,16.96200893,13,12
16146,40,Medium Risk - Monitor,156,3,734.13,25.31482759,0,7.7
14189,40,Medium Risk - Monitor,1,24,4654.08,17.56256604,12,12.3
16150,40,Medium Risk - Monitor,38,10,2053.02,17.54717949,19,12.4
14180,40,Medium Risk - Monitor,10,31,4748.52,19.7855,8,12.4
16161,40,Medium Risk - Monitor,1,26,5533.67,11.74876858,28,12.3
14159,40,Medium Risk - Monitor,19,14,4630.35,3.940723404,8,12.1
16163,40,Medium Risk - Monitor,224,3,856.6,142.7666667,1,12.1
16173,40,Medium Risk - Monitor,15,7,1418.32,16.8847619,3,3.2
16174,40,Medium Risk - Monitor,125,3,1009.55,43.89347826,0,5
12653,40,Medium Risk - Monitor,148,2,2209.85,51.39186047,0,9.9
14154,40,Medium Risk - Monitor,238,2,1345.62,25.87730769,0,7.9
14146,40,Medium Risk - Monitor,8,6,4191,19.95714286,35,11.9
16201,40,Medium Risk - Monitor,2,5,1863.47,16.78801802,4,3.6
16214,40,Medium Risk - Monitor,170,3,1062.75,24.15340909,0,8.9
14133,40,Medium Risk - Monitor,129,5,605.64,21.63,2,10.5
14114,40,Medium Risk - Monitor,273,2,386.53,25.76866667,0,11
14112,40,Medium Risk - Monitor,22,12,2915.15,18.2196875,13,9.2
16226,40,Medium Risk - Monitor,202,3,255.12,31.89,0,7.8
16227,40,Medium Risk - Monitor,218,2,314.22,52.37,1,7.5
12395,40,Medium Risk - Monitor,15,15,3018.63,19.35019231,3,12.3
16245,40,Medium Risk - Monitor,23,5,1413.66,15.70733333,3,8.5
14109,40,Medium Risk - Monitor,22,2,144.2,16.02222222,5,2.4
14102,40,Medium Risk - Monitor,4,8,1105.88,19.06689655,5,1.5
16255,40,Medium Risk - Monitor,16,10,2619.91,9.70337037,4,12.1
16256,40,Medium Risk - Monitor,257,2,752.43,57.87923077,1,8.9
14096,40,Medium Risk - Monitor,3,34,65164.79,12.74991,17,3.4
14092,40,Medium Risk - Monitor,7,17,4076.91,19.05098131,3,12.4
14071,40,Medium Risk - Monitor,3,9,1437.57,4.450681115,9,8.8
14056,40,Medium Risk - Monitor,0,29,8152.71,7.493299632,22,9.4
12649,40,Medium Risk - Monitor,106,4,623.51,20.11322581,2,12.1
14053,40,Medium Risk - Monitor,123,2,260.25,65.0625,0,5.3
16302,40,Medium Risk - Monitor,107,2,233.22,21.20181818,1,4.2
14049,40,Medium Risk - Monitor,16,6,5578.72,11.67096234,17,10.6
17954,40,Medium Risk - Monitor,4,16,2314.13,4.851425577,4,12.3
14045,40,Medium Risk - Monitor,108,4,1659.75,276.625,0,12.4
16316,40,Medium Risk - Monitor,63,12,2938.91,19.46298013,5,11.9
17955,40,Medium Risk - Monitor,198,4,557.3,29.33157895,0,7.3
14040,40,Medium Risk - Monitor,40,15,3560.32,15.54724891,6,11
12643,40,Medium Risk - Monitor,127,6,3344.64,139.36,0,11.1
14034,40,Medium Risk - Monitor,21,4,648.89,7.545232558,3,5.2
14024,40,Medium Risk - Monitor,121,2,327.7,20.48125,0,4.1
14021,40,Medium Risk - Monitor,154,3,631.9,28.72272727,0,8.5
14016,40,Medium Risk - Monitor,153,5,4341.21,26.96403727,1,11.9
16350,40,Medium Risk - Monitor,20,5,1116.47,19.58719298,3,12.1
14006,40,Medium Risk - Monitor,115,3,962.19,32.073,0,10.4
16360,40,Medium Risk - Monitor,4,8,3450.41,5.425172956,9,2.9
16362,40,Medium Risk - Monitor,31,9,709.99,9.220649351,9,3
16376,40,Medium Risk - Monitor,8,3,974.96,7.99147541,3,0.5
14000,40,Medium Risk - Monitor,205,2,635.66,42.37733333,1,7
12637,40,Medium Risk - Monitor,66,10,6002.9,15.71439791,4,10.8
13999,40,Medium Risk - Monitor,9,15,3901.81,18.75870192,4,12
16393,40,Medium Risk - Monitor,1,20,3040.96,9.299571865,28,12.3
16394,40,Medium Risk - Monitor,49,9,1555.34,18.73903614,17,9.6
13988,40,Medium Risk - Monitor,19,9,4147.96,17.72632479,5,8.5
13982,40,Medium Risk - Monitor,38,5,1871.81,16.86315315,4,12.1
16405,40,Medium Risk - Monitor,301,2,167.25,33.45,0,10.3
16424,40,Medium Risk - Monitor,190,2,133.56,26.712,1,11.2
16427,40,Medium Risk - Monitor,262,2,241.06,26.78444444,0,9.4
13971,40,Medium Risk - Monitor,8,11,2758.26,18.51181208,9,9.5
13969,40,Medium Risk - Monitor,6,20,9024.17,14.57862682,7,12.1
13954,40,Medium Risk - Monitor,1,3,439.92,17.5968,5,2.3
13952,40,Medium Risk - Monitor,210,3,3251.07,23.73043796,1,7.9
16463,40,Medium Risk - Monitor,20,7,1422.4,17.34634146,3,6.8
13933,40,Medium Risk - Monitor,108,2,608.79,26.46913043,0,4.9
12610,40,Medium Risk - Monitor,22,7,2099.54,19.80698113,5,4.2
16474,40,Medium Risk - Monitor,6,11,1810.65,5.372848665,8,4.8
13929,40,Medium Risk - Monitor,168,3,842.65,93.62777778,1,10.8
12607,40,Medium Risk - Monitor,57,2,1579.51,15.63871287,101,2
13925,40,Medium Risk - Monitor,35,6,678.25,16.54268293,4,4.5
13924,40,Medium Risk - Monitor,1,11,1838.85,15.71666667,20,2.4
13919,40,Medium Risk - Monitor,52,3,384.81,13.74321429,5,4
12601,40,Medium Risk - Monitor,189,6,577.06,20.60928571,1,11.1
13908,40,Medium Risk - Monitor,79,5,2369.55,19.42254098,4,9.2
16533,40,Medium Risk - Monitor,18,5,1082.81,6.152329545,4,2.2
17980,40,Medium Risk - Monitor,165,3,811.45,27.04833333,0,11.9
13890,40,Medium Risk - Monitor,0,14,1883.81,17.12554545,4,11.9
13883,40,Medium Risk - Monitor,0,9,2674.48,18.8343662,13,10.8
16551,40,Medium Risk - Monitor,95,3,922.12,28.81625,0,11.2
16552,40,Medium Risk - Monitor,242,2,379.73,22.33705882,0,12.4
16553,40,Medium Risk - Monitor,162,14,5719.82,68.09309524,2,12.2
16554,40,Medium Risk - Monitor,2,7,837.1,16.09807692,22,11
16558,40,Medium Risk - Monitor,0,24,8338.49,18.12715217,14,12.2
16567,40,Medium Risk - Monitor,193,2,865.6,24.73142857,0,11.2
16571,40,Medium Risk - Monitor,2,5,1421.69,16.34126437,19,9.4
12597,40,Medium Risk - Monitor,18,5,3811.22,18.50106796,8,8.9
16573,40,Medium Risk - Monitor,73,4,663.61,15.8002381,4,9.6
13862,40,Medium Risk - Monitor,17,10,2209.36,15.89467626,3,11
12592,40,Medium Risk - Monitor,91,2,437.6,24.31111111,0,7.1
13851,40,Medium Risk - Monitor,95,3,2651.46,32.73407407,0,9.6
13848,40,Medium Risk - Monitor,91,3,1255,251,0,12.2
13846,40,Medium Risk - Monitor,24,4,865.06,15.72836364,3,12
16592,40,Medium Risk - Monitor,3,19,4113.68,19.04481481,6,9.6
17990,40,Medium Risk - Monitor,236,3,630.84,21.75310345,0,12
14582,35,Medium Risk - Monitor,40,1,114.11,19.01833333,0,1.3
12890,35,Medium Risk - Monitor,23,1,376.72,4.768607595,0,0.8
14581,35,Medium Risk - Monitor,16,1,138.6,8.152941176,0,0.5
12740,35,Medium Risk - Monitor,63,1,427.6,15.83703704,0,2.1
15645,35,Medium Risk - Monitor,18,1,612.01,11.76942308,0,0.6
14714,35,Medium Risk - Monitor,23,1,160.19,16.019,0,0.8
14578,35,Medium Risk - Monitor,2,1,168.63,7.02625,0,0.1
17680,35,Medium Risk - Monitor,23,1,184.4,16.76363636,0,0.8
15652,35,Medium Risk - Monitor,90,1,337.74,16.08285714,0,3
16666,35,Medium Risk - Monitor,18,1,118.98,3.718125,0,0.6
17684,35,Medium Risk - Monitor,43,1,239.41,15.96066667,0,1.4
14569,35,Medium Risk - Monitor,0,1,227.39,18.94916667,0,0
15035,35,Medium Risk - Monitor,89,1,252.73,9.36037037,0,3
15276,35,Medium Risk - Monitor,65,1,128.63,2.625102041,0,2.2
18255,35,Medium Risk - Monitor,88,1,103.3,17.21666667,0,2.9
16680,35,Medium Risk - Monitor,42,1,183.7,18.37,0,1.4
12446,35,Medium Risk - Monitor,57,1,1002.31,17.2812069,0,1.9
12772,35,Medium Risk - Monitor,59,1,892.47,16.22672727,0,2
14703,35,Medium Risk - Monitor,14,1,318.17,14.46227273,0,0.5
15677,35,Medium Risk - Monitor,48,1,657.23,19.91606061,0,1.6
13732,35,Medium Risk - Monitor,27,1,491.86,14.90484848,0,0.9
17333,35,Medium Risk - Monitor,85,1,494.25,17.65178571,0,2.8
15428,35,Medium Risk - Monitor,14,1,93.78,15.63,0,0.5
15692,35,Medium Risk - Monitor,27,1,191.04,15.92,0,0.9
15432,35,Medium Risk - Monitor,22,1,171.19,17.119,0,0.7
12581,35,Medium Risk - Monitor,39,1,197.71,13.18066667,0,1.3
15699,35,Medium Risk - Monitor,17,1,309.65,17.20277778,0,0.6
16715,35,Medium Risk - Monitor,77,1,301.72,15.88,0,2.6
15551,35,Medium Risk - Monitor,36,1,436.06,15.03655172,0,1.2
15300,35,Medium Risk - Monitor,63,1,496.44,17.73,0,2.1
15025,35,Medium Risk - Monitor,32,1,361.96,5.40238806,0,1.1
16720,35,Medium Risk - Monitor,25,1,152.95,6.118,0,0.8
13193,35,Medium Risk - Monitor,60,1,112.08,4.4832,0,2
14518,35,Medium Risk - Monitor,63,1,174.37,10.898125,0,2.1
17344,35,Medium Risk - Monitor,45,1,157.62,5.084516129,0,1.5
17878,35,Medium Risk - Monitor,43,1,379.45,14.59423077,0,1.4
13721,35,Medium Risk - Monitor,35,1,524.14,18.71928571,0,1.2
15720,35,Medium Risk - Monitor,23,1,598.73,4.677578125,0,0.8
15721,35,Medium Risk - Monitor,11,1,471.4,5.611904762,0,0.4
15634,35,Medium Risk - Monitor,16,1,243.55,16.23666667,0,0.5
17806,35,Medium Risk - Monitor,10,1,546.04,12.69860465,0,0.3
15725,35,Medium Risk - Monitor,14,1,415.25,12.9765625,0,0.5
14585,35,Medium Risk - Monitor,49,1,157.05,5.415517241,0,1.6
15017,35,Medium Risk - Monitor,33,1,125.58,6.279,0,1.1
13182,35,Medium Risk - Monitor,44,1,121.18,11.01636364,0,1.5
15010,35,Medium Risk - Monitor,35,1,308.94,15.447,0,1.2
17359,35,Medium Risk - Monitor,10,1,127.86,8.524,0,0.3
13697,35,Medium Risk - Monitor,38,1,151.3,12.60833333,0,1.3
16753,35,Medium Risk - Monitor,57,1,223.92,6.585882353,0,1.9
15740,35,Medium Risk - Monitor,48,1,154.88,17.20888889,0,1.6
15744,35,Medium Risk - Monitor,77,1,34.8,11.6,0,2.6
13690,35,Medium Risk - Monitor,58,1,172.25,19.13888889,0,1.9
12718,35,Medium Risk - Monitor,70,1,238.25,12.53947368,0,2.3
15748,35,Medium Risk - Monitor,39,1,144.36,7.218,0,1.3
12491,35,Medium Risk - Monitor,38,1,460.4,17.70769231,0,1.3
14494,35,Medium Risk - Monitor,25,1,139.56,19.93714286,0,0.8
13670,35,Medium Risk - Monitor,74,1,349.7,13.988,0,2.5
15006,35,Medium Risk - Monitor,50,1,480.38,3.639242424,0,1.7
16758,35,Medium Risk - Monitor,64,1,369.34,16.78818182,0,2.1
13177,35,Medium Risk - Monitor,64,1,282.45,16.61470588,0,2.1
15774,35,Medium Risk - Monitor,68,1,270.8,10.832,0,2.3
17712,35,Medium Risk - Monitor,44,1,522.91,18.03137931,0,1.5
15318,35,Medium Risk - Monitor,3,1,312.62,9.473333333,0,0.1
13638,35,Medium Risk - Monitor,15,1,122.64,15.33,0,0.5
17885,35,Medium Risk - Monitor,11,1,156.34,2.949811321,0,0.4
15783,35,Medium Risk - Monitor,10,1,246.3,17.59285714,0,0.3
18117,35,Medium Risk - Monitor,25,1,315.65,4.384027778,0,0.8
14485,35,Medium Risk - Monitor,38,1,162.8,3.539130435,0,1.3
15790,35,Medium Risk - Monitor,9,1,218.75,6.433823529,0,0.3
17379,35,Medium Risk - Monitor,10,1,389.72,4.996410256,0,0.3
13635,35,Medium Risk - Monitor,67,1,1071.03,17.27467742,0,2.2
16773,35,Medium Risk - Monitor,56,1,171.59,6.599615385,0,1.9
16776,35,Medium Risk - Monitor,59,1,371.54,5.232957746,0,2
17383,35,Medium Risk - Monitor,3,1,193.39,3.946734694,0,0.1
17385,35,Medium Risk - Monitor,14,1,256.11,5.691333333,0,0.5
12847,35,Medium Risk - Monitor,21,1,843.64,10.04333333,0,0.7
15435,35,Medium Risk - Monitor,21,1,149.29,5.147931034,0,0.7
16789,35,Medium Risk - Monitor,7,1,80.8,16.16,0,0.2
18014,35,Medium Risk - Monitor,27,1,162.22,5.407333333,0,0.9
16793,35,Medium Risk - Monitor,56,1,243.84,15.24,0,1.9
13176,35,Medium Risk - Monitor,45,1,481.49,7.18641791,0,1.5
16796,35,Medium Risk - Monitor,88,1,305.62,16.97888889,0,2.9
16800,35,Medium Risk - Monitor,10,1,1162.65,7.452884615,0,0.3
15320,35,Medium Risk - Monitor,43,1,267.13,7.420277778,0,1.4
16803,35,Medium Risk - Monitor,64,1,332.3,13.84583333,0,2.1
18015,35,Medium Risk - Monitor,3,1,120.03,2.609347826,0,0.1
12478,35,Medium Risk - Monitor,3,1,680.99,18.91638889,0,0.1
18019,35,Medium Risk - Monitor,51,1,38.45,7.69,0,1.7
18022,35,Medium Risk - Monitor,35,1,612.72,3.736097561,0,1.2
15837,35,Medium Risk - Monitor,64,1,391.98,16.3325,0,2.1
17403,35,Medium Risk - Monitor,35,1,263.92,8.2475,0,1.2
13607,35,Medium Risk - Monitor,39,1,675.51,6.964020619,0,1.3
15844,35,Medium Risk - Monitor,45,1,130.74,11.88545455,0,1.5
18209,35,Medium Risk - Monitor,28,1,139.1,17.3875,0,0.9
15853,35,Medium Risk - Monitor,51,1,110.8,3.693333333,0,1.7
12702,35,Medium Risk - Monitor,19,1,219,18.25,0,0.6
18278,35,Medium Risk - Monitor,73,1,173.9,19.32222222,0,2.4
15553,35,Medium Risk - Monitor,59,1,428.93,7.798727273,0,2
15870,35,Medium Risk - Monitor,32,1,351.44,4.749189189,0,1.1
17895,35,Medium Risk - Monitor,43,1,95.45,6.363333333,0,1.4
13603,35,Medium Risk - Monitor,25,1,164.34,6.086666667,0,0.8
13602,35,Medium Risk - Monitor,64,1,428.89,18.6473913,0,2.1
16826,35,Medium Risk - Monitor,50,1,341.7,15.53181818,0,1.7
15886,35,Medium Risk - Monitor,59,1,181.09,15.09083333,0,2
12550,35,Medium Risk - Monitor,78,1,964.83,16.92684211,0,2.6
13594,35,Medium Risk - Monitor,52,1,396.97,15.26807692,0,1.7
16830,35,Medium Risk - Monitor,38,1,325.91,14.17,0,1.3
13170,35,Medium Risk - Monitor,26,1,108.81,3.627,0,0.9
12667,35,Medium Risk - Monitor,57,1,620.13,18.79181818,0,1.9
15000,35,Medium Risk - Monitor,47,1,490.52,6.37038961,0,1.6
15900,35,Medium Risk - Monitor,23,1,337.28,7.176170213,0,0.8
15904,35,Medium Risk - Monitor,7,1,164.68,5.489333333,0,0.2
18033,35,Medium Risk - Monitor,64,1,93.82,2.843030303,0,2.1
17901,35,Medium Risk - Monitor,28,1,110.38,5.809473684,0,0.9
14974,35,Medium Risk - Monitor,36,1,89.94,5.290588235,0,1.2
16846,35,Medium Risk - Monitor,49,1,214.32,19.48363636,0,1.6
16847,35,Medium Risk - Monitor,42,1,193.44,16.12,0,1.4
12660,35,Medium Risk - Monitor,10,1,245.1,18.85384615,0,0.3
14382,35,Medium Risk - Monitor,25,1,615.49,4.88484127,0,0.8
15520,35,Medium Risk - Monitor,1,1,343.5,19.08333333,0,0
14381,35,Medium Risk - Monitor,51,1,202.68,3.619285714,0,1.7
13560,35,Medium Risk - Monitor,6,1,171.42,5.356875,0,0.2
16856,35,Medium Risk - Monitor,14,1,35.4,17.7,0,0.5
13146,35,Medium Risk - Monitor,25,1,228.91,13.46529412,0,0.8
13532,35,Medium Risk - Monitor,33,1,210.31,3.186515152,0,1.1
13142,35,Medium Risk - Monitor,18,1,307.09,13.35173913,0,0.6
17433,35,Medium Risk - Monitor,87,1,303.16,5.614074074,0,2.9
14362,35,Medium Risk - Monitor,21,1,151.5,4.094594595,0,0.7
14806,35,Medium Risk - Monitor,74,1,193.39,17.58090909,0,2.5
18045,35,Medium Risk - Monitor,44,1,178.34,4.14744186,0,1.5
15957,35,Medium Risk - Monitor,31,1,428.89,10.21166667,0,1
15958,35,Medium Risk - Monitor,73,1,104.35,14.90714286,0,2.4
16887,35,Medium Risk - Monitor,34,1,192.33,5.3425,0,1.1
14666,35,Medium Risk - Monitor,23,1,195.25,13.94642857,0,0.8
15975,35,Medium Risk - Monitor,83,1,371.01,15.45875,0,2.8
17911,35,Medium Risk - Monitor,8,1,366.23,9.390512821,0,0.3
14801,35,Medium Risk - Monitor,60,1,189.34,3.321754386,0,2
16895,35,Medium Risk - Monitor,64,1,202.27,3.262419355,0,2.1
15986,35,Medium Risk - Monitor,29,1,168.12,12.00857143,0,1
15988,35,Medium Risk - Monitor,18,1,156.78,6.03,0,0.6
15992,35,Medium Risk - Monitor,3,1,41.99,13.99666667,0,0.1
13518,35,Medium Risk - Monitor,85,1,627.16,17.42111111,0,2.8
15994,35,Medium Risk - Monitor,54,1,414.27,12.9459375,0,1.8
18181,35,Medium Risk - Monitor,23,1,366.85,8.947560976,0,0.8
14357,35,Medium Risk - Monitor,42,1,225.12,5.628,0,1.4
13504,35,Medium Risk - Monitor,63,1,295.93,13.45136364,0,2.1
16903,35,Medium Risk - Monitor,28,1,363.2,6.485714286,0,0.9
16017,35,Medium Risk - Monitor,46,1,211.88,6.62125,0,1.5
13503,35,Medium Risk - Monitor,70,1,216.85,12.75588235,0,2.3
16024,35,Medium Risk - Monitor,11,1,251.03,3.984603175,0,0.4
16025,35,Medium Risk - Monitor,29,1,439.66,15.70214286,0,1
16026,35,Medium Risk - Monitor,42,1,236.09,7.3778125,0,1.4
16914,35,Medium Risk - Monitor,35,1,183.76,6.125333333,0,1.2
14349,35,Medium Risk - Monitor,9,1,133.5,4.306451613,0,0.3
17914,35,Medium Risk - Monitor,3,1,329.36,4.391466667,0,0.1
13127,35,Medium Risk - Monitor,77,1,259.17,17.278,0,2.6
12538,35,Medium Risk - Monitor,28,1,363.95,17.33095238,0,0.9
16921,35,Medium Risk - Monitor,60,1,154.18,2.803272727,0,2
15335,35,Medium Risk - Monitor,53,1,170.22,4.863428571,0,1.8
12659,35,Medium Risk - Monitor,29,1,91.68,18.336,0,1
14345,35,Medium Risk - Monitor,38,1,108.98,18.16333333,0,1.3
16052,35,Medium Risk - Monitor,53,1,362.06,10.64882353,0,1.8
12442,35,Medium Risk - Monitor,2,1,172.06,14.33833333,0,0.1
14652,35,Medium Risk - Monitor,76,1,114.18,3.937241379,0,2.5
16056,35,Medium Risk - Monitor,44,1,650.75,9.859848485,0,1.5
12824,35,Medium Risk - Monitor,59,1,397.12,15.8848,0,2
18126,35,Medium Risk - Monitor,60,1,200.92,3.863846154,0,2
14300,35,Medium Risk - Monitor,18,1,43.2,14.4,0,0.6
16932,35,Medium Risk - Monitor,52,1,150.23,3.129791667,0,1.7
16071,35,Medium Risk - Monitor,44,1,326.24,15.5352381,0,1.5
15343,35,Medium Risk - Monitor,86,1,364.5,17.35714286,0,2.9
16936,35,Medium Risk - Monitor,25,1,261.9,4.676785714,0,0.8
17767,35,Medium Risk - Monitor,14,1,271.2,12.91428571,0,0.5
14799,35,Medium Risk - Monitor,50,1,157.7,12.13076923,0,1.7
17458,35,Medium Risk - Monitor,14,1,316.5,5.861111111,0,0.5
12658,35,Medium Risk - Monitor,18,1,686.05,19.05694444,0,0.6
18216,35,Medium Risk - Monitor,30,1,481.75,18.52884615,0,1
14968,35,Medium Risk - Monitor,29,1,147.59,3.988918919,0,1
14966,35,Medium Risk - Monitor,14,1,183.02,5.083888889,0,0.5
15348,35,Medium Risk - Monitor,71,1,158.04,17.56,0,2.4
17475,35,Medium Risk - Monitor,78,1,194.37,13.88357143,0,2.6
16959,35,Medium Risk - Monitor,86,1,117.35,16.76428571,0,2.9
16104,35,Medium Risk - Monitor,61,1,298.21,10.65035714,0,2
12812,35,Medium Risk - Monitor,44,1,229.64,15.30933333,0,1.5
16106,35,Medium Risk - Monitor,65,1,108.38,18.06333333,0,2.2
13483,35,Medium Risk - Monitor,65,1,140.34,14.034,0,2.2
12398,35,Medium Risk - Monitor,45,1,1635.66,19.24305882,0,1.5
14219,35,Medium Risk - Monitor,3,1,89.94,12.84857143,0,0.1
14218,35,Medium Risk - Monitor,42,1,169.48,14.12333333,0,1.4
13095,35,Medium Risk - Monitor,70,1,74.4,12.4,0,2.3
15153,35,Medium Risk - Monitor,30,1,329.25,14.96590909,0,1
16123,35,Medium Risk - Monitor,51,1,307.78,19.23625,0,1.7
17498,35,Medium Risk - Monitor,75,1,272.22,16.01294118,0,2.5
14204,35,Medium Risk - Monitor,1,1,150.61,3.861794872,0,0
16127,35,Medium Risk - Monitor,38,1,656.25,16.40625,0,1.3
16978,35,Medium Risk - Monitor,77,1,344.33,8.828974359,0,2.6
14954,35,Medium Risk - Monitor,11,1,294.85,3.829220779,0,0.4
16982,35,Medium Risk - Monitor,60,1,384.06,17.45727273,0,2
15148,35,Medium Risk - Monitor,10,1,301.29,15.0645,0,0.3
16988,35,Medium Risk - Monitor,4,1,126.12,18.01714286,0,0.1
13464,35,Medium Risk - Monitor,57,1,674.68,16.45560976,0,1.9
15450,35,Medium Risk - Monitor,29,1,429.84,14.328,0,1
15556,35,Medium Risk - Monitor,23,1,279.77,9.02483871,0,0.8
14184,35,Medium Risk - Monitor,66,1,452.89,18.87041667,0,2.2
15175,35,Medium Risk - Monitor,71,1,224.14,9.745217391,0,2.4
17011,35,Medium Risk - Monitor,29,1,270.9,18.06,0,1
14174,35,Medium Risk - Monitor,32,1,134.46,5.171538462,0,1.1
17022,35,Medium Risk - Monitor,30,1,71,10.14285714,0,1
13067,35,Medium Risk - Monitor,81,1,115.46,7.697333333,0,2.7
15142,35,Medium Risk - Monitor,45,1,498.74,19.18230769,0,1.5
17936,35,Medium Risk - Monitor,4,1,380.13,5.279583333,0,0.1
17030,35,Medium Risk - Monitor,63,1,146.87,13.35181818,0,2.1
17510,35,Medium Risk - Monitor,24,1,308.48,15.424,0,0.8
17038,35,Medium Risk - Monitor,29,1,112.4,5.109090909,0,1
14158,35,Medium Risk - Monitor,39,1,507.66,12.38195122,0,1.3
16179,35,Medium Risk - Monitor,60,1,215.83,19.62090909,0,2
13449,35,Medium Risk - Monitor,23,1,291.88,15.36210526,0,0.8
17839,35,Medium Risk - Monitor,41,1,318.15,6.118269231,0,1.4
14953,35,Medium Risk - Monitor,24,1,285.67,5.290185185,0,0.8
14139,35,Medium Risk - Monitor,45,1,415.82,15.99307692,0,1.5
16204,35,Medium Risk - Monitor,22,1,384.18,7.6836,0,0.7
17520,35,Medium Risk - Monitor,53,1,546.81,18.227,0,1.8
16215,35,Medium Risk - Monitor,80,1,242.35,17.31071429,0,2.7
15185,35,Medium Risk - Monitor,69,1,310.62,14.79142857,0,2.3
18067,35,Medium Risk - Monitor,39,1,396.33,10.71162162,0,1.3
13436,35,Medium Risk - Monitor,1,1,196.89,16.4075,0,0
17052,35,Medium Risk - Monitor,27,1,399.09,4.808313253,0,0.9
15610,35,Medium Risk - Monitor,51,1,112.46,18.74333333,0,1.7
12650,35,Medium Risk - Monitor,2,1,314.44,15.722,0,0.1
14641,35,Medium Risk - Monitor,21,1,110.46,15.78,0,0.7
12531,35,Medium Risk - Monitor,14,1,125.22,7.365882353,0,0.5
14951,35,Medium Risk - Monitor,78,1,311.69,15.5845,0,2.6
17947,35,Medium Risk - Monitor,36,1,176.68,19.63111111,0,1.2
13428,35,Medium Risk - Monitor,9,1,201.78,2.841971831,0,0.3
14923,35,Medium Risk - Monitor,50,1,749.1,17.025,0,1.7
15604,35,Medium Risk - Monitor,51,1,216.39,12.72882353,0,1.7
14098,35,Medium Risk - Monitor,36,1,147.35,7.016666667,0,1.2
17538,35,Medium Risk - Monitor,25,1,98.42,10.93555556,0,0.8
14093,35,Medium Risk - Monitor,11,1,433.86,4.3386,0,0.4
15463,35,Medium Risk - Monitor,28,1,126.14,18.02,0,0.9
14089,35,Medium Risk - Monitor,56,1,158.75,12.21153846,0,1.9
14080,35,Medium Risk - Monitor,32,1,45.6,11.4,0,1.1
17831,35,Medium Risk - Monitor,32,1,35.4,17.7,0,1.1
18249,35,Medium Risk - Monitor,16,1,95.34,11.9175,0,0.5
14054,35,Medium Risk - Monitor,64,1,92.46,15.41,0,2.1
15115,35,Medium Risk - Monitor,17,1,340.11,16.19571429,0,0.6
14598,35,Medium Risk - Monitor,43,1,221.97,4.4394,0,1.4
15099,35,Medium Risk - Monitor,83,1,410.48,17.84695652,0,2.8
14052,35,Medium Risk - Monitor,19,1,225.36,4.024285714,0,0.6
13419,35,Medium Risk - Monitor,63,1,221.06,13.81625,0,2.1
12966,35,Medium Risk - Monitor,9,1,160.18,16.018,0,0.3
12965,35,Medium Risk - Monitor,88,1,769.81,7.12787037,0,2.9
15466,35,Medium Risk - Monitor,84,1,334.53,5.868947368,0,2.8
17111,35,Medium Risk - Monitor,46,1,231.61,7.986551724,0,1.5
16318,35,Medium Risk - Monitor,34,1,328.15,17.27105263,0,1.1
17561,35,Medium Risk - Monitor,18,1,165.12,3.669333333,0,0.6
17832,35,Medium Risk - Monitor,49,1,155.37,2.54704918,0,1.6
13372,35,Medium Risk - Monitor,89,1,378.64,16.4626087,0,3
17957,35,Medium Risk - Monitor,65,1,111.68,3.602580645,0,2.2
16337,35,Medium Risk - Monitor,36,1,151.05,15.105,0,1.2
14027,35,Medium Risk - Monitor,60,1,104.82,17.47,0,2
12953,35,Medium Risk - Monitor,9,1,329.85,19.40294118,0,0.3
15097,35,Medium Risk - Monitor,3,1,248.08,9.9232,0,0.1
15096,35,Medium Risk - Monitor,42,1,219.39,19.94454545,0,1.4
16345,35,Medium Risk - Monitor,43,1,565.46,15.2827027,0,1.4
14014,35,Medium Risk - Monitor,76,1,505.18,12.95333333,0,2.5
17785,35,Medium Risk - Monitor,52,1,131.94,10.14923077,0,1.7
15539,35,Medium Risk - Monitor,6,1,538.46,13.13317073,0,0.2
12638,35,Medium Risk - Monitor,32,1,671.69,17.22282051,0,1.1
17125,35,Medium Risk - Monitor,49,1,230.5,6.585714286,0,1.6
15471,35,Medium Risk - Monitor,1,1,454.48,6.225753425,0,0
16366,35,Medium Risk - Monitor,18,1,327.3,18.18333333,0,0.6
13356,35,Medium Risk - Monitor,79,1,768.24,18.29142857,0,2.6
12519,35,Medium Risk - Monitor,63,1,330.84,19.46117647,0,2.1
13354,35,Medium Risk - Monitor,70,1,743.53,14.57901961,0,2.3
14756,35,Medium Risk - Monitor,14,1,738.96,19.44631579,0,0.5
13992,35,Medium Risk - Monitor,29,1,76.8,15.36,0,1
13349,35,Medium Risk - Monitor,10,1,247.32,15.4575,0,0.3
15475,35,Medium Risk - Monitor,76,1,454.11,15.65896552,0,2.5
17148,35,Medium Risk - Monitor,51,1,124.88,13.87555556,0,1.7
17600,35,Medium Risk - Monitor,17,1,161.67,12.43615385,0,0.6
12618,35,Medium Risk - Monitor,21,1,177.31,16.11909091,0,0.7
13980,35,Medium Risk - Monitor,59,1,200.14,18.19454545,0,2
16404,35,Medium Risk - Monitor,69,1,443.05,19.26304348,0,2.3
17153,35,Medium Risk - Monitor,23,1,213.78,15.27,0,0.8
16406,35,Medium Risk - Monitor,18,1,154.35,2.616101695,0,0.6
16412,35,Medium Risk - Monitor,53,1,135.99,4.533,0,1.8
16413,35,Medium Risk - Monitor,56,1,262.2,8.458064516,0,1.9
16415,35,Medium Risk - Monitor,43,1,200.27,4.26106383,0,1.4
12617,35,Medium Risk - Monitor,28,1,352.98,8.609268293,0,0.9
16423,35,Medium Risk - Monitor,24,1,346.12,19.22888889,0,0.8
17154,35,Medium Risk - Monitor,74,1,329.34,14.31913043,0,2.5
13979,35,Medium Risk - Monitor,72,1,869.87,16.1087037,0,2.4
13348,35,Medium Risk - Monitor,63,1,233.76,16.69714286,0,2.1
13974,35,Medium Risk - Monitor,48,1,413.59,14.77107143,0,1.6
12611,35,Medium Risk - Monitor,51,1,1193.32,18.35876923,0,1.7
16433,35,Medium Risk - Monitor,27,1,184.26,10.83882353,0,0.9
16445,35,Medium Risk - Monitor,33,1,230.51,3.658888889,0,1.1
12938,35,Medium Risk - Monitor,25,1,114.14,12.68222222,0,0.8
13336,35,Medium Risk - Monitor,76,1,795.12,15.59058824,0,2.5
13332,35,Medium Risk - Monitor,13,1,350.9,16.70952381,0,0.4
14753,35,Medium Risk - Monitor,86,1,563.15,18.77166667,0,2.9
16451,35,Medium Risk - Monitor,87,1,266.97,19.06928571,0,2.9
12391,35,Medium Risk - Monitor,21,1,439.66,4.727526882,0,0.7
13947,35,Medium Risk - Monitor,64,1,90.6,18.12,0,2.1
13938,35,Medium Risk - Monitor,34,1,71.66,10.23714286,0,1.1
15243,35,Medium Risk - Monitor,73,1,316.68,14.39454545,0,2.4
14881,35,Medium Risk - Monitor,19,1,255.4,15.02352941,0,0.6
13322,35,Medium Risk - Monitor,16,1,199.48,7.9792,0,0.5
17791,35,Medium Risk - Monitor,29,1,106.1,10.61,0,1
16480,35,Medium Risk - Monitor,75,1,769.29,14.51490566,0,2.5
16482,35,Medium Risk - Monitor,15,1,220.62,12.25666667,0,0.5
18082,35,Medium Risk - Monitor,25,1,680.84,9.726285714,0,0.8
17201,35,Medium Risk - Monitor,53,1,289.78,7.625789474,0,1.8
16485,35,Medium Risk - Monitor,76,1,363.65,8.658333333,0,2.5
16491,35,Medium Risk - Monitor,46,1,731.5,18.75641026,0,1.5
13927,35,Medium Risk - Monitor,74,1,348.99,16.61857143,0,2.5
12602,35,Medium Risk - Monitor,58,1,153.12,12.76,0,1.9
15540,35,Medium Risk - Monitor,10,1,213.3,14.22,0,0.3
17977,35,Medium Risk - Monitor,28,1,288.14,13.72095238,0,0.9
16504,35,Medium Risk - Monitor,24,1,465.88,5.613012048,0,0.8
17614,35,Medium Risk - Monitor,56,1,386.32,3.942040816,0,1.9
13923,35,Medium Risk - Monitor,53,1,351.13,17.5565,0,1.8
16516,35,Medium Risk - Monitor,29,1,101.7,16.95,0,1
17836,35,Medium Risk - Monitor,46,1,110.21,4.592083333,0,1.5
15592,35,Medium Risk - Monitor,46,1,388.58,16.19083333,0,1.5
17219,35,Medium Risk - Monitor,31,1,114.23,4.5692,0,1
16527,35,Medium Risk - Monitor,80,1,228.06,16.29,0,2.7
16528,35,Medium Risk - Monitor,3,1,244.41,14.37705882,0,0.1
13897,35,Medium Risk - Monitor,49,1,311.16,18.30352941,0,1.6
17222,35,Medium Risk - Monitor,64,1,328.65,12.17222222,0,2.1
16535,35,Medium Risk - Monitor,4,1,593.75,19.15322581,0,0.1
12923,35,Medium Risk - Monitor,63,1,172.82,6.172142857,0,2.1
17623,35,Medium Risk - Monitor,32,1,527.05,15.97121212,0,1.1
13886,35,Medium Risk - Monitor,70,1,243.56,15.2225,0,2.3
17628,35,Medium Risk - Monitor,80,1,75.75,15.15,0,2.7
12367,35,Medium Risk - Monitor,3,1,168.9,15.35454545,0,0.1
15255,35,Medium Risk - Monitor,66,1,890.85,18.95425532,0,2.2
17233,35,Medium Risk - Monitor,34,1,190.88,7.6352,0,1.1
13278,35,Medium Risk - Monitor,40,1,542.73,11.79847826,0,1.3
12920,35,Medium Risk - Monitor,16,1,162.78,6.028888889,0,0.5
13876,35,Medium Risk - Monitor,63,1,122.7,17.52857143,0,2.1
15637,35,Medium Risk - Monitor,52,1,223.36,14.89066667,0,1.7
14675,35,Medium Risk - Monitor,15,1,596.36,6.148041237,0,0.5
17247,35,Medium Risk - Monitor,14,1,280.09,5.186851852,0,0.5
14725,35,Medium Risk - Monitor,24,1,655.58,13.94851064,0,0.8
16574,35,Medium Risk - Monitor,70,1,451.44,16.12285714,0,2.3
17793,35,Medium Risk - Monitor,24,1,300.34,5.775769231,0,0.8
17647,35,Medium Risk - Monitor,64,1,133.06,19.00857143,0,2.1
13858,35,Medium Risk - Monitor,56,1,216.17,19.65181818,0,1.9
17253,35,Medium Risk - Monitor,17,1,178.26,9.903333333,0,0.6
18088,35,Medium Risk - Monitor,60,1,166.03,4.487297297,0,2
14830,35,Medium Risk - Monitor,52,1,188.88,4.843076923,0,1.7
15504,35,Medium Risk - Monitor,80,1,52.83,4.063846154,0,2.7
16594,35,Medium Risk - Monitor,74,1,181.09,3.416792453,0,2.5
16595,35,Medium Risk - Monitor,60,1,360.16,4.237176471,0,2
16597,35,Medium Risk - Monitor,3,1,90.04,12.86285714,0,0.1
15417,35,Medium Risk - Monitor,84,1,508.8,18.17142857,0,2.8
16601,35,Medium Risk - Monitor,40,1,242.7,8.09,0,1.3
12893,35,Medium Risk - Monitor,30,1,176.55,5.69516129,0,1
15419,35,Medium Risk - Monitor,24,1,135.86,16.9825,0,0.8
13844,35,Medium Risk - Monitor,10,1,361.62,18.081,0,0.3
12390,35,Medium Risk - Monitor,79,1,549.84,17.1825,0,2.6
13828,35,Medium Risk - Monitor,21,1,209.49,13.966,0,0.7
17274,35,Medium Risk - Monitor,34,1,107.82,4.3128,0,1.1
18104,35,Medium Risk - Monitor,36,1,754.64,19.85894737,0,1.2
13259,35,Medium Risk - Monitor,61,1,283.18,3.496049383,0,2
13801,35,Medium Risk - Monitor,66,1,324.8,14.12173913,0,2.2
16627,35,Medium Risk - Monitor,78,1,322.8,16.14,0,2.6
18105,35,Medium Risk - Monitor,37,1,113.48,6.304444444,0,1.2
17286,35,Medium Risk - Monitor,21,1,151.37,3.440227273,0,0.7
13790,35,Medium Risk - Monitor,3,1,348.8,7.751111111,0,0.1
13774,35,Medium Risk - Monitor,81,1,345,15.68181818,0,2.7
13256,35,Medium Risk - Monitor,13,1,0,0.00E+00,0,0.4
17297,35,Medium Risk - Monitor,16,1,128.18,2.615918367,0,0.5
15264,35,Medium Risk - Monitor,63,1,393.74,17.11913043,0,2.1
17301,35,Medium Risk - Monitor,20,1,163.24,2.766779661,0,0.7
