customerid,lifetime_value,total_orders,customer_life_days,customer_percentile,revenue_contribution_pct,segment
14646,280206.02,77,353,0.02,3.15,Top 20% (Core Revenue)
18102,259657.3,62,366,0.05,6.07,Top 20% (Core Revenue)
17450,194390.79,55,359,0.07,8.26,Top 20% (Core Revenue)
16446,168472.5,3,204,0.09,10.16,Top 20% (Core Revenue)
14911,143711.17,248,372,0.12,11.77,Top 20% (Core Revenue)
12415,124914.53,26,313,0.14,13.18,Top 20% (Core Revenue)
14156,117210.08,66,362,0.16,14.5,Top 20% (Core Revenue)
17511,91062.38,46,370,0.18,15.52,Top 20% (Core Revenue)
16029,80850.84,76,335,0.21,16.43,Top 20% (Core Revenue)
12346,77183.6,2,0,0.23,17.3,Top 20% (Core Revenue)
16684,66653.56,31,353,0.25,18.05,Top 20% (Core Revenue)
14096,65164.79,34,97,0.28,18.79,Top 20% (Core Revenue)
13694,65039.62,60,369,0.3,19.52,Top 20% (Core Revenue)
15311,60632.75,118,373,0.32,20.2,Top 20% (Core Revenue)
13089,58762.08,118,366,0.35,20.86,Top 20% (Core Revenue)
17949,58510.48,52,370,0.37,21.52,Top 20% (Core Revenue)
15769,56252.72,29,363,0.39,22.15,Top 20% (Core Revenue)
15061,54534.14,55,368,0.41,22.77,Top 20% (Core Revenue)
14298,51527.3,45,357,0.44,23.35,Top 20% (Core Revenue)
14088,50491.81,14,312,0.46,23.91,Top 20% (Core Revenue)
15749,44534.3,4,97,0.48,24.41,Top 20% (Core Revenue)
12931,42055.96,20,336,0.51,24.89,Top 20% (Core Revenue)
17841,40519.84,169,371,0.53,25.34,Top 20% (Core Revenue)
15098,39916.5,5,0,0.55,25.79,Top 20% (Core Revenue)
13798,37153.85,63,370,0.58,26.21,Top 20% (Core Revenue)
16013,37130.6,54,367,0.6,26.63,Top 20% (Core Revenue)
16422,34684.4,75,351,0.62,27.02,Top 20% (Core Revenue)
15838,33643.08,21,360,0.65,27.4,Top 20% (Core Revenue)
12748,33053.19,224,372,0.67,27.77,Top 20% (Core Revenue)
17404,31906.82,18,356,0.69,28.13,Top 20% (Core Revenue)
17389,31833.68,43,338,0.71,28.49,Top 20% (Core Revenue)
13098,28882.44,41,316,0.74,28.81,Top 20% (Core Revenue)
14680,28754.11,23,346,0.76,29.14,Top 20% (Core Revenue)
13081,28337.38,21,369,0.78,29.45,Top 20% (Core Revenue)
13408,28117.04,81,371,0.81,29.77,Top 20% (Core Revenue)
17857,26879.04,25,362,0.83,30.07,Top 20% (Core Revenue)
16333,26626.8,22,302,0.85,30.37,Top 20% (Core Revenue)
13777,25977.16,41,372,0.88,30.66,Top 20% (Core Revenue)
12753,21429.39,11,358,0.9,30.91,Top 20% (Core Revenue)
12744,21279.29,10,266,0.92,31.15,Top 20% (Core Revenue)
16210,21086.3,18,372,0.95,31.38,Top 20% (Core Revenue)
17675,20374.28,41,366,0.97,31.61,Top 20% (Core Revenue)
17381,20275.61,30,363,0.99,31.84,Top 20% (Core Revenue)
12471,19788.65,49,370,1.01,32.06,Top 20% (Core Revenue)
15039,19766.59,52,359,1.04,32.28,Top 20% (Core Revenue)
12731,18895.91,14,341,1.06,32.5,Top 20% (Core Revenue)
15159,18641.01,34,359,1.08,32.71,Top 20% (Core Revenue)
12901,17654.54,36,261,1.11,32.91,Top 20% (Core Revenue)
12678,17628.46,13,311,1.13,33.1,Top 20% (Core Revenue)
14031,17286.86,23,365,1.15,33.3,Top 20% (Core Revenue)
17428,17256.85,33,368,1.18,33.49,Top 20% (Core Revenue)
13767,17220.36,52,371,1.2,33.69,Top 20% (Core Revenue)
13881,17159.52,22,308,1.22,33.88,Top 20% (Core Revenue)
16839,16594.35,39,360,1.24,34.07,Top 20% (Core Revenue)
12921,16587.09,50,369,1.27,34.25,Top 20% (Core Revenue)
17677,16345.38,43,367,1.29,34.44,Top 20% (Core Revenue)
15189,16225.39,53,331,1.31,34.62,Top 20% (Core Revenue)
14607,16209.5,17,245,1.34,34.8,Top 20% (Core Revenue)
15856,16143.64,31,361,1.36,34.98,Top 20% (Core Revenue)
14051,15610.39,26,365,1.38,35.16,Top 20% (Core Revenue)
15513,14758.22,22,342,1.41,35.33,Top 20% (Core Revenue)
16133,14589.04,46,314,1.43,35.49,Top 20% (Core Revenue)
14866,14389.9,13,355,1.45,35.65,Top 20% (Core Revenue)
16705,14034.99,29,358,1.48,35.81,Top 20% (Core Revenue)
12681,13787.54,27,353,1.5,35.96,Top 20% (Core Revenue)
12621,13689.67,23,364,1.52,36.12,Top 20% (Core Revenue)
12540,13400.24,19,342,1.54,36.27,Top 20% (Core Revenue)
12433,13375.87,7,372,1.57,36.42,Top 20% (Core Revenue)
15498,13316.4,35,366,1.59,36.57,Top 20% (Core Revenue)
12477,13219.74,9,288,1.61,36.72,Top 20% (Core Revenue)
17735,13110.02,19,365,1.64,36.87,Top 20% (Core Revenue)
16525,13027.45,29,364,1.66,37.01,Top 20% (Core Revenue)
14258,12669.98,10,328,1.68,37.16,Top 20% (Core Revenue)
13078,12627.94,43,365,1.71,37.3,Top 20% (Core Revenue)
12536,12601.83,5,51,1.73,37.44,Top 20% (Core Revenue)
15640,12416.11,17,367,1.75,37.58,Top 20% (Core Revenue)
16000,12393.7,3,0,1.78,37.72,Top 20% (Core Revenue)
17340,12353.29,16,357,1.8,37.86,Top 20% (Core Revenue)
12682,12279.82,31,367,1.82,38,Top 20% (Core Revenue)
13113,12245.96,40,365,1.84,38.13,Top 20% (Core Revenue)
14606,12076.15,128,372,1.87,38.27,Top 20% (Core Revenue)
12557,11990.96,5,355,1.89,38.4,Top 20% (Core Revenue)
12939,11581.8,8,270,1.91,38.53,Top 20% (Core Revenue)
15125,11528.48,23,245,1.94,38.66,Top 20% (Core Revenue)
14194,11349.52,32,303,1.96,38.79,Top 20% (Core Revenue)
12971,11189.91,89,368,1.98,38.92,Top 20% (Core Revenue)
14895,11138.71,24,314,2.01,39.04,Top 20% (Core Revenue)
12409,11072.67,7,103,2.03,39.17,Top 20% (Core Revenue)
17581,11025.24,31,371,2.05,39.29,Top 20% (Core Revenue)
15482,10879.76,16,343,2.07,39.41,Top 20% (Core Revenue)
13319,10845.55,36,362,2.1,39.54,Top 20% (Core Revenue)
17107,10797.48,7,245,2.12,39.66,Top 20% (Core Revenue)
13340,10736.48,7,231,2.14,39.78,Top 20% (Core Revenue)
17139,10650.77,15,273,2.17,39.9,Top 20% (Core Revenue)
16779,10611.72,28,364,2.19,40.02,Top 20% (Core Revenue)
17865,10526.32,27,333,2.21,40.14,Top 20% (Core Revenue)
17706,10504.49,22,362,2.24,40.25,Top 20% (Core Revenue)
15251,10484.99,15,232,2.26,40.37,Top 20% (Core Revenue)
14062,10464.85,12,354,2.28,40.49,Top 20% (Core Revenue)
14769,10416.98,10,354,2.31,40.61,Top 20% (Core Revenue)
15615,10399.74,27,348,2.33,40.72,Top 20% (Core Revenue)
15502,10384.93,23,353,2.35,40.84,Top 20% (Core Revenue)
16180,10254.18,10,152,2.37,40.96,Top 20% (Core Revenue)
16843,10196.57,17,284,2.4,41.07,Top 20% (Core Revenue)
12590,9864.26,3,20,2.42,41.18,Top 20% (Core Revenue)
13199,9817.12,39,363,2.44,41.29,Top 20% (Core Revenue)
13001,9785.97,15,322,2.47,41.4,Top 20% (Core Revenue)
15078,9743.11,38,361,2.49,41.51,Top 20% (Core Revenue)
12709,9706.52,26,363,2.51,41.62,Top 20% (Core Revenue)
13458,9646.57,22,352,2.54,41.73,Top 20% (Core Revenue)
14733,9585.91,15,358,2.56,41.84,Top 20% (Core Revenue)
16523,9418.47,28,313,2.58,41.94,Top 20% (Core Revenue)
12567,9401.28,11,346,2.6,42.05,Top 20% (Core Revenue)
14367,9227.82,19,267,2.63,42.15,Top 20% (Core Revenue)
14667,9175.04,27,357,2.65,42.26,Top 20% (Core Revenue)
18092,9068.26,12,363,2.67,42.36,Top 20% (Core Revenue)
12451,9035.52,6,313,2.7,42.46,Top 20% (Core Revenue)
13969,9024.17,20,357,2.72,42.56,Top 20% (Core Revenue)
13488,8968.31,17,350,2.74,42.66,Top 20% (Core Revenue)
13090,8910.82,18,364,2.77,42.76,Top 20% (Core Revenue)
16033,8778.82,27,364,2.79,42.86,Top 20% (Core Revenue)
17017,8694.26,27,369,2.81,42.96,Top 20% (Core Revenue)
17306,8631.31,21,342,2.84,43.06,Top 20% (Core Revenue)
16656,8625.8,21,342,2.86,43.15,Top 20% (Core Revenue)
17243,8540.05,30,368,2.88,43.25,Top 20% (Core Revenue)
14527,8507.13,86,371,2.9,43.35,Top 20% (Core Revenue)
12683,8476.57,20,361,2.93,43.44,Top 20% (Core Revenue)
18139,8438.34,8,1,2.95,43.54,Top 20% (Core Revenue)
15358,8347.2,29,360,2.97,43.63,Top 20% (Core Revenue)
16558,8338.49,24,365,3,43.72,Top 20% (Core Revenue)
14056,8152.71,29,282,3.02,43.82,Top 20% (Core Revenue)
14936,8137.02,9,266,3.04,43.91,Top 20% (Core Revenue)
16672,8134.94,23,264,3.07,44,Top 20% (Core Revenue)
13854,8109.52,29,356,3.09,44.09,Top 20% (Core Revenue)
14952,8099.49,15,320,3.11,44.18,Top 20% (Core Revenue)
18109,8004.92,31,368,3.14,44.27,Top 20% (Core Revenue)
14796,7975.49,27,365,3.16,44.36,Top 20% (Core Revenue)
12428,7956.46,12,257,3.18,44.45,Top 20% (Core Revenue)
15290,7943.22,21,354,3.2,44.54,Top 20% (Core Revenue)
14849,7930.54,28,351,3.23,44.63,Top 20% (Core Revenue)
12757,7834.65,19,195,3.25,44.72,Top 20% (Core Revenue)
13093,7832.47,13,106,3.27,44.81,Top 20% (Core Revenue)
12435,7829.89,2,188,3.3,44.89,Top 20% (Core Revenue)
13629,7792.36,11,315,3.32,44.98,Top 20% (Core Revenue)
17811,7761.82,51,329,3.34,45.07,Top 20% (Core Revenue)
15044,7634.73,22,342,3.37,45.15,Top 20% (Core Revenue)
15194,7616.53,22,365,3.39,45.24,Top 20% (Core Revenue)
18172,7561.68,25,279,3.41,45.33,Top 20% (Core Revenue)
13263,7436.93,35,323,3.43,45.41,Top 20% (Core Revenue)
12980,7374.9,12,203,3.46,45.49,Top 20% (Core Revenue)
15465,7354.62,24,349,3.48,45.57,Top 20% (Core Revenue)
17396,7330.8,8,332,3.5,45.66,Top 20% (Core Revenue)
12474,7324.09,30,351,3.53,45.74,Top 20% (Core Revenue)
12583,7281.38,18,370,3.55,45.82,Top 20% (Core Revenue)
13018,7277.7,29,279,3.57,45.9,Top 20% (Core Revenue)
18229,7276.9,20,361,3.6,45.99,Top 20% (Core Revenue)
16729,7205.33,26,205,3.62,46.07,Top 20% (Core Revenue)
16745,7180.7,18,225,3.64,46.15,Top 20% (Core Revenue)
16873,7123.62,10,359,3.67,46.23,Top 20% (Core Revenue)
13324,7121.95,12,328,3.69,46.31,Top 20% (Core Revenue)
16923,7069.08,26,350,3.71,46.39,Top 20% (Core Revenue)
13985,7060.13,16,260,3.73,46.47,Top 20% (Core Revenue)
14961,7044.68,12,349,3.76,46.55,Top 20% (Core Revenue)
12766,6989.63,7,362,3.78,46.62,Top 20% (Core Revenue)
12798,6977.04,3,160,3.8,46.7,Top 20% (Core Revenue)
12989,6924.11,19,361,3.83,46.78,Top 20% (Core Revenue)
13027,6912,6,240,3.85,46.86,Top 20% (Core Revenue)
16187,6911.44,17,252,3.87,46.94,Top 20% (Core Revenue)
16713,6910.78,21,348,3.9,47.01,Top 20% (Core Revenue)
17416,6893.42,9,251,3.92,47.09,Top 20% (Core Revenue)
12705,6868.29,14,341,3.94,47.17,Top 20% (Core Revenue)
12476,6816.42,20,359,3.96,47.25,Top 20% (Core Revenue)
12830,6814.64,7,134,3.99,47.32,Top 20% (Core Revenue)
15601,6776.56,17,361,4.01,47.4,Top 20% (Core Revenue)
16652,6773.97,11,219,4.03,47.47,Top 20% (Core Revenue)
18055,6761.34,11,362,4.06,47.55,Top 20% (Core Revenue)
16532,6748.8,3,320,4.08,47.63,Top 20% (Core Revenue)
15023,6720.41,12,366,4.1,47.7,Top 20% (Core Revenue)
13576,6717.34,20,362,4.13,47.78,Top 20% (Core Revenue)
15249,6688.46,15,224,4.15,47.85,Top 20% (Core Revenue)
16746,6680.11,19,354,4.17,47.93,Top 20% (Core Revenue)
16353,6675.71,23,366,4.2,48,Top 20% (Core Revenue)
12626,6620.48,13,303,4.22,48.08,Top 20% (Core Revenue)
16182,6617.65,4,222,4.24,48.15,Top 20% (Core Revenue)
15144,6580.44,18,304,4.26,48.23,Top 20% (Core Revenue)
12472,6572.11,13,342,4.29,48.3,Top 20% (Core Revenue)
17338,6493.54,10,344,4.31,48.37,Top 20% (Core Revenue)
18223,6484.54,27,356,4.33,48.45,Top 20% (Core Revenue)
15694,6479.4,15,372,4.36,48.52,Top 20% (Core Revenue)
13225,6463.84,8,358,4.38,48.59,Top 20% (Core Revenue)
13102,6424.09,27,363,4.4,48.66,Top 20% (Core Revenue)
12431,6419.95,18,338,4.43,48.74,Top 20% (Core Revenue)
16814,6416.7,22,355,4.45,48.81,Top 20% (Core Revenue)
13871,6403.25,14,286,4.47,48.88,Top 20% (Core Revenue)
12359,6310.03,6,323,4.5,48.95,Top 20% (Core Revenue)
13668,6309.83,29,359,4.52,49.02,Top 20% (Core Revenue)
13709,6307.65,17,311,4.54,49.09,Top 20% (Core Revenue)
15005,6295.37,35,350,4.56,49.16,Top 20% (Core Revenue)
16126,6287.77,4,267,4.59,49.24,Top 20% (Core Revenue)
17315,6281.23,43,356,4.61,49.31,Top 20% (Core Revenue)
14057,6211.66,18,336,4.63,49.38,Top 20% (Core Revenue)
12357,6207.67,1,0,4.66,49.45,Top 20% (Core Revenue)
14060,6140.42,20,368,4.68,49.52,Top 20% (Core Revenue)
13418,6127.43,23,360,4.7,49.58,Top 20% (Core Revenue)
15939,6115.01,16,241,4.73,49.65,Top 20% (Core Revenue)
17509,6083.64,11,5,4.75,49.72,Top 20% (Core Revenue)
14735,6065.69,34,354,4.77,49.79,Top 20% (Core Revenue)
13097,6003.22,14,327,4.79,49.86,Top 20% (Core Revenue)
12637,6002.9,10,256,4.82,49.92,Top 20% (Core Revenue)
14101,5976.79,6,252,4.84,49.99,Top 20% (Core Revenue)
15382,5955.71,8,280,4.86,50.06,Top 20% (Core Revenue)
14944,5900.25,14,322,4.89,50.13,Top 20% (Core Revenue)
13209,5891.61,11,331,4.91,50.19,Top 20% (Core Revenue)
13534,5870.08,43,355,4.93,50.26,Top 20% (Core Revenue)
14505,5859.43,11,344,4.96,50.32,Top 20% (Core Revenue)
14415,5855.57,18,359,4.98,50.39,Top 20% (Core Revenue)
13050,5836.86,28,357,5,50.46,Top 20% (Core Revenue)
12720,5781.73,29,366,5.03,50.52,Top 20% (Core Revenue)
15218,5756.89,11,308,5.05,50.58,Top 20% (Core Revenue)
17686,5739.46,7,295,5.07,50.65,Top 20% (Core Revenue)
13316,5732.93,5,217,5.09,50.71,Top 20% (Core Revenue)
13178,5725.47,11,334,5.12,50.78,Top 20% (Core Revenue)
16553,5719.82,14,203,5.14,50.84,Top 20% (Core Revenue)
13468,5704.97,41,371,5.16,50.91,Top 20% (Core Revenue)
14110,5683.15,13,263,5.19,50.97,Top 20% (Core Revenue)
17716,5655.99,12,245,5.21,51.03,Top 20% (Core Revenue)
13004,5655.91,22,346,5.23,51.1,Top 20% (Core Revenue)
17049,5655.03,11,273,5.26,51.16,Top 20% (Core Revenue)
18118,5625.08,31,358,5.28,51.23,Top 20% (Core Revenue)
17757,5593.39,31,370,5.3,51.29,Top 20% (Core Revenue)
12839,5591.42,16,364,5.33,51.35,Top 20% (Core Revenue)
12481,5579.82,11,342,5.35,51.41,Top 20% (Core Revenue)
14688,5579.1,27,366,5.37,51.48,Top 20% (Core Revenue)
14049,5578.72,6,301,5.39,51.54,Top 20% (Core Revenue)
16767,5575.56,11,285,5.42,51.6,Top 20% (Core Revenue)
12539,5568.35,5,311,5.44,51.66,Top 20% (Core Revenue)
16161,5533.67,26,367,5.46,51.73,Top 20% (Core Revenue)
18225,5504.96,17,368,5.49,51.79,Top 20% (Core Revenue)
16609,5493.46,9,237,5.51,51.85,Top 20% (Core Revenue)
15805,5488.18,20,341,5.53,51.91,Top 20% (Core Revenue)
16985,5464.12,11,341,5.56,51.97,Top 20% (Core Revenue)
16265,5447,11,355,5.58,52.04,Top 20% (Core Revenue)
18198,5425.56,21,332,5.6,52.1,Top 20% (Core Revenue)
12490,5417.93,10,324,5.62,52.16,Top 20% (Core Revenue)
17809,5411.91,15,357,5.65,52.22,Top 20% (Core Revenue)
16701,5398.3,18,352,5.67,52.28,Top 20% (Core Revenue)
17719,5396.04,18,217,5.69,52.34,Top 20% (Core Revenue)
17850,5391.21,35,71,5.72,52.4,Top 20% (Core Revenue)
16303,5360.63,4,307,5.74,52.46,Top 20% (Core Revenue)
13269,5343.28,17,368,5.76,52.52,Top 20% (Core Revenue)
17730,5298.48,15,323,5.79,52.58,Top 20% (Core Revenue)
15150,5291.33,11,251,5.81,52.64,Top 20% (Core Revenue)
17061,5232.23,12,158,5.83,52.7,Top 20% (Core Revenue)
18226,5228.05,14,299,5.86,52.76,Top 20% (Core Revenue)
12362,5226.23,13,292,5.88,52.82,Top 20% (Core Revenue)
16258,5203.51,5,173,5.9,52.87,Top 20% (Core Revenue)
13756,5189.52,15,365,5.92,52.93,Top 20% (Core Revenue)
16191,5180.52,25,357,5.95,52.99,Top 20% (Core Revenue)
15727,5159.06,7,342,5.97,53.05,Top 20% (Core Revenue)
13599,5149.92,33,365,5.99,53.11,Top 20% (Core Revenue)
17858,5140.66,12,363,6.02,53.17,Top 20% (Core Revenue)
15903,5126.76,8,285,6.04,53.22,Top 20% (Core Revenue)
13941,5112.96,7,350,6.06,53.28,Top 20% (Core Revenue)
15046,5090.42,16,329,6.09,53.34,Top 20% (Core Revenue)
16700,5076.55,17,357,6.11,53.4,Top 20% (Core Revenue)
13139,5064.94,8,243,6.13,53.45,Top 20% (Core Revenue)
12432,5059.32,5,129,6.15,53.51,Top 20% (Core Revenue)
17602,5054.42,8,321,6.18,53.57,Top 20% (Core Revenue)
15301,5049.95,14,317,6.2,53.62,Top 20% (Core Revenue)
17426,5037.26,7,277,6.22,53.68,Top 20% (Core Revenue)
15719,5030.07,14,304,6.25,53.74,Top 20% (Core Revenue)
14755,5010.28,12,324,6.27,53.79,Top 20% (Core Revenue)
14562,5006.77,22,300,6.29,53.85,Top 20% (Core Revenue)
12444,5005.46,5,149,6.32,53.91,Top 20% (Core Revenue)
14329,4975.24,14,320,6.34,53.96,Top 20% (Core Revenue)
15032,4959.1,5,110,6.36,54.02,Top 20% (Core Revenue)
12437,4951.41,19,329,6.39,54.07,Top 20% (Core Revenue)
12700,4939.99,6,207,6.41,54.13,Top 20% (Core Revenue)
14709,4921.04,14,343,6.43,54.18,Top 20% (Core Revenue)
15786,4919,5,70,6.45,54.24,Top 20% (Core Revenue)
15547,4910.6,14,354,6.48,54.29,Top 20% (Core Revenue)
17133,4892.24,7,250,6.5,54.35,Top 20% (Core Revenue)
12664,4881.88,10,314,6.52,54.4,Top 20% (Core Revenue)
12688,4873.81,1,0,6.55,54.46,Top 20% (Core Revenue)
14292,4871.93,14,318,6.57,54.51,Top 20% (Core Revenue)
17652,4867.72,18,255,6.59,54.57,Top 20% (Core Revenue)
15738,4812.42,19,353,6.62,54.62,Top 20% (Core Revenue)
13013,4810.94,15,370,6.64,54.68,Top 20% (Core Revenue)
15298,4799.9,14,364,6.66,54.73,Top 20% (Core Revenue)
15555,4794.86,20,357,6.69,54.78,Top 20% (Core Revenue)
15187,4777.18,18,210,6.71,54.84,Top 20% (Core Revenue)
17365,4767.36,8,320,6.73,54.89,Top 20% (Core Revenue)
12955,4757.16,14,266,6.75,54.95,Top 20% (Core Revenue)
14180,4748.52,31,361,6.78,55,Top 20% (Core Revenue)
15152,4745.69,16,177,6.8,55.05,Top 20% (Core Revenue)
16722,4730.81,16,351,6.82,55.11,Top 20% (Core Revenue)
17690,4726.8,16,342,6.85,55.16,Top 20% (Core Revenue)
12714,4708.86,5,285,6.87,55.21,Top 20% (Core Revenue)
14135,4690.31,15,371,6.89,55.26,Top 20% (Core Revenue)
14191,4684.76,14,218,6.92,55.32,Top 20% (Core Revenue)
15291,4668.3,20,348,6.94,55.37,Top 20% (Core Revenue)
14189,4654.08,24,366,6.96,55.42,Top 20% (Core Revenue)
14390,4642.57,13,362,6.98,55.47,Top 20% (Core Revenue)
14159,4630.35,14,343,7.01,55.53,Top 20% (Core Revenue)
14286,4628.75,5,219,7.03,55.58,Top 20% (Core Revenue)
13802,4599.42,6,222,7.05,55.63,Top 20% (Core Revenue)
15093,4597.02,9,353,7.08,55.68,Top 20% (Core Revenue)
14004,4582.64,7,245,7.1,55.73,Top 20% (Core Revenue)
16931,4554.87,21,364,7.12,55.79,Top 20% (Core Revenue)
17068,4552.14,22,355,7.15,55.84,Top 20% (Core Revenue)
17613,4544.55,17,282,7.17,55.89,Top 20% (Core Revenue)
12484,4527.32,8,303,7.19,55.94,Top 20% (Core Revenue)
13267,4521.49,27,364,7.22,55.99,Top 20% (Core Revenue)
15299,4507.01,11,304,7.24,56.04,Top 20% (Core Revenue)
12524,4485.72,8,324,7.26,56.09,Top 20% (Core Revenue)
17975,4483.26,14,351,7.28,56.14,Top 20% (Core Revenue)
14426,4481.67,16,340,7.31,56.19,Top 20% (Core Revenue)
12627,4478.53,7,129,7.33,56.24,Top 20% (Core Revenue)
17364,4462.68,12,330,7.35,56.29,Top 20% (Core Revenue)
16984,4459.52,5,52,7.38,56.34,Top 20% (Core Revenue)
13069,4431.44,27,368,7.4,56.39,Top 20% (Core Revenue)
14085,4421.29,19,366,7.42,56.44,Top 20% (Core Revenue)
15955,4416.26,16,348,7.45,56.49,Top 20% (Core Revenue)
16626,4413.1,20,265,7.47,56.54,Top 20% (Core Revenue)
15874,4405.88,9,220,7.49,56.59,Top 20% (Core Revenue)
14534,4397.3,25,316,7.51,56.64,Top 20% (Core Revenue)
12712,4396.13,17,348,7.54,56.69,Top 20% (Core Revenue)
13505,4393.63,8,165,7.56,56.74,Top 20% (Core Revenue)
12752,4366.78,1,0,7.58,56.79,Top 20% (Core Revenue)
16945,4345.5,19,336,7.61,56.84,Top 20% (Core Revenue)
14016,4341.21,5,203,7.63,56.89,Top 20% (Core Revenue)
14800,4331.79,16,322,7.65,56.93,Top 20% (Core Revenue)
17567,4331.48,10,365,7.68,56.98,Top 20% (Core Revenue)
18251,4314.72,1,0,7.7,57.03,Top 20% (Core Revenue)
12347,4310,7,365,7.72,57.08,Top 20% (Core Revenue)
17937,4301.22,7,353,7.75,57.13,Top 20% (Core Revenue)
15034,4274.16,11,338,7.77,57.18,Top 20% (Core Revenue)
14422,4263.64,6,266,7.79,57.22,Top 20% (Core Revenue)
12500,4257.82,13,310,7.81,57.27,Top 20% (Core Revenue)
17419,4226.57,14,355,7.84,57.32,Top 20% (Core Revenue)
14525,4215.9,13,352,7.86,57.37,Top 20% (Core Revenue)
15804,4206.39,19,198,7.88,57.42,Top 20% (Core Revenue)
15971,4199.85,12,293,7.91,57.46,Top 20% (Core Revenue)
12747,4196.01,11,366,7.93,57.51,Top 20% (Core Revenue)
14146,4191,6,348,7.95,57.56,Top 20% (Core Revenue)
14277,4188,4,197,7.98,57.6,Top 20% (Core Revenue)
12949,4167.22,10,221,8,57.65,Top 20% (Core Revenue)
13384,4151.93,9,147,8.02,57.7,Top 20% (Core Revenue)
15570,4148.82,13,362,8.05,57.74,Top 20% (Core Revenue)
13988,4147.96,9,234,8.07,57.79,Top 20% (Core Revenue)
12569,4124.69,35,250,8.09,57.84,Top 20% (Core Revenue)
17920,4119.5,17,369,8.11,57.88,Top 20% (Core Revenue)
16592,4113.68,19,283,8.14,57.93,Top 20% (Core Revenue)
13555,4098.88,4,128,8.16,57.98,Top 20% (Core Revenue)
16401,4098.32,20,326,8.18,58.02,Top 20% (Core Revenue)
18041,4097.37,22,361,8.21,58.07,Top 20% (Core Revenue)
16670,4095.9,17,341,8.23,58.11,Top 20% (Core Revenue)
12749,4090.88,8,209,8.25,58.16,Top 20% (Core Revenue)
14092,4076.91,17,365,8.28,58.21,Top 20% (Core Revenue)
12449,4067.29,4,164,8.3,58.25,Top 20% (Core Revenue)
17377,4058.32,21,349,8.32,58.3,Top 20% (Core Revenue)
18087,4055.72,4,203,8.34,58.34,Top 20% (Core Revenue)
14401,4051.48,14,355,8.37,58.39,Top 20% (Core Revenue)
12656,4051.17,8,225,8.39,58.43,Top 20% (Core Revenue)
16549,4034.9,10,324,8.41,58.48,Top 20% (Core Revenue)
13815,4027.36,5,296,8.44,58.53,Top 20% (Core Revenue)
15514,4023.72,13,352,8.46,58.57,Top 20% (Core Revenue)
17940,4020.04,14,253,8.48,58.62,Top 20% (Core Revenue)
12957,4017.54,12,335,8.51,58.66,Top 20% (Core Revenue)
12867,4009.34,10,334,8.53,58.71,Top 20% (Core Revenue)
12378,4008.62,1,0,8.55,58.75,Top 20% (Core Revenue)
16186,4006.94,13,349,8.58,58.8,Top 20% (Core Revenue)
12841,3991.58,26,367,8.6,58.84,Top 20% (Core Revenue)
17001,3989.57,11,358,8.62,58.89,Top 20% (Core Revenue)
15416,3984.32,5,218,8.64,58.93,Top 20% (Core Revenue)
12779,3981.36,12,350,8.67,58.98,Top 20% (Core Revenue)
12727,3980.7,9,309,8.69,59.02,Top 20% (Core Revenue)
14547,3974.75,9,50,8.71,59.07,Top 20% (Core Revenue)
14299,3965.62,18,358,8.74,59.11,Top 20% (Core Revenue)
13523,3964.88,6,333,8.76,59.15,Top 20% (Core Revenue)
15529,3962.6,12,343,8.78,59.2,Top 20% (Core Revenue)
17611,3961.12,19,357,8.81,59.24,Top 20% (Core Revenue)
13183,3957.78,9,326,8.83,59.29,Top 20% (Core Revenue)
17769,3957.43,12,308,8.85,59.33,Top 20% (Core Revenue)
17651,3945,14,165,8.88,59.38,Top 20% (Core Revenue)
12473,3928.05,9,162,8.9,59.42,Top 20% (Core Revenue)
17593,3923.86,6,349,8.92,59.47,Top 20% (Core Revenue)
14739,3902.28,8,364,8.94,59.51,Top 20% (Core Revenue)
13999,3901.81,15,351,8.97,59.55,Top 20% (Core Revenue)
14291,3883.25,12,273,8.99,59.6,Top 20% (Core Revenue)
15195,3861,1,0,9.01,59.64,Top 20% (Core Revenue)
18073,3859.82,13,82,9.04,59.68,Top 20% (Core Revenue)
12662,3849.78,12,372,9.06,59.73,Top 20% (Core Revenue)
16717,3843.08,9,357,9.08,59.77,Top 20% (Core Revenue)
13266,3834.26,19,347,9.11,59.81,Top 20% (Core Revenue)
17091,3827.76,10,365,9.13,59.86,Top 20% (Core Revenue)
16327,3820.27,6,355,9.15,59.9,Top 20% (Core Revenue)
12755,3811.95,4,115,9.17,59.94,Top 20% (Core Revenue)
12597,3811.22,5,248,9.2,59.99,Top 20% (Core Revenue)
15867,3810.14,16,363,9.22,60.03,Top 20% (Core Revenue)
13435,3809.89,9,183,9.24,60.07,Top 20% (Core Revenue)
12668,3807.15,6,348,9.27,60.11,Top 20% (Core Revenue)
16145,3799.49,18,351,9.29,60.16,Top 20% (Core Revenue)
16655,3789.52,6,314,9.31,60.2,Top 20% (Core Revenue)
16168,3787.6,28,359,9.34,60.24,Top 20% (Core Revenue)
16019,3786.24,10,362,9.36,60.28,Top 20% (Core Revenue)
12562,3781.74,7,190,9.38,60.33,Top 20% (Core Revenue)
17173,3766.6,9,125,9.41,60.37,Top 20% (Core Revenue)
13124,3756.33,3,269,9.43,60.41,Top 20% (Core Revenue)
12429,3750.4,4,356,9.45,60.45,Top 20% (Core Revenue)
14145,3742.2,5,170,9.47,60.5,Top 20% (Core Revenue)
13552,3740.07,16,249,9.5,60.54,Top 20% (Core Revenue)
16570,3738.4,15,351,9.52,60.58,Top 20% (Core Revenue)
12502,3723.87,5,214,9.54,60.62,Top 20% (Core Revenue)
12647,3722.82,13,346,9.57,60.66,Top 20% (Core Revenue)
13680,3719.12,5,337,9.59,60.71,Top 20% (Core Revenue)
17238,3719.1,17,368,9.61,60.75,Top 20% (Core Revenue)
16240,3718.8,5,69,9.64,60.79,Top 20% (Core Revenue)
14364,3717.35,8,102,9.66,60.83,Top 20% (Core Revenue)
15845,3711.77,10,319,9.68,60.87,Top 20% (Core Revenue)
15622,3709.56,16,279,9.7,60.91,Top 20% (Core Revenue)
17819,3704.87,8,299,9.73,60.96,Top 20% (Core Revenue)
15379,3703.29,8,189,9.75,61,Top 20% (Core Revenue)
14282,3701.44,15,364,9.77,61.04,Top 20% (Core Revenue)
12553,3692.28,14,321,9.8,61.08,Top 20% (Core Revenue)
16253,3683.86,3,223,9.82,61.12,Top 20% (Core Revenue)
13148,3683.26,17,335,9.84,61.16,Top 20% (Core Revenue)
15581,3675.77,14,245,9.87,61.21,Top 20% (Core Revenue)
15296,3672.86,10,282,9.89,61.25,Top 20% (Core Revenue)
16904,3653.75,16,362,9.91,61.29,Top 20% (Core Revenue)
15808,3651.27,5,63,9.94,61.33,Top 20% (Core Revenue)
12417,3649.1,12,354,9.96,61.37,Top 20% (Core Revenue)
13426,3641.32,12,358,9.98,61.41,Top 20% (Core Revenue)
12619,3641.24,13,237,10,61.45,Top 20% (Core Revenue)
16440,3640.67,5,206,10.03,61.49,Top 20% (Core Revenue)
13381,3639.31,7,277,10.05,61.53,Top 20% (Core Revenue)
17230,3638.41,11,95,10.07,61.57,Top 20% (Core Revenue)
17528,3628.5,11,70,10.1,61.62,Top 20% (Core Revenue)
13327,3627.77,9,326,10.12,61.66,Top 20% (Core Revenue)
13520,3624.35,8,312,10.14,61.7,Top 20% (Core Revenue)
13082,3613.63,10,212,10.17,61.74,Top 20% (Core Revenue)
18079,3613.15,4,193,10.19,61.78,Top 20% (Core Revenue)
16712,3611.31,11,266,10.21,61.82,Top 20% (Core Revenue)
15505,3610.96,7,102,10.24,61.86,Top 20% (Core Revenue)
13137,3603.29,9,298,10.26,61.9,Top 20% (Core Revenue)
14543,3599.73,21,360,10.28,61.94,Top 20% (Core Revenue)
15484,3590.41,5,77,10.3,61.98,Top 20% (Core Revenue)
14132,3586.03,12,181,10.33,62.02,Top 20% (Core Revenue)
16242,3579.86,8,268,10.35,62.06,Top 20% (Core Revenue)
17576,3564.83,22,357,10.37,62.1,Top 20% (Core Revenue)
14040,3560.32,15,290,10.4,62.14,Top 20% (Core Revenue)
17203,3560.08,6,24,10.42,62.18,Top 20% (Core Revenue)
17491,3558.87,11,366,10.44,62.22,Top 20% (Core Revenue)
15544,3546.71,11,363,10.47,62.26,Top 20% (Core Revenue)
14503,3543.26,6,175,10.49,62.3,Top 20% (Core Revenue)
12370,3541.94,4,309,10.51,62.34,Top 20% (Core Revenue)
13448,3534.69,10,357,10.53,62.38,Top 20% (Core Revenue)
12454,3528.34,2,2,10.56,62.42,Top 20% (Core Revenue)
17160,3518.03,6,210,10.58,62.46,Top 20% (Core Revenue)
13953,3515.68,7,345,10.6,62.5,Top 20% (Core Revenue)
15113,3509.43,4,44,10.63,62.54,Top 20% (Core Revenue)
16131,3506.54,6,188,10.65,62.58,Top 20% (Core Revenue)
13334,3502.32,3,223,10.67,62.62,Top 20% (Core Revenue)
14907,3501.1,10,364,10.7,62.66,Top 20% (Core Revenue)
16458,3482.74,18,357,10.72,62.7,Top 20% (Core Revenue)
14395,3479.91,12,369,10.74,62.74,Top 20% (Core Revenue)
13993,3466.36,12,298,10.77,62.78,Top 20% (Core Revenue)
13014,3466.28,16,278,10.79,62.81,Top 20% (Core Revenue)
15410,3450.84,8,177,10.81,62.85,Top 20% (Core Revenue)
16360,3450.41,8,83,10.83,62.89,Top 20% (Core Revenue)
15129,3447.4,11,241,10.86,62.93,Top 20% (Core Revenue)
13536,3444.39,7,74,10.88,62.97,Top 20% (Core Revenue)
15974,3442.15,8,249,10.9,63.01,Top 20% (Core Revenue)
17725,3439.08,14,250,10.93,63.05,Top 20% (Core Revenue)
15676,3435.76,5,274,10.95,63.09,Top 20% (Core Revenue)
14221,3432.8,10,296,10.97,63.12,Top 20% (Core Revenue)
12406,3415.3,3,161,11,63.16,Top 20% (Core Revenue)
15981,3408.48,8,286,11.02,63.2,Top 20% (Core Revenue)
17758,3408.2,8,230,11.04,63.24,Top 20% (Core Revenue)
13437,3408.06,7,175,11.07,63.28,Top 20% (Core Revenue)
17669,3406.72,7,206,11.09,63.32,Top 20% (Core Revenue)
13198,3401.24,8,351,11.11,63.35,Top 20% (Core Revenue)
15228,3386.71,5,228,11.13,63.39,Top 20% (Core Revenue)
13842,3385.62,9,308,11.16,63.43,Top 20% (Core Revenue)
16011,3352.96,16,357,11.18,63.47,Top 20% (Core Revenue)
14227,3350.96,15,258,11.2,63.51,Top 20% (Core Revenue)
16818,3349.57,13,194,11.23,63.54,Top 20% (Core Revenue)
16607,3347.71,16,341,11.25,63.58,Top 20% (Core Revenue)
17183,3347.31,8,97,11.27,63.62,Top 20% (Core Revenue)
12643,3344.64,6,204,11.3,63.66,Top 20% (Core Revenue)
12613,3344.38,6,230,11.32,63.69,Top 20% (Core Revenue)
13015,3339.64,5,195,11.34,63.73,Top 20% (Core Revenue)
12594,3338.22,11,285,11.36,63.77,Top 20% (Core Revenue)
16556,3313.79,7,293,11.39,63.81,Top 20% (Core Revenue)
13373,3312.25,3,215,11.41,63.84,Top 20% (Core Revenue)
14841,3295.76,6,305,11.43,63.88,Top 20% (Core Revenue)
15632,3285.31,10,259,11.46,63.92,Top 20% (Core Revenue)
12480,3281.63,4,307,11.48,63.96,Top 20% (Core Revenue)
15764,3279.97,10,195,11.5,63.99,Top 20% (Core Revenue)
17723,3276.4,6,87,11.53,64.03,Top 20% (Core Revenue)
14702,3251.79,18,364,11.55,64.07,Top 20% (Core Revenue)
13952,3251.07,3,27,11.57,64.1,Top 20% (Core Revenue)
13047,3237.54,18,342,11.6,64.14,Top 20% (Core Revenue)
15708,3235.25,11,329,11.62,64.18,Top 20% (Core Revenue)
14175,3222.3,7,278,11.64,64.21,Top 20% (Core Revenue)
13880,3219.77,13,345,11.66,64.25,Top 20% (Core Revenue)
15443,3213.59,8,318,11.69,64.28,Top 20% (Core Revenue)
14388,3212.84,10,364,11.71,64.32,Top 20% (Core Revenue)
16107,3204.16,7,165,11.73,64.36,Top 20% (Core Revenue)
13868,3192.54,2,31,11.76,64.39,Top 20% (Core Revenue)
13758,3190.55,7,361,11.78,64.43,Top 20% (Core Revenue)
14844,3189.81,4,177,11.8,64.46,Top 20% (Core Revenue)
17220,3187.55,14,339,11.83,64.5,Top 20% (Core Revenue)
17050,3185.64,6,203,11.85,64.54,Top 20% (Core Revenue)
12456,3181.04,4,210,11.87,64.57,Top 20% (Core Revenue)
17672,3178.17,4,265,11.89,64.61,Top 20% (Core Revenue)
13268,3174.75,15,249,11.92,64.64,Top 20% (Core Revenue)
16837,3170.98,12,214,11.94,64.68,Top 20% (Core Revenue)
16041,3166.4,3,110,11.96,64.71,Top 20% (Core Revenue)
17863,3160,6,310,11.99,64.75,Top 20% (Core Revenue)
15065,3158.13,6,253,12.01,64.78,Top 20% (Core Revenue)
17685,3155.83,7,355,12.03,64.82,Top 20% (Core Revenue)
15861,3146.92,9,254,12.06,64.86,Top 20% (Core Revenue)
14235,3144.86,6,250,12.08,64.89,Top 20% (Core Revenue)
17231,3124.72,14,349,12.1,64.93,Top 20% (Core Revenue)
13685,3119.44,7,57,12.13,64.96,Top 20% (Core Revenue)
16678,3109.99,17,280,12.15,65,Top 20% (Core Revenue)
13742,3107.87,14,303,12.17,65.03,Top 20% (Core Revenue)
14099,3104.17,12,338,12.19,65.07,Top 20% (Core Revenue)
15491,3100.09,7,140,12.22,65.1,Top 20% (Core Revenue)
14257,3099.72,6,267,12.24,65.14,Top 20% (Core Revenue)
14565,3099.12,6,265,12.26,65.17,Top 20% (Core Revenue)
13135,3096,1,0,12.29,65.21,Top 20% (Core Revenue)
16156,3092.04,13,302,12.31,65.24,Top 20% (Core Revenue)
13362,3090.74,5,284,12.33,65.28,Top 20% (Core Revenue)
16218,3084.68,8,343,12.36,65.31,Top 20% (Core Revenue)
13869,3083.65,4,233,12.38,65.34,Top 20% (Core Revenue)
17059,3080.39,5,339,12.4,65.38,Top 20% (Core Revenue)
15998,3080.22,6,325,12.43,65.41,Top 20% (Core Revenue)
18272,3078.58,7,244,12.45,65.45,Top 20% (Core Revenue)
12910,3075.04,8,218,12.47,65.48,Top 20% (Core Revenue)
13631,3070.42,12,167,12.49,65.52,Top 20% (Core Revenue)
16940,3049.88,3,237,12.52,65.55,Top 20% (Core Revenue)
16393,3040.96,20,366,12.54,65.59,Top 20% (Core Revenue)
16326,3039.22,15,328,12.56,65.62,Top 20% (Core Revenue)
17799,3039.17,11,339,12.59,65.65,Top 20% (Core Revenue)
16905,3037.6,8,366,12.61,65.69,Top 20% (Core Revenue)
16709,3029.87,5,197,12.63,65.72,Top 20% (Core Revenue)
12598,3023.08,9,275,12.66,65.76,Top 20% (Core Revenue)
12395,3018.63,15,355,12.68,65.79,Top 20% (Core Revenue)
18094,3017.3,7,210,12.7,65.83,Top 20% (Core Revenue)
14456,3017.28,14,137,12.72,65.86,Top 20% (Core Revenue)
12754,3010.74,5,72,12.75,65.89,Top 20% (Core Revenue)
15521,3000.2,13,218,12.77,65.93,Top 20% (Core Revenue)
17659,2999.46,14,368,12.79,65.96,Top 20% (Core Revenue)
17504,2997.03,10,116,12.82,65.99,Top 20% (Core Revenue)
12670,2996.05,6,222,12.84,66.03,Top 20% (Core Revenue)
14307,2995.72,6,284,12.86,66.06,Top 20% (Core Revenue)
15687,2993.1,11,321,12.89,66.1,Top 20% (Core Revenue)
14639,2984.49,8,309,12.91,66.13,Top 20% (Core Revenue)
14032,2975.59,18,364,12.93,66.16,Top 20% (Core Revenue)
15854,2969.12,12,357,12.96,66.2,Top 20% (Core Revenue)
16497,2965.69,6,283,12.98,66.23,Top 20% (Core Revenue)
17924,2962.5,13,372,13,66.26,Top 20% (Core Revenue)
16686,2959.88,9,307,13.02,66.3,Top 20% (Core Revenue)
14868,2953.59,9,230,13.05,66.33,Top 20% (Core Revenue)
12916,2944.95,5,181,13.07,66.36,Top 20% (Core Revenue)
17444,2940.04,3,25,13.09,66.4,Top 20% (Core Revenue)
16316,2938.91,12,293,13.12,66.43,Top 20% (Core Revenue)
17512,2924.99,11,272,13.14,66.46,Top 20% (Core Revenue)
15606,2920.16,11,267,13.16,66.49,Top 20% (Core Revenue)
12906,2919.81,5,66,13.19,66.53,Top 20% (Core Revenue)
14112,2915.15,12,253,13.21,66.56,Top 20% (Core Revenue)
12438,2906.85,2,125,13.23,66.59,Top 20% (Core Revenue)
13451,2898.26,6,308,13.25,66.63,Top 20% (Core Revenue)
17644,2895.64,17,320,13.28,66.66,Top 20% (Core Revenue)
18144,2888.75,12,365,13.3,66.69,Top 20% (Core Revenue)
12408,2888.55,9,227,13.32,66.72,Top 20% (Core Revenue)
13735,2883.54,8,209,13.35,66.76,Top 20% (Core Revenue)
16633,2883.1,7,216,13.37,66.79,Top 20% (Core Revenue)
14251,2879.7,5,55,13.39,66.82,Top 20% (Core Revenue)
17728,2876.01,5,82,13.42,66.85,Top 20% (Core Revenue)
14005,2874.72,5,206,13.44,66.88,Top 20% (Core Revenue)
15628,2870.24,10,362,13.46,66.92,Top 20% (Core Revenue)
13901,2867.2,5,246,13.49,66.95,Top 20% (Core Revenue)
12685,2863.08,6,65,13.51,66.98,Top 20% (Core Revenue)
14530,2862.11,6,270,13.53,67.01,Top 20% (Core Revenue)
18145,2861.55,4,299,13.55,67.05,Top 20% (Core Revenue)
14535,2854.84,4,189,13.58,67.08,Top 20% (Core Revenue)
14711,2839.62,12,252,13.6,67.11,Top 20% (Core Revenue)
14852,2836.69,6,193,13.62,67.14,Top 20% (Core Revenue)
14842,2824.69,8,272,13.65,67.17,Top 20% (Core Revenue)
16928,2814.7,19,292,13.67,67.21,Top 20% (Core Revenue)
16871,2812.34,7,248,13.69,67.24,Top 20% (Core Revenue)
12356,2811.43,3,302,13.72,67.27,Top 20% (Core Revenue)
18230,2810.2,10,355,13.74,67.3,Top 20% (Core Revenue)
17596,2806.69,7,345,13.76,67.33,Top 20% (Core Revenue)
14572,2804.54,10,320,13.79,67.36,Top 20% (Core Revenue)
16081,2799.42,5,310,13.81,67.39,Top 20% (Core Revenue)
13769,2796.51,16,365,13.83,67.43,Top 20% (Core Revenue)
14903,2795.33,10,257,13.85,67.46,Top 20% (Core Revenue)
12578,2794.51,4,317,13.88,67.49,Top 20% (Core Revenue)
12758,2791.59,2,159,13.9,67.52,Top 20% (Core Revenue)
17739,2791.35,8,348,13.92,67.55,Top 20% (Core Revenue)
14626,2791.27,7,224,13.95,67.58,Top 20% (Core Revenue)
16764,2790.95,18,139,13.97,67.61,Top 20% (Core Revenue)
17213,2781.23,11,326,13.99,67.65,Top 20% (Core Revenue)
12388,2780.66,6,311,14.02,67.68,Top 20% (Core Revenue)
15984,2780.63,11,365,14.04,67.71,Top 20% (Core Revenue)
14121,2780.15,6,56,14.06,67.74,Top 20% (Core Revenue)
15993,2777.67,10,35,14.08,67.77,Top 20% (Core Revenue)
13870,2770.94,10,285,14.11,67.8,Top 20% (Core Revenue)
15114,2760.56,10,271,14.13,67.83,Top 20% (Core Revenue)
13971,2758.26,11,276,14.15,67.86,Top 20% (Core Revenue)
13230,2755.63,15,360,14.18,67.9,Top 20% (Core Revenue)
15321,2748.31,4,242,14.2,67.93,Top 20% (Core Revenue)
17084,2747.99,2,0,14.22,67.96,Top 20% (Core Revenue)
12669,2744.03,4,105,14.25,67.99,Top 20% (Core Revenue)
13174,2742.82,3,352,14.27,68.02,Top 20% (Core Revenue)
14854,2740.03,8,196,14.29,68.05,Top 20% (Core Revenue)
16003,2735.37,5,329,14.32,68.08,Top 20% (Core Revenue)
12840,2726.77,6,82,14.34,68.11,Top 20% (Core Revenue)
15673,2726.23,4,238,14.36,68.14,Top 20% (Core Revenue)
12380,2724.81,5,164,14.38,68.17,Top 20% (Core Revenue)
17838,2720.8,6,345,14.41,68.2,Top 20% (Core Revenue)
14125,2720.63,3,67,14.43,68.23,Top 20% (Core Revenue)
14808,2718.6,15,132,14.45,68.26,Top 20% (Core Revenue)
15356,2718.03,10,336,14.48,68.3,Top 20% (Core Revenue)
12708,2712.91,16,338,14.5,68.33,Top 20% (Core Revenue)
16938,2711.68,5,300,14.52,68.36,Top 20% (Core Revenue)
15696,2711.11,12,293,14.55,68.39,Top 20% (Core Revenue)
17069,2709.7,13,345,14.57,68.42,Top 20% (Core Revenue)
13285,2709.12,4,266,14.59,68.45,Top 20% (Core Revenue)
15796,2708.61,10,301,14.62,68.48,Top 20% (Core Revenue)
13654,2707.33,6,230,14.64,68.51,Top 20% (Core Revenue)
14107,2703.23,8,312,14.66,68.54,Top 20% (Core Revenue)
14732,2702.49,10,330,14.68,68.57,Top 20% (Core Revenue)
17386,2686.42,6,157,14.71,68.6,Top 20% (Core Revenue)
12625,2683.82,3,107,14.73,68.63,Top 20% (Core Revenue)
13883,2674.48,9,325,14.75,68.66,Top 20% (Core Revenue)
18097,2662.4,7,346,14.78,68.69,Top 20% (Core Revenue)
14713,2662.2,12,355,14.8,68.72,Top 20% (Core Revenue)
12360,2662.06,3,148,14.82,68.75,Top 20% (Core Revenue)
14439,2661.24,1,0,14.85,68.78,Top 20% (Core Revenue)
15671,2657.13,10,252,14.87,68.81,Top 20% (Core Revenue)
12721,2656.13,7,334,14.89,68.84,Top 20% (Core Revenue)
13851,2651.46,3,192,14.91,68.87,Top 20% (Core Revenue)
16618,2647.59,6,291,14.94,68.9,Top 20% (Core Revenue)
13658,2639.17,7,194,14.96,68.93,Top 20% (Core Revenue)
17655,2638.94,8,355,14.98,68.96,Top 20% (Core Revenue)
13771,2634.45,5,182,15.01,68.99,Top 20% (Core Revenue)
12520,2634.26,6,194,15.03,69.02,Top 20% (Core Revenue)
17402,2633.85,13,364,15.05,69.05,Top 20% (Core Revenue)
18260,2628.35,8,185,15.08,69.08,Top 20% (Core Revenue)
15752,2626.6,8,333,15.1,69.11,Top 20% (Core Revenue)
13422,2626.3,2,13,15.12,69.14,Top 20% (Core Revenue)
13644,2624.26,5,96,15.15,69.17,Top 20% (Core Revenue)
17346,2622.88,16,369,15.17,69.2,Top 20% (Core Revenue)
18210,2621.38,6,265,15.19,69.22,Top 20% (Core Revenue)
16255,2619.91,10,348,15.21,69.25,Top 20% (Core Revenue)
14262,2618.23,8,232,15.24,69.28,Top 20% (Core Revenue)
13021,2616.38,12,361,15.26,69.31,Top 20% (Core Revenue)
15782,2614.74,4,79,15.28,69.34,Top 20% (Core Revenue)
14397,2612.96,23,212,15.31,69.37,Top 20% (Core Revenue)
18075,2611.75,14,337,15.33,69.4,Top 20% (Core Revenue)
12836,2610.36,4,252,15.35,69.43,Top 20% (Core Revenue)
12726,2609.1,7,329,15.38,69.46,Top 20% (Core Revenue)
13136,2607.61,11,315,15.4,69.49,Top 20% (Core Revenue)
13983,2603.43,13,337,15.42,69.52,Top 20% (Core Revenue)
17317,2600.34,5,43,15.44,69.55,Top 20% (Core Revenue)
17965,2599.19,14,331,15.47,69.58,Top 20% (Core Revenue)
12600,2599.04,11,342,15.49,69.61,Top 20% (Core Revenue)
14408,2599.03,7,253,15.51,69.64,Top 20% (Core Revenue)
13895,2593.07,5,143,15.54,69.66,Top 20% (Core Revenue)
16919,2592.25,11,212,15.56,69.69,Top 20% (Core Revenue)
16241,2590.31,13,360,15.58,69.72,Top 20% (Core Revenue)
14243,2588.77,14,357,15.61,69.75,Top 20% (Core Revenue)
13804,2588.39,7,259,15.63,69.78,Top 20% (Core Revenue)
18077,2584.41,11,358,15.65,69.81,Top 20% (Core Revenue)
13911,2580.91,9,251,15.68,69.84,Top 20% (Core Revenue)
14546,2573.93,9,244,15.7,69.87,Top 20% (Core Revenue)
18245,2567.06,8,347,15.72,69.9,Top 20% (Core Revenue)
15485,2564.5,3,343,15.74,69.93,Top 20% (Core Revenue)
16308,2560,4,223,15.77,69.95,Top 20% (Core Revenue)
15033,2557.18,11,324,15.79,69.98,Top 20% (Core Revenue)
16912,2555.58,14,300,15.81,70.01,Top 20% (Core Revenue)
14334,2552.21,9,341,15.84,70.04,Top 20% (Core Revenue)
14676,2548.24,8,269,15.86,70.07,Top 20% (Core Revenue)
14776,2538.3,13,261,15.88,70.1,Top 20% (Core Revenue)
17700,2534.64,6,348,15.91,70.13,Top 20% (Core Revenue)
15572,2533.42,7,273,15.93,70.16,Top 20% (Core Revenue)
14659,2529.93,12,306,15.95,70.18,Top 20% (Core Revenue)
17314,2527.92,11,287,15.98,70.21,Top 20% (Core Revenue)
14701,2526.09,12,305,16,70.24,Top 20% (Core Revenue)
13394,2520.02,10,308,16.02,70.27,Top 20% (Core Revenue)
17449,2519.21,8,357,16.04,70.3,Top 20% (Core Revenue)
15245,2515.84,3,127,16.07,70.33,Top 20% (Core Revenue)
13344,2511.69,3,209,16.09,70.35,Top 20% (Core Revenue)
12352,2506.04,11,260,16.11,70.38,Top 20% (Core Revenue)
13695,2504.13,15,228,16.14,70.41,Top 20% (Core Revenue)
13471,2501.84,4,46,16.16,70.44,Top 20% (Core Revenue)
15932,2495.87,11,285,16.18,70.47,Top 20% (Core Revenue)
16477,2494.46,7,307,16.21,70.49,Top 20% (Core Revenue)
15271,2493.34,16,358,16.23,70.52,Top 20% (Core Revenue)
12483,2484.98,13,322,16.25,70.55,Top 20% (Core Revenue)
12913,2483.63,5,363,16.27,70.58,Top 20% (Core Revenue)
12517,2481.6,6,161,16.3,70.61,Top 20% (Core Revenue)
14315,2481.13,7,245,16.32,70.63,Top 20% (Core Revenue)
13507,2479.16,4,142,16.34,70.66,Top 20% (Core Revenue)
13588,2478.95,13,239,16.37,70.69,Top 20% (Core Revenue)
17682,2474.33,7,358,16.39,70.72,Top 20% (Core Revenue)
17188,2474.23,9,351,16.41,70.75,Top 20% (Core Revenue)
14766,2473.37,8,364,16.44,70.77,Top 20% (Core Revenue)
16710,2467.99,10,349,16.46,70.8,Top 20% (Core Revenue)
17164,2467.35,8,240,16.48,70.83,Top 20% (Core Revenue)
12455,2466.86,6,223,16.51,70.86,Top 20% (Core Revenue)
17131,2463.17,5,70,16.53,70.88,Top 20% (Core Revenue)
15750,2463.05,9,364,16.55,70.91,Top 20% (Core Revenue)
13784,2462.79,11,322,16.57,70.94,Top 20% (Core Revenue)
13975,2461.24,7,245,16.6,70.97,Top 20% (Core Revenue)
15674,2446.6,8,181,16.62,71,Top 20% (Core Revenue)
14163,2445.91,4,151,16.64,71.02,Top 20% (Core Revenue)
14502,2429.83,14,293,16.67,71.05,Top 20% (Core Revenue)
17071,2429.03,14,301,16.69,71.08,Top 20% (Core Revenue)
15527,2428.53,10,335,16.71,71.11,Top 20% (Core Revenue)
13949,2427.32,6,91,16.74,71.13,Top 20% (Core Revenue)
16143,2424.94,7,365,16.76,71.16,Top 20% (Core Revenue)
17722,2424.04,6,270,16.78,71.19,Top 20% (Core Revenue)
15089,2420.84,6,118,16.8,71.21,Top 20% (Core Revenue)
15373,2415.91,13,363,16.83,71.24,Top 20% (Core Revenue)
12397,2409.9,2,99,16.85,71.27,Top 20% (Core Revenue)
17589,2404.17,4,180,16.87,71.3,Top 20% (Core Revenue)
15980,2398.86,3,165,16.9,71.32,Top 20% (Core Revenue)
18065,2392.83,15,358,16.92,71.35,Top 20% (Core Revenue)
13141,2388.75,6,230,16.94,71.38,Top 20% (Core Revenue)
15370,2386.05,8,291,16.97,71.4,Top 20% (Core Revenue)
14493,2383.24,7,147,16.99,71.43,Top 20% (Core Revenue)
14239,2380.85,13,272,17.01,71.46,Top 20% (Core Revenue)
15270,2379.49,9,294,17.04,71.48,Top 20% (Core Revenue)
13722,2375.41,4,162,17.06,71.51,Top 20% (Core Revenue)
17434,2373.82,9,82,17.08,71.54,Top 20% (Core Revenue)
13908,2369.55,5,196,17.1,71.56,Top 20% (Core Revenue)
17530,2367.12,10,363,17.13,71.59,Top 20% (Core Revenue)
15755,2364.25,8,293,17.15,71.62,Top 20% (Core Revenue)
12457,2363.23,12,180,17.17,71.64,Top 20% (Core Revenue)
14930,2362.96,3,165,17.2,71.67,Top 20% (Core Revenue)
14030,2358.84,8,348,17.22,71.7,Top 20% (Core Revenue)
17634,2358.59,9,301,17.24,71.72,Top 20% (Core Revenue)
14440,2357.68,5,357,17.27,71.75,Top 20% (Core Revenue)
15140,2354.25,8,211,17.29,71.78,Top 20% (Core Revenue)
14309,2352.53,10,350,17.31,71.8,Top 20% (Core Revenue)
12704,2340.84,10,162,17.34,71.83,Top 20% (Core Revenue)
18259,2338.6,3,341,17.36,71.86,Top 20% (Core Revenue)
12584,2338.15,18,276,17.38,71.88,Top 20% (Core Revenue)
18257,2337.63,12,256,17.4,71.91,Top 20% (Core Revenue)
15281,2332.15,12,274,17.43,71.93,Top 20% (Core Revenue)
12782,2330.92,6,352,17.45,71.96,Top 20% (Core Revenue)
15785,2328.97,8,265,17.47,71.99,Top 20% (Core Revenue)
17313,2328.84,2,13,17.5,72.01,Top 20% (Core Revenue)
17744,2322.4,7,354,17.52,72.04,Top 20% (Core Revenue)
17211,2317.22,9,342,17.54,72.06,Top 20% (Core Revenue)
14290,2314.65,6,350,17.57,72.09,Top 20% (Core Revenue)
15365,2314.32,9,289,17.59,72.12,Top 20% (Core Revenue)
17954,2314.13,16,365,17.61,72.14,Top 20% (Core Revenue)
13704,2308.06,10,83,17.63,72.17,Top 20% (Core Revenue)
15288,2306.52,5,322,17.66,72.2,Top 20% (Core Revenue)
16550,2298.97,9,259,17.68,72.22,Top 20% (Core Revenue)
15105,2298.93,7,116,17.7,72.25,Top 20% (Core Revenue)
13115,2294.78,14,357,17.73,72.27,Top 20% (Core Revenue)
15704,2293.62,4,75,17.75,72.3,Top 20% (Core Revenue)
12615,2291.19,4,166,17.77,72.32,Top 20% (Core Revenue)
17696,2285.71,14,326,17.8,72.35,Top 20% (Core Revenue)
12684,2283.63,7,205,17.82,72.38,Top 20% (Core Revenue)
14554,2279.49,4,42,17.84,72.4,Top 20% (Core Revenue)
13994,2274.14,6,144,17.87,72.43,Top 20% (Core Revenue)
13317,2273.68,9,294,17.89,72.45,Top 20% (Core Revenue)
14466,2272.4,7,343,17.91,72.48,Top 20% (Core Revenue)
16782,2267.95,19,357,17.93,72.5,Top 20% (Core Revenue)
16057,2263.12,10,280,17.96,72.53,Top 20% (Core Revenue)
16209,2262.62,5,157,17.98,72.55,Top 20% (Core Revenue)
16293,2248.99,12,358,18,72.58,Top 20% (Core Revenue)
13700,2248.63,10,300,18.03,72.61,Top 20% (Core Revenue)
17442,2248.56,10,335,18.05,72.63,Top 20% (Core Revenue)
14432,2248.5,6,79,18.07,72.66,Top 20% (Core Revenue)
15235,2247.51,12,155,18.1,72.68,Top 20% (Core Revenue)
16735,2247.41,7,255,18.12,72.71,Top 20% (Core Revenue)
16771,2242.61,5,304,18.14,72.73,Top 20% (Core Revenue)
13527,2242.36,8,293,18.17,72.76,Top 20% (Core Revenue)
14211,2241.1,13,241,18.19,72.78,Top 20% (Core Revenue)
14560,2237.77,24,350,18.21,72.81,Top 20% (Core Revenue)
16076,2234.73,11,205,18.23,72.83,Top 20% (Core Revenue)
18242,2232.49,4,141,18.26,72.86,Top 20% (Core Revenue)
12783,2225.91,8,73,18.28,72.88,Top 20% (Core Revenue)
13365,2225.37,3,208,18.3,72.91,Top 20% (Core Revenue)
15834,2225.15,6,301,18.33,72.93,Top 20% (Core Revenue)
15665,2222.21,2,74,18.35,72.96,Top 20% (Core Revenue)
14825,2221.01,12,364,18.37,72.98,Top 20% (Core Revenue)
15811,2218.62,9,348,18.4,73.01,Top 20% (Core Revenue)
12876,2218.02,2,138,18.42,73.03,Top 20% (Core Revenue)
14226,2214.79,7,240,18.44,73.06,Top 20% (Core Revenue)
16743,2213.13,8,329,18.46,73.08,Top 20% (Core Revenue)
15722,2211.21,6,254,18.49,73.11,Top 20% (Core Revenue)
12653,2209.85,2,147,18.51,73.13,Top 20% (Core Revenue)
13862,2209.36,10,314,18.53,73.16,Top 20% (Core Revenue)
15797,2207.4,4,206,18.56,73.18,Top 20% (Core Revenue)
15179,2206.95,7,345,18.58,73.21,Top 20% (Core Revenue)
17591,2203.67,8,293,18.6,73.23,Top 20% (Core Revenue)
15123,2199.31,2,198,18.63,73.26,Top 20% (Core Revenue)
13831,2198.45,6,353,18.65,73.28,Top 20% (Core Revenue)
14700,2195.1,3,206,18.67,73.31,Top 20% (Core Revenue)
16628,2188.05,6,205,18.7,73.33,Top 20% (Core Revenue)
17406,2184.42,5,36,18.72,73.35,Top 20% (Core Revenue)
15394,2183.54,4,348,18.74,73.38,Top 20% (Core Revenue)
12909,2178.67,8,213,18.76,73.4,Top 20% (Core Revenue)
12856,2170.78,8,55,18.79,73.43,Top 20% (Core Revenue)
12501,2169.39,2,21,18.81,73.45,Top 20% (Core Revenue)
14341,2166.98,9,273,18.83,73.48,Top 20% (Core Revenue)
12633,2163.98,5,229,18.86,73.5,Top 20% (Core Revenue)
12935,2160.7,8,317,18.88,73.53,Top 20% (Core Revenue)
16456,2158.18,5,273,18.9,73.55,Top 20% (Core Revenue)
14407,2157.73,9,169,18.93,73.57,Top 20% (Core Revenue)
16379,2157.4,5,74,18.95,73.6,Top 20% (Core Revenue)
13224,2155.95,3,91,18.97,73.62,Top 20% (Core Revenue)
16966,2154.97,10,231,18.99,73.65,Top 20% (Core Revenue)
17272,2148.63,5,220,19.02,73.67,Top 20% (Core Revenue)
14828,2139.76,3,140,19.04,73.7,Top 20% (Core Revenue)
12560,2134.01,4,137,19.06,73.72,Top 20% (Core Revenue)
13517,2128.42,5,120,19.09,73.74,Top 20% (Core Revenue)
18061,2119.41,10,344,19.11,73.77,Top 20% (Core Revenue)
13632,2118.93,6,218,19.13,73.79,Top 20% (Core Revenue)
14360,2118.03,4,62,19.16,73.81,Top 20% (Core Revenue)
18008,2116.19,9,248,19.18,73.84,Top 20% (Core Revenue)
14691,2114.33,5,182,19.2,73.86,Top 20% (Core Revenue)
13755,2108.06,10,59,19.23,73.89,Top 20% (Core Revenue)
14640,2107.38,8,211,19.25,73.91,Top 20% (Core Revenue)
18173,2106.84,4,187,19.27,73.93,Top 20% (Core Revenue)
18093,2106.52,5,209,19.29,73.96,Top 20% (Core Revenue)
14461,2103.06,3,113,19.32,73.98,Top 20% (Core Revenue)
15058,2102.54,11,286,19.34,74,Top 20% (Core Revenue)
15815,2100.6,5,196,19.36,74.03,Top 20% (Core Revenue)
13126,2099.64,10,361,19.39,74.05,Top 20% (Core Revenue)
12610,2099.54,7,103,19.41,74.08,Top 20% (Core Revenue)
17861,2097.88,9,316,19.43,74.1,Top 20% (Core Revenue)
17400,2097.84,5,226,19.46,74.12,Top 20% (Core Revenue)
16875,2095.53,9,275,19.48,74.15,Top 20% (Core Revenue)
17191,2093.68,7,340,19.5,74.17,Top 20% (Core Revenue)
14306,2093.32,3,34,19.53,74.19,Top 20% (Core Revenue)
13265,2092.66,5,220,19.55,74.22,Top 20% (Core Revenue)
17490,2092.32,11,175,19.57,74.24,Top 20% (Core Revenue)
13297,2089.85,4,59,19.59,74.26,Top 20% (Core Revenue)
13571,2088.94,12,240,19.62,74.29,Top 20% (Core Revenue)
18044,2088.6,11,356,19.64,74.31,Top 20% (Core Revenue)
14810,2085.33,11,328,19.66,74.33,Top 20% (Core Revenue)
16954,2085.08,9,358,19.69,74.36,Top 20% (Core Revenue)
17768,2081.9,3,157,19.71,74.38,Top 20% (Core Revenue)
16407,2079.68,10,299,19.73,74.4,Top 20% (Core Revenue)
14696,2078.95,9,368,19.76,74.43,Top 20% (Core Revenue)
14515,2076.89,6,200,19.78,74.45,Top 20% (Core Revenue)
14209,2073.43,7,321,19.8,74.47,Top 20% (Core Revenue)
18241,2073.09,18,208,19.82,74.5,Top 20% (Core Revenue)
18231,2071.77,6,96,19.85,74.52,Top 20% (Core Revenue)
18219,2069.77,11,366,19.87,74.54,Top 20% (Core Revenue)
12948,2064.95,8,248,19.89,74.57,Top 20% (Core Revenue)
12928,2062.7,5,323,19.92,74.59,Top 20% (Core Revenue)
16281,2062.06,1,0,19.94,74.61,Top 20% (Core Revenue)
14409,2059.45,7,297,19.96,74.64,Top 20% (Core Revenue)
12518,2056.89,5,109,19.99,74.66,Top 20% (Core Revenue)
17667,2055.51,5,232,20.01,74.68,Top 20% (Core Revenue)
14188,2054.36,10,301,20.03,74.71,Top 20% (Core Revenue)
16150,2053.02,10,333,20.06,74.73,Top 20% (Core Revenue)
17086,2050.08,6,56,20.08,74.75,Top 20% (Core Revenue)
17612,2048.45,10,244,20.1,74.78,Top 20% (Core Revenue)
14232,2048.07,8,232,20.12,74.8,Top 20% (Core Revenue)
18283,2045.53,16,333,20.15,74.82,Top 20% (Core Revenue)
13495,2044.87,6,360,20.17,74.85,Top 20% (Core Revenue)
17597,2044.37,1,0,20.19,74.87,Top 20% (Core Revenue)
13450,2043.72,6,191,20.22,74.89,Top 20% (Core Revenue)
14001,2043.08,4,327,20.24,74.91,Top 20% (Core Revenue)
12585,2040.1,4,117,20.26,74.94,Top 20% (Core Revenue)
17846,2033.1,1,0,20.29,74.96,Top 20% (Core Revenue)
13630,2031.78,11,280,20.31,74.98,Top 20% (Core Revenue)
16358,2027.5,5,183,20.33,75.01,Top 20% (Core Revenue)
16409,2022.98,5,281,20.36,75.03,Top 20% (Core Revenue)
14482,2022.81,6,220,20.38,75.05,Top 20% (Core Revenue)
15341,2020.52,1,0,20.4,75.07,Top 20% (Core Revenue)
17625,2020.4,4,239,20.42,75.1,Top 20% (Core Revenue)
13593,2011.88,6,227,20.45,75.12,Top 20% (Core Revenue)
18069,2009.24,7,301,20.47,75.14,Top 20% (Core Revenue)
15372,2007.4,1,0,20.49,75.16,Top 20% (Core Revenue)
16098,2005.63,7,286,20.52,75.19,Top 20% (Core Revenue)
14217,2004.98,24,364,20.54,75.21,Top 20% (Core Revenue)
14544,2004.3,2,337,20.56,75.23,Top 20% (Core Revenue)
17082,2003.85,2,285,20.59,75.25,Top 20% (Core Revenue)
16754,2002.4,1,0,20.61,75.28,Top 20% (Core Revenue)
18188,2001.04,4,275,20.63,75.3,Top 20% (Core Revenue)
13305,2000.86,10,368,20.65,75.32,Top 20% (Core Revenue)
16698,1998,2,26,20.68,75.34,Top 20% (Core Revenue)
17679,1992.11,2,32,20.7,75.37,Top 20% (Core Revenue)
17088,1991.01,4,225,20.72,75.39,Top 20% (Core Revenue)
17827,1987.33,5,359,20.75,75.41,Top 20% (Core Revenue)
13590,1981.92,7,291,20.77,75.43,Top 20% (Core Revenue)
17337,1981.06,7,158,20.79,75.46,Top 20% (Core Revenue)
14462,1980.57,15,275,20.82,75.48,Top 20% (Core Revenue)
13725,1980.56,11,258,20.84,75.5,Top 20% (Core Revenue)
17422,1979.37,10,279,20.86,75.52,Top 20% (Core Revenue)
18204,1975.35,4,121,20.89,75.55,Top 20% (Core Revenue)
17090,1974.65,8,349,20.91,75.57,Top 20% (Core Revenue)
15531,1972.39,2,22,20.93,75.59,Top 20% (Core Revenue)
16341,1971.87,6,176,20.95,75.61,Top 20% (Core Revenue)
12674,1970.6,7,196,20.98,75.63,Top 20% (Core Revenue)
17790,1964.3,14,338,21,75.66,Top 20% (Core Revenue)
17997,1962.46,12,89,21.02,75.68,Top 20% (Core Revenue)
13246,1961.52,7,312,21.05,75.7,Top 20% (Core Revenue)
14506,1960.65,5,351,21.07,75.72,Top 20% (Core Revenue)
14498,1957.32,5,319,21.09,75.74,Top 20% (Core Revenue)
12853,1957.1,9,208,21.12,75.77,Top 20% (Core Revenue)
15493,1953.41,7,238,21.14,75.79,Top 20% (Core Revenue)
17554,1952.45,5,146,21.16,75.81,Top 20% (Core Revenue)
17218,1951.97,10,363,21.18,75.83,Top 20% (Core Revenue)
14533,1949.72,9,328,21.21,75.85,Top 20% (Core Revenue)
15814,1945.33,6,47,21.23,75.88,Top 20% (Core Revenue)
14418,1937.25,3,104,21.25,75.9,Top 20% (Core Revenue)
15864,1936.32,8,293,21.28,75.92,Top 20% (Core Revenue)
15157,1936.07,5,354,21.3,75.94,Top 20% (Core Revenue)
15351,1934.66,10,357,21.32,75.96,Top 20% (Core Revenue)
12528,1933.48,8,303,21.35,75.99,Top 20% (Core Revenue)
14655,1932.23,5,218,21.37,76.01,Top 20% (Core Revenue)
13094,1927.32,16,347,21.39,76.03,Top 20% (Core Revenue)
14653,1926.65,7,337,21.42,76.05,Top 20% (Core Revenue)
15518,1921.55,13,268,21.44,76.07,Top 20% (Core Revenue)
14978,1921.37,5,258,21.46,76.09,Top 20% (Core Revenue)
14285,1910.01,4,155,21.48,76.12,Top 20% (Core Revenue)
17228,1906.09,8,356,21.51,76.14,Top 20% (Core Revenue)
16983,1905.87,8,356,21.53,76.16,Top 20% (Core Revenue)
14210,1905.84,7,280,21.55,76.18,Top 20% (Core Revenue)
15819,1905.45,4,227,21.58,76.2,Top 20% (Core Revenue)
16942,1904.99,10,215,21.6,76.22,Top 20% (Core Revenue)
14250,1904.05,3,82,21.62,76.24,Top 20% (Core Revenue)
12762,1898.52,2,17,21.65,76.27,Top 20% (Core Revenue)
14730,1897.57,8,275,21.67,76.29,Top 20% (Core Revenue)
14934,1890.94,3,209,21.69,76.31,Top 20% (Core Revenue)
12371,1887.96,2,14,21.72,76.33,Top 20% (Core Revenue)
15641,1887.2,4,253,21.74,76.35,Top 20% (Core Revenue)
16170,1885.05,7,197,21.76,76.37,Top 20% (Core Revenue)
13890,1883.81,14,357,21.78,76.39,Top 20% (Core Revenue)
16128,1880.22,5,264,21.81,76.41,Top 20% (Core Revenue)
17738,1879.05,5,262,21.83,76.44,Top 20% (Core Revenue)
17368,1878.87,9,314,21.85,76.46,Top 20% (Core Revenue)
15367,1877.59,5,218,21.88,76.48,Top 20% (Core Revenue)
17463,1875.86,6,296,21.9,76.5,Top 20% (Core Revenue)
16986,1873.2,2,0,21.92,76.52,Top 20% (Core Revenue)
13982,1871.81,5,326,21.95,76.54,Top 20% (Core Revenue)
15021,1871.77,13,359,21.97,76.56,Top 20% (Core Revenue)
17469,1870.97,6,188,21.99,76.58,Top 20% (Core Revenue)
16841,1869.82,7,250,22.01,76.6,Top 20% (Core Revenue)
17870,1865.89,13,364,22.04,76.62,Top 20% (Core Revenue)
16426,1863.76,10,273,22.06,76.65,Top 20% (Core Revenue)
16201,1863.47,5,106,22.08,76.67,Top 20% (Core Revenue)
14887,1862,1,0,22.11,76.69,Top 20% (Core Revenue)
12423,1859.31,9,352,22.13,76.71,Top 20% (Core Revenue)
14305,1858.96,5,64,22.15,76.73,Top 20% (Core Revenue)
12963,1856.63,9,357,22.18,76.75,Top 20% (Core Revenue)
17293,1854.06,9,352,22.2,76.77,Top 20% (Core Revenue)
14472,1852.67,8,251,22.22,76.79,Top 20% (Core Revenue)
16979,1852,8,294,22.25,76.81,Top 20% (Core Revenue)
12383,1850.56,6,167,22.27,76.83,Top 20% (Core Revenue)
17873,1848.96,6,293,22.29,76.85,Top 20% (Core Revenue)
12381,1845.31,6,115,22.31,76.88,Top 20% (Core Revenue)
17519,1844.02,7,351,22.34,76.9,Top 20% (Core Revenue)
14524,1843.83,9,329,22.36,76.92,Top 20% (Core Revenue)
18180,1843.75,6,137,22.38,76.94,Top 20% (Core Revenue)
12950,1843,3,21,22.41,76.96,Top 20% (Core Revenue)
16102,1842.14,3,86,22.43,76.98,Top 20% (Core Revenue)
16455,1841.18,7,307,22.45,77,Top 20% (Core Revenue)
14113,1840.42,8,351,22.48,77.02,Top 20% (Core Revenue)
14216,1839.3,4,34,22.5,77.04,Top 20% (Core Revenue)
13924,1838.85,11,70,22.52,77.06,Top 20% (Core Revenue)
17015,1838.61,3,156,22.54,77.08,Top 20% (Core Revenue)
14459,1837.92,1,0,22.57,77.1,Top 20% (Core Revenue)
18287,1837.28,3,158,22.59,77.12,Top 20% (Core Revenue)
13650,1836.34,7,250,22.61,77.14,Top 20% (Core Revenue)
15827,1836.09,20,299,22.64,77.17,Top 20% (Core Revenue)
14665,1835.7,7,250,22.66,77.19,Top 20% (Core Revenue)
13421,1833.71,3,249,22.68,77.21,Top 20% (Core Revenue)
16152,1829.04,1,0,22.71,77.23,Top 20% (Core Revenue)
15203,1827.8,6,285,22.73,77.25,Top 20% (Core Revenue)
17702,1824.37,6,335,22.75,77.27,Top 20% (Core Revenue)
16153,1824.23,5,305,22.78,77.29,Top 20% (Core Revenue)
17705,1823.52,10,298,22.8,77.31,Top 20% (Core Revenue)
16169,1822.97,4,67,22.82,77.33,Top 20% (Core Revenue)
17828,1820.09,9,176,22.84,77.35,Top 20% (Core Revenue)
13048,1819.41,5,312,22.87,77.37,Top 20% (Core Revenue)
17787,1817.54,4,218,22.89,77.39,Top 20% (Core Revenue)
17629,1814.12,9,354,22.91,77.41,Top 20% (Core Revenue)
15260,1810.77,8,272,22.94,77.43,Top 20% (Core Revenue)
16474,1810.65,11,137,22.96,77.45,Top 20% (Core Revenue)
13481,1804.56,8,322,22.98,77.47,Top 20% (Core Revenue)
17663,1802.91,9,261,23.01,77.49,Top 20% (Core Revenue)
15812,1801.14,5,210,23.03,77.51,Top 20% (Core Revenue)
16249,1800.07,5,186,23.05,77.53,Top 20% (Core Revenue)
13562,1799.33,3,163,23.08,77.55,Top 20% (Core Revenue)
13196,1797.78,4,250,23.1,77.57,Top 20% (Core Revenue)
17648,1797.5,5,188,23.12,77.59,Top 20% (Core Revenue)
12348,1797.24,4,282,23.14,77.61,Top 20% (Core Revenue)
18235,1796.48,3,145,23.17,77.63,Top 20% (Core Revenue)
13134,1793.58,7,167,23.19,77.65,Top 20% (Core Revenue)
18179,1793.17,6,327,23.21,77.67,Top 20% (Core Revenue)
18122,1793.06,6,142,23.24,77.69,Top 20% (Core Revenue)
13510,1791.56,5,182,23.26,77.72,Top 20% (Core Revenue)
12523,1789.77,13,330,23.28,77.74,Top 20% (Core Revenue)
14215,1789.72,7,356,23.31,77.76,Top 20% (Core Revenue)
14621,1788.36,6,357,23.33,77.78,Top 20% (Core Revenue)
13875,1786.79,5,247,23.35,77.8,Top 20% (Core Revenue)
14608,1785.15,4,358,23.37,77.82,Top 20% (Core Revenue)
14935,1784.71,1,0,23.4,77.84,Top 20% (Core Revenue)
15220,1778.96,7,229,23.42,77.86,Top 20% (Core Revenue)
12645,1775.18,5,282,23.44,77.88,Top 20% (Core Revenue)
17092,1774.03,4,227,23.47,77.9,Top 20% (Core Revenue)
15594,1771.78,6,218,23.49,77.92,Top 20% (Core Revenue)
15473,1771.2,10,46,23.51,77.94,Top 20% (Core Revenue)
16681,1770.34,6,180,23.54,77.96,Top 20% (Core Revenue)
16719,1770.22,8,353,23.56,77.98,Top 20% (Core Revenue)
13456,1766.72,7,189,23.58,78,Top 20% (Core Revenue)
16751,1764.72,1,0,23.61,78.02,Top 20% (Core Revenue)
12424,1760.96,2,0,23.63,78.04,Top 20% (Core Revenue)
12823,1759.5,5,221,23.65,78.05,Top 20% (Core Revenue)
12349,1757.55,1,0,23.67,78.07,Top 20% (Core Revenue)
15241,1756.44,9,216,23.7,78.09,Top 20% (Core Revenue)
16359,1750.92,12,324,23.72,78.11,Top 20% (Core Revenue)
13808,1747.66,5,91,23.74,78.13,Top 20% (Core Revenue)
15067,1744.76,3,204,23.77,78.15,Top 20% (Core Revenue)
15950,1744.71,5,357,23.79,78.17,Top 20% (Core Revenue)
16380,1743.15,1,0,23.81,78.19,Top 20% (Core Revenue)
13157,1741.22,5,248,23.84,78.21,Top 20% (Core Revenue)
14595,1740.6,6,293,23.86,78.23,Top 20% (Core Revenue)
17930,1740.48,5,203,23.88,78.25,Top 20% (Core Revenue)
17353,1740,2,25,23.91,78.27,Top 20% (Core Revenue)
17457,1737.7,5,212,23.93,78.29,Top 20% (Core Revenue)
15050,1737.69,5,46,23.95,78.31,Top 20% (Core Revenue)
14673,1736.4,5,364,23.97,78.33,Top 20% (Core Revenue)
17043,1735.18,4,234,24,78.35,Top 20% (Core Revenue)
14387,1727.6,3,76,24.02,78.37,Top 20% (Core Revenue)
13564,1724.67,5,223,24.04,78.39,Top 20% (Core Revenue)
17451,1721.4,10,104,24.07,78.41,Top 20% (Core Revenue)
14834,1720.3,8,222,24.09,78.43,Top 20% (Core Revenue)
15267,1717.36,5,160,24.11,78.45,Top 20% (Core Revenue)
17162,1715.46,11,276,24.14,78.47,Top 20% (Core Revenue)
13763,1714.96,3,107,24.16,78.48,Top 20% (Core Revenue)
17147,1714.59,6,289,24.18,78.5,Top 20% (Core Revenue)
14441,1712.89,10,364,24.2,78.52,Top 20% (Core Revenue)
17750,1710.45,9,158,24.23,78.54,Top 20% (Core Revenue)
12405,1710.39,1,0,24.25,78.56,Top 20% (Core Revenue)
15947,1708.24,1,0,24.27,78.58,Top 20% (Core Revenue)
12407,1708.12,5,214,24.3,78.6,Top 20% (Core Revenue)
16902,1706.88,1,0,24.32,78.62,Top 20% (Core Revenue)
15240,1706.57,7,326,24.34,78.64,Top 20% (Core Revenue)
16398,1705.8,4,109,24.37,78.66,Top 20% (Core Revenue)
16791,1705.78,8,303,24.39,78.68,Top 20% (Core Revenue)
12843,1702.26,9,198,24.41,78.7,Top 20% (Core Revenue)
17193,1699.3,9,141,24.44,78.72,Top 20% (Core Revenue)
13824,1698.94,5,277,24.46,78.73,Top 20% (Core Revenue)
17813,1698.07,7,57,24.48,78.75,Top 20% (Core Revenue)
12764,1693.88,1,0,24.5,78.77,Top 20% (Core Revenue)
16007,1693.81,4,167,24.53,78.79,Top 20% (Core Revenue)
14245,1693.45,5,87,24.55,78.81,Top 20% (Core Revenue)
16671,1692.27,3,136,24.57,78.83,Top 20% (Core Revenue)
16775,1691.51,11,357,24.6,78.85,Top 20% (Core Revenue)
15380,1690.26,6,356,24.62,78.87,Top 20% (Core Revenue)
17152,1689.5,4,68,24.64,78.89,Top 20% (Core Revenue)
12635,1689.18,2,65,24.67,78.91,Top 20% (Core Revenue)
13162,1688.29,5,212,24.69,78.92,Top 20% (Core Revenue)
13577,1687.6,5,216,24.71,78.94,Top 20% (Core Revenue)
17282,1685.46,3,169,24.73,78.96,Top 20% (Core Revenue)
15549,1681.46,4,239,24.76,78.98,Top 20% (Core Revenue)
16638,1680.72,11,346,24.78,79,Top 20% (Core Revenue)
13149,1676.06,4,274,24.8,79.02,Top 20% (Core Revenue)
17656,1674.69,5,55,24.83,79.04,Top 20% (Core Revenue)
13184,1668.95,12,275,24.85,79.06,Top 20% (Core Revenue)
17754,1664.65,6,259,24.87,79.08,Top 20% (Core Revenue)
12912,1662.3,5,37,24.9,79.09,Top 20% (Core Revenue)
12530,1662.28,5,277,24.92,79.11,Top 20% (Core Revenue)
15214,1661.44,8,241,24.94,79.13,Top 20% (Core Revenue)
15332,1661.06,4,3,24.97,79.15,Top 20% (Core Revenue)
12967,1660.9,4,368,24.99,79.17,Top 20% (Core Revenue)
16115,1660.88,8,282,25.01,79.19,Top 20% (Core Revenue)
14045,1659.75,4,264,25.03,79.21,Top 20% (Core Revenue)
15953,1657.28,10,354,25.06,79.23,Top 20% (Core Revenue)
15826,1654.31,4,159,25.08,79.24,Top 20% (Core Revenue)
16813,1652.18,10,196,25.1,79.26,Top 20% (Core Revenue)
16711,1651.03,5,354,25.13,79.28,Top 20% (Core Revenue)
14837,1649.5,5,111,25.15,79.3,Top 20% (Core Revenue)
13647,1648.12,5,225,25.17,79.32,Top 20% (Core Revenue)
17284,1647.48,7,276,25.2,79.34,Top 20% (Core Revenue)
13750,1647.26,5,283,25.22,79.36,Top 20% (Core Revenue)
13012,1646.84,11,285,25.24,79.37,Top 20% (Core Revenue)
12657,1643.18,5,67,25.27,79.39,Top 20% (Core Revenue)
15002,1641.76,4,251,25.29,79.41,Top 20% (Core Revenue)
14573,1639.82,13,192,25.31,79.43,Top 20% (Core Revenue)
13627,1638.47,7,298,25.33,79.45,Top 20% (Core Revenue)
15024,1636.43,10,357,25.36,79.47,Top 20% (Core Revenue)
12398,1635.66,1,0,25.38,79.48,Top 20% (Core Revenue)
15122,1633.78,6,212,25.4,79.5,Top 20% (Core Revenue)
14164,1631.77,2,10,25.43,79.52,Top 20% (Core Revenue)
12377,1628.12,2,39,25.45,79.54,Top 20% (Core Revenue)
14759,1625.97,3,228,25.47,79.56,Top 20% (Core Revenue)
13425,1624.21,3,186,25.5,79.58,Top 20% (Core Revenue)
16515,1624.14,5,259,25.52,79.59,Top 20% (Core Revenue)
15172,1624.05,5,227,25.54,79.61,Top 20% (Core Revenue)
14937,1621.88,4,73,25.56,79.63,Top 20% (Core Revenue)
17101,1621.73,4,167,25.59,79.65,Top 20% (Core Revenue)
18161,1618.69,6,309,25.61,79.67,Top 20% (Core Revenue)
16987,1616.8,7,202,25.63,79.69,Top 20% (Core Revenue)
14336,1614.91,4,259,25.66,79.7,Top 20% (Core Revenue)
16992,1614.31,6,299,25.68,79.72,Top 20% (Core Revenue)
15791,1612.69,3,160,25.7,79.74,Top 20% (Core Revenue)
14312,1611.59,6,290,25.73,79.76,Top 20% (Core Revenue)
14918,1610.15,2,38,25.75,79.78,Top 20% (Core Revenue)
12868,1607.06,6,187,25.77,79.79,Top 20% (Core Revenue)
16817,1604.75,13,365,25.8,79.81,Top 20% (Core Revenue)
12947,1603.99,11,229,25.82,79.83,Top 20% (Core Revenue)
15660,1600.86,12,340,25.84,79.85,Top 20% (Core Revenue)
14178,1600.26,7,173,25.86,79.87,Top 20% (Core Revenue)
16496,1599.52,4,308,25.89,79.88,Top 20% (Core Revenue)
16466,1595.96,7,258,25.91,79.9,Top 20% (Core Revenue)
13850,1595.48,2,41,25.93,79.92,Top 20% (Core Revenue)
17673,1594.97,7,318,25.96,79.94,Top 20% (Core Revenue)
16801,1594.23,5,110,25.98,79.96,Top 20% (Core Revenue)
16676,1592.12,5,303,26,79.97,Top 20% (Core Revenue)
14970,1592.06,4,248,26.03,79.99,Top 20% (Core Revenue)
15611,1591.45,15,325,26.05,80.01,Mid 30%
18178,1590.81,6,250,26.07,80.03,Mid 30%
14442,1589.82,5,315,26.09,80.05,Mid 30%
13614,1585.46,4,306,26.12,80.06,Mid 30%
16332,1582.8,8,277,26.14,80.08,Mid 30%
12393,1582.6,4,260,26.16,80.1,Mid 30%
14719,1581.84,6,247,26.19,80.12,Mid 30%
14587,1580.29,10,312,26.21,80.13,Mid 30%
12607,1579.51,2,2,26.23,80.15,Mid 30%
13814,1579.12,3,81,26.26,80.17,Mid 30%
16889,1578.67,3,142,26.28,80.19,Mid 30%
13186,1575.89,5,89,26.3,80.21,Mid 30%
17671,1572.71,6,349,26.33,80.22,Mid 30%
16283,1570.81,7,202,26.35,80.24,Mid 30%
12865,1568.23,3,333,26.37,80.26,Mid 30%
15906,1567.69,8,235,26.39,80.28,Mid 30%
15111,1567.48,3,343,26.42,80.29,Mid 30%
15532,1564.73,6,332,26.44,80.31,Mid 30%
17204,1564.56,9,185,26.46,80.33,Mid 30%
13659,1563,3,123,26.49,80.35,Mid 30%
17085,1562.4,6,239,26.51,80.36,Mid 30%
18239,1561.61,5,153,26.53,80.38,Mid 30%
14038,1560.38,4,128,26.56,80.4,Mid 30%
16394,1555.34,9,239,26.58,80.42,Mid 30%
13313,1555.32,5,317,26.6,80.43,Mid 30%
15620,1553.18,6,308,26.63,80.45,Mid 30%
15117,1551.78,6,200,26.65,80.47,Mid 30%
13634,1547.36,5,293,26.67,80.49,Mid 30%
14229,1547.2,5,281,26.69,80.5,Mid 30%
16790,1545.62,8,34,26.72,80.52,Mid 30%
16369,1545.41,3,178,26.74,80.54,Mid 30%
13397,1544.13,6,266,26.76,80.56,Mid 30%
12818,1542.08,2,83,26.79,80.57,Mid 30%
17837,1541.23,10,120,26.81,80.59,Mid 30%
16365,1540.42,9,349,26.83,80.61,Mid 30%
17159,1538.88,4,150,26.86,80.63,Mid 30%
13849,1537.95,2,119,26.88,80.64,Mid 30%
12877,1535.77,12,354,26.9,80.66,Mid 30%
15392,1535.53,5,355,26.92,80.68,Mid 30%
15625,1534.26,8,135,26.95,80.69,Mid 30%
13320,1532.2,6,143,26.97,80.71,Mid 30%
13107,1531.62,5,289,26.99,80.73,Mid 30%
12759,1531.44,3,223,27.02,80.75,Mid 30%
14321,1530.75,5,322,27.04,80.76,Mid 30%
14567,1530.36,3,95,27.06,80.78,Mid 30%
15701,1529,4,108,27.09,80.8,Mid 30%
16244,1522.75,2,160,27.11,80.82,Mid 30%
16066,1521.04,5,107,27.13,80.83,Mid 30%
13213,1520.58,6,142,27.16,80.85,Mid 30%
13764,1519.42,3,266,27.18,80.87,Mid 30%
14267,1516.24,7,109,27.2,80.88,Mid 30%
13791,1516,3,124,27.22,80.9,Mid 30%
16748,1515.9,5,316,27.25,80.92,Mid 30%
16053,1511.95,2,89,27.27,80.93,Mid 30%
16434,1511.8,7,270,27.29,80.95,Mid 30%
16910,1508.96,8,86,27.32,80.97,Mid 30%
15265,1506.12,2,84,27.34,80.99,Mid 30%
12937,1504.27,4,252,27.36,81,Mid 30%
15916,1502.86,10,350,27.39,81.02,Mid 30%
16279,1502.78,4,312,27.41,81.04,Mid 30%
13810,1499.01,4,27,27.43,81.05,Mid 30%
15530,1497.31,4,225,27.46,81.07,Mid 30%
14414,1496.98,8,267,27.48,81.09,Mid 30%
14704,1493.96,9,168,27.5,81.1,Mid 30%
17002,1493.73,4,217,27.52,81.12,Mid 30%
16880,1491.43,7,158,27.55,81.14,Mid 30%
15057,1489.5,2,40,27.57,81.15,Mid 30%
13110,1488.67,8,279,27.59,81.17,Mid 30%
13692,1488.32,5,211,27.62,81.19,Mid 30%
17553,1487.6,1,0,27.64,81.2,Mid 30%
14758,1484.06,4,114,27.66,81.22,Mid 30%
16395,1482.06,5,270,27.69,81.24,Mid 30%
18016,1477.66,5,331,27.71,81.25,Mid 30%
14878,1476.09,9,345,27.73,81.27,Mid 30%
14403,1475.81,5,116,27.75,81.29,Mid 30%
16755,1475.43,5,201,27.78,81.3,Mid 30%
12826,1474.72,8,362,27.8,81.32,Mid 30%
14246,1474.06,3,135,27.82,81.34,Mid 30%
14963,1472.34,5,173,27.85,81.35,Mid 30%
15128,1471,8,159,27.87,81.37,Mid 30%
17590,1468.02,3,37,27.89,81.39,Mid 30%
16016,1465.51,10,363,27.92,81.4,Mid 30%
14875,1465.32,5,253,27.94,81.42,Mid 30%
15983,1465.12,4,351,27.96,81.44,Mid 30%
12882,1463.04,2,24,27.99,81.45,Mid 30%
14233,1462.72,5,273,28.01,81.47,Mid 30%
17063,1461.14,11,280,28.03,81.49,Mid 30%
16996,1456.96,9,328,28.05,81.5,Mid 30%
13309,1456.79,5,301,28.08,81.52,Mid 30%
13477,1454.58,8,253,28.1,81.54,Mid 30%
14541,1453.35,8,260,28.12,81.55,Mid 30%
16059,1453.16,6,301,28.15,81.57,Mid 30%
14404,1449.32,7,335,28.17,81.58,Mid 30%
14740,1448.21,4,92,28.19,81.6,Mid 30%
17073,1446.09,4,91,28.22,81.62,Mid 30%
13717,1445.01,7,266,28.24,81.63,Mid 30%
13461,1445,3,124,28.26,81.65,Mid 30%
17175,1443.69,5,252,28.28,81.67,Mid 30%
14071,1437.57,9,261,28.31,81.68,Mid 30%
15987,1432.77,7,356,28.33,81.7,Mid 30%
14566,1432,1,0,28.35,81.71,Mid 30%
16503,1431.93,5,253,28.38,81.73,Mid 30%
13475,1431.78,4,107,28.4,81.75,Mid 30%
15427,1430.54,3,13,28.42,81.76,Mid 30%
16103,1429.64,6,226,28.45,81.78,Mid 30%
13159,1429.35,5,106,28.47,81.79,Mid 30%
14035,1428.02,5,268,28.49,81.81,Mid 30%
15858,1427.57,5,351,28.52,81.83,Mid 30%
15681,1426.16,6,261,28.54,81.84,Mid 30%
17571,1425.67,4,248,28.56,81.86,Mid 30%
15106,1422.52,7,251,28.58,81.87,Mid 30%
16463,1422.4,7,182,28.61,81.89,Mid 30%
16571,1421.69,5,278,28.63,81.91,Mid 30%
14019,1421.61,4,91,28.65,81.92,Mid 30%
14901,1421.29,10,361,28.68,81.94,Mid 30%
14443,1420.2,7,318,28.7,81.95,Mid 30%
16173,1418.32,7,82,28.72,81.97,Mid 30%
17856,1418.03,6,279,28.75,81.99,Mid 30%
17288,1417.63,7,349,28.77,82,Mid 30%
14748,1415.75,6,339,28.79,82.02,Mid 30%
16348,1415.65,7,207,28.82,82.03,Mid 30%
16012,1415.29,3,119,28.84,82.05,Mid 30%
16245,1413.66,5,233,28.86,82.07,Mid 30%
15237,1412.32,4,225,28.88,82.08,Mid 30%
15444,1411.21,2,31,28.91,82.1,Mid 30%
15596,1406.59,9,264,28.93,82.11,Mid 30%
17083,1405.78,3,194,28.95,82.13,Mid 30%
16271,1404.64,6,355,28.98,82.15,Mid 30%
15426,1404.07,7,350,29,82.16,Mid 30%
18116,1403.11,8,296,29.02,82.18,Mid 30%
14649,1402.59,4,207,29.05,82.19,Mid 30%
15563,1400.44,7,349,29.07,82.21,Mid 30%
14741,1400.34,6,361,29.09,82.22,Mid 30%
15478,1399.92,2,16,29.11,82.24,Mid 30%
18202,1396.99,3,111,29.14,82.26,Mid 30%
13995,1393.69,6,230,29.16,82.27,Mid 30%
17354,1393.06,1,0,29.18,82.29,Mid 30%
15810,1391.98,7,218,29.21,82.3,Mid 30%
13414,1390.5,3,162,29.23,82.32,Mid 30%
13516,1389.41,3,217,29.25,82.33,Mid 30%
16539,1388.81,4,370,29.28,82.35,Mid 30%
15134,1387.99,8,225,29.3,82.37,Mid 30%
12952,1387.79,5,72,29.32,82.38,Mid 30%
12775,1386.04,6,294,29.35,82.4,Mid 30%
13308,1385.51,4,180,29.37,82.41,Mid 30%
18167,1384.86,6,101,29.39,82.43,Mid 30%
17311,1384.85,2,238,29.41,82.44,Mid 30%
13572,1384.25,1,0,29.44,82.46,Mid 30%
15898,1383.83,6,367,29.46,82.47,Mid 30%
15051,1383.36,3,127,29.48,82.49,Mid 30%
14116,1382.74,5,101,29.51,82.51,Mid 30%
16389,1382.07,5,229,29.53,82.52,Mid 30%
17621,1379.9,4,333,29.55,82.54,Mid 30%
12886,1378.4,3,151,29.58,82.55,Mid 30%
15569,1375.71,5,228,29.6,82.57,Mid 30%
14434,1372.8,6,50,29.62,82.58,Mid 30%
15453,1371.77,7,185,29.64,82.6,Mid 30%
17676,1371.18,7,362,29.67,82.61,Mid 30%
15095,1370.6,5,99,29.69,82.63,Mid 30%
14507,1367.88,7,252,29.71,82.64,Mid 30%
13813,1366.86,5,95,29.74,82.66,Mid 30%
14897,1366.38,4,289,29.76,82.68,Mid 30%
13396,1360.99,4,297,29.78,82.69,Mid 30%
16726,1358.74,5,335,29.81,82.71,Mid 30%
17054,1356.33,6,216,29.83,82.72,Mid 30%
14859,1353.74,5,191,29.85,82.74,Mid 30%
15116,1352.75,4,187,29.88,82.75,Mid 30%
16079,1352,3,23,29.9,82.77,Mid 30%
16493,1351.63,6,257,29.92,82.78,Mid 30%
12770,1351.45,1,0,29.94,82.8,Mid 30%
15411,1348.93,5,156,29.97,82.81,Mid 30%
16669,1348.88,4,54,29.99,82.83,Mid 30%
12646,1346.97,2,44,30.01,82.84,Mid 30%
14154,1345.62,2,0,30.04,82.86,Mid 30%
15398,1345.53,3,62,30.06,82.87,Mid 30%
12463,1344.78,7,195,30.08,82.89,Mid 30%
16317,1341.65,3,177,30.11,82.9,Mid 30%
13743,1341.6,8,256,30.13,82.92,Mid 30%
18177,1340.87,7,224,30.15,82.93,Mid 30%
16045,1340.7,4,170,30.18,82.95,Mid 30%
13501,1340.32,2,45,30.2,82.96,Mid 30%
15734,1339.45,2,85,30.22,82.98,Mid 30%
12620,1339.41,3,189,30.24,82.99,Mid 30%
15059,1337.72,11,293,30.27,83.01,Mid 30%
17372,1337.18,8,321,30.29,83.02,Mid 30%
12919,1335.19,8,161,30.31,83.04,Mid 30%
14064,1334.34,7,245,30.34,83.05,Mid 30%
15680,1333.68,3,356,30.36,83.07,Mid 30%
17932,1331.57,3,182,30.38,83.08,Mid 30%
12676,1331.39,6,286,30.41,83.1,Mid 30%
16295,1328.55,4,54,30.43,83.11,Mid 30%
13232,1328.35,7,230,30.45,83.13,Mid 30%
15146,1327.16,3,126,30.47,83.14,Mid 30%
17633,1324.84,6,327,30.5,83.16,Mid 30%
17095,1324.16,6,312,30.52,83.17,Mid 30%
16110,1320.95,3,266,30.54,83.19,Mid 30%
14591,1320.21,4,197,30.57,83.2,Mid 30%
14794,1319.91,9,331,30.59,83.22,Mid 30%
16083,1317.62,2,259,30.61,83.23,Mid 30%
12526,1316.66,3,93,30.64,83.25,Mid 30%
12854,1316.25,5,240,30.66,83.26,Mid 30%
14921,1316.07,2,171,30.68,83.28,Mid 30%
12576,1315.83,6,268,30.71,83.29,Mid 30%
14511,1314.81,6,122,30.73,83.31,Mid 30%
14738,1314.45,9,276,30.75,83.34,Mid 30%
14973,1314.45,3,118,30.77,83.34,Mid 30%
16040,1313.55,3,203,30.8,83.35,Mid 30%
12364,1313.1,4,104,30.82,83.37,Mid 30%
17004,1312.14,2,46,30.84,83.38,Mid 30%
12516,1312.06,2,102,30.87,83.4,Mid 30%
14477,1309.6,5,277,30.89,83.41,Mid 30%
16120,1309.14,5,0,30.91,83.43,Mid 30%
14047,1308.61,7,364,30.94,83.44,Mid 30%
13328,1308.48,1,0,30.96,83.45,Mid 30%
14297,1305.33,6,257,30.98,83.47,Mid 30%
12507,1304.81,4,164,31.01,83.48,Mid 30%
17919,1304.04,1,0,31.03,83.5,Mid 30%
15813,1303.91,2,31,31.05,83.51,Mid 30%
16370,1301.91,4,142,31.07,83.53,Mid 30%
15108,1300.25,5,85,31.1,83.54,Mid 30%
13168,1299.59,5,281,31.12,83.56,Mid 30%
16464,1298.66,3,122,31.14,83.59,Mid 30%
12488,1298.66,3,65,31.17,83.59,Mid 30%
12372,1298.04,3,224,31.19,83.6,Mid 30%
15602,1297.87,15,359,31.21,83.62,Mid 30%
17961,1296.44,39,350,31.24,83.63,Mid 30%
16929,1295.39,7,151,31.26,83.64,Mid 30%
16224,1295.3,4,192,31.28,83.66,Mid 30%
15621,1293.03,6,17,31.3,83.67,Mid 30%
16744,1291.91,7,161,31.33,83.69,Mid 30%
16101,1290.7,3,61,31.35,83.7,Mid 30%
14856,1290.53,3,20,31.37,83.72,Mid 30%
15171,1289.5,2,6,31.4,83.73,Mid 30%
15136,1286.7,5,93,31.42,83.75,Mid 30%
16949,1286.27,7,312,31.44,83.76,Mid 30%
17802,1285.04,4,290,31.47,83.78,Mid 30%
17350,1281.32,5,42,31.49,83.79,Mid 30%
13538,1280.85,7,272,31.51,83.8,Mid 30%
15494,1280.58,2,99,31.54,83.82,Mid 30%
16951,1277.75,4,180,31.56,83.83,Mid 30%
16692,1276,2,32,31.58,83.85,Mid 30%
12394,1272.48,2,153,31.6,83.86,Mid 30%
13878,1271.57,1,0,31.63,83.88,Mid 30%
16899,1271.06,6,352,31.65,83.89,Mid 30%
12630,1270.88,2,34,31.67,83.9,Mid 30%
13492,1269.84,3,78,31.7,83.92,Mid 30%
14898,1269.31,8,347,31.72,83.93,Mid 30%
13431,1269.1,2,21,31.74,83.95,Mid 30%
14916,1268.98,5,253,31.77,83.96,Mid 30%
15199,1268.7,4,249,31.79,83.98,Mid 30%
16660,1267.65,5,303,31.81,83.99,Mid 30%
17037,1267.32,2,9,31.83,84,Mid 30%
17158,1266.97,3,328,31.86,84.02,Mid 30%
14105,1266.23,2,153,31.88,84.03,Mid 30%
13989,1266.08,2,173,31.9,84.05,Mid 30%
16842,1264.19,4,238,31.93,84.06,Mid 30%
15497,1262.2,3,302,31.95,84.08,Mid 30%
16688,1260.86,4,59,31.97,84.09,Mid 30%
17388,1259.56,4,209,32,84.1,Mid 30%
15009,1259.43,3,12,32.02,84.12,Mid 30%
14669,1259.24,3,90,32.04,84.13,Mid 30%
17019,1258.08,4,357,32.07,84.15,Mid 30%
17412,1258.06,7,369,32.09,84.16,Mid 30%
13151,1257.87,2,92,32.11,84.18,Mid 30%
14931,1257.68,6,236,32.13,84.19,Mid 30%
16639,1257.51,4,210,32.16,84.2,Mid 30%
17481,1255.59,5,90,32.18,84.22,Mid 30%
13848,1255,3,273,32.2,84.23,Mid 30%
17262,1253.36,5,313,32.23,84.25,Mid 30%
14383,1247.69,3,125,32.25,84.26,Mid 30%
12689,1247.61,2,101,32.27,84.27,Mid 30%
13029,1247.5,3,322,32.3,84.29,Mid 30%
12494,1246.1,13,355,32.32,84.3,Mid 30%
13860,1245.9,6,85,32.34,84.32,Mid 30%
16531,1244.59,7,338,32.37,84.33,Mid 30%
17584,1242.3,3,120,32.39,84.34,Mid 30%
17588,1240.2,3,132,32.41,84.36,Mid 30%
17731,1240.11,5,104,32.43,84.37,Mid 30%
12985,1239.38,3,27,32.46,84.39,Mid 30%
13476,1238.47,4,102,32.48,84.4,Mid 30%
14893,1237.85,2,2,32.5,84.41,Mid 30%
13931,1237.53,3,195,32.53,84.43,Mid 30%
15201,1236.54,11,168,32.55,84.44,Mid 30%
18080,1231.5,2,223,32.57,84.46,Mid 30%
18171,1231.31,7,274,32.6,84.47,Mid 30%
15910,1228.88,8,315,32.62,84.48,Mid 30%
14913,1227.43,4,323,32.64,84.5,Mid 30%
12997,1226.89,7,294,32.66,84.51,Mid 30%
12412,1226.88,3,94,32.69,84.52,Mid 30%
14428,1224.06,7,317,32.71,84.55,Mid 30%
15841,1224.06,6,274,32.73,84.55,Mid 30%
15376,1221.56,3,182,32.76,84.57,Mid 30%
15004,1220.77,1,0,32.78,84.58,Mid 30%
14745,1220.26,6,172,32.8,84.59,Mid 30%
15227,1219.4,5,280,32.83,84.61,Mid 30%
13208,1217.65,7,250,32.85,84.62,Mid 30%
14698,1217.27,5,49,32.87,84.63,Mid 30%
13491,1215.82,10,320,32.9,84.65,Mid 30%
17410,1214.72,5,199,32.92,84.66,Mid 30%
13055,1214.41,4,149,32.94,84.68,Mid 30%
17774,1213.73,5,208,32.96,84.69,Mid 30%
18263,1213.16,4,229,32.99,84.7,Mid 30%
13918,1212.84,2,203,33.01,84.72,Mid 30%
16653,1212.66,3,55,33.03,84.73,Mid 30%
12464,1212.05,8,299,33.06,84.74,Mid 30%
17653,1207.56,5,90,33.08,84.76,Mid 30%
16762,1207.24,3,124,33.1,84.77,Mid 30%
14684,1201.51,5,336,33.13,84.78,Mid 30%
13158,1201.06,4,224,33.15,84.8,Mid 30%
17320,1200.62,3,267,33.17,84.81,Mid 30%
15605,1198.23,5,337,33.2,84.82,Mid 30%
13118,1197.81,7,269,33.22,84.84,Mid 30%
16794,1196.5,12,179,33.24,84.85,Mid 30%
17720,1195.94,4,341,33.26,84.87,Mid 30%
17526,1195.9,8,364,33.29,84.88,Mid 30%
15145,1194.73,4,244,33.31,84.89,Mid 30%
12611,1193.32,1,0,33.33,84.91,Mid 30%
13882,1191.13,6,61,33.36,84.92,Mid 30%
12462,1189.59,4,300,33.38,84.93,Mid 30%
15737,1188.12,12,228,33.4,84.95,Mid 30%
16612,1187.66,4,278,33.43,84.96,Mid 30%
17800,1187.21,9,296,33.45,84.97,Mid 30%
15630,1186.35,3,159,33.47,84.99,Mid 30%
17058,1179.89,3,158,33.49,85,Mid 30%
16950,1178.56,3,310,33.52,85.01,Mid 30%
16042,1177.47,7,350,33.54,85.03,Mid 30%
13752,1175.38,6,122,33.56,85.04,Mid 30%
12885,1175.22,4,60,33.59,85.05,Mid 30%
12640,1174.58,3,57,33.61,85.07,Mid 30%
15306,1174.35,3,83,33.63,85.08,Mid 30%
14857,1173.12,3,88,33.66,85.09,Mid 30%
12358,1168.06,2,149,33.68,85.1,Mid 30%
13500,1166.77,4,99,33.7,85.12,Mid 30%
14487,1165.48,7,341,33.73,85.13,Mid 30%
14737,1164.55,3,349,33.75,85.14,Mid 30%
14261,1163.45,2,27,33.77,85.16,Mid 30%
14447,1163.23,5,261,33.79,85.17,Mid 30%
16800,1162.65,1,0,33.82,85.18,Mid 30%
12546,1161.5,3,31,33.84,85.2,Mid 30%
15088,1160.07,3,45,33.86,85.21,Mid 30%
18168,1160.04,9,196,33.89,85.22,Mid 30%
13499,1159.11,7,252,33.91,85.24,Mid 30%
16184,1158.79,7,147,33.93,85.25,Mid 30%
17867,1157.87,8,258,33.96,85.26,Mid 30%
17348,1156.6,5,283,33.98,85.27,Mid 30%
16637,1154.47,5,193,34,85.29,Mid 30%
13611,1154.4,4,270,34.02,85.3,Mid 30%
16062,1153.62,4,355,34.05,85.31,Mid 30%
12710,1149.02,4,104,34.07,85.33,Mid 30%
17505,1145.84,2,44,34.09,85.34,Mid 30%
16766,1145.6,2,0,34.12,85.35,Mid 30%
12769,1143.6,1,0,34.14,85.37,Mid 30%
17770,1143.27,5,83,34.16,85.38,Mid 30%
15985,1142.42,3,113,34.19,85.39,Mid 30%
16270,1141.24,1,0,34.21,85.4,Mid 30%
13330,1140.93,3,223,34.23,85.42,Mid 30%
13819,1140.35,3,18,34.26,85.43,Mid 30%
16172,1140.21,5,146,34.28,85.44,Mid 30%
17135,1139.73,7,355,34.3,85.45,Mid 30%
17500,1138,3,12,34.32,85.47,Mid 30%
17302,1135.63,6,290,34.35,85.48,Mid 30%
17242,1135.04,2,72,34.37,85.49,Mid 30%
15489,1134.28,4,188,34.39,85.51,Mid 30%
16989,1133.25,6,143,34.42,85.52,Mid 30%
13282,1132.14,6,202,34.44,85.53,Mid 30%
13310,1132.03,6,315,34.46,85.54,Mid 30%
18125,1131.75,5,286,34.49,85.56,Mid 30%
15500,1131.56,4,73,34.51,85.57,Mid 30%
13447,1129.14,4,12,34.53,85.58,Mid 30%
16714,1129.06,4,98,34.56,85.6,Mid 30%
14824,1127.71,4,81,34.58,85.61,Mid 30%
12609,1126.85,3,240,34.6,85.62,Mid 30%
14708,1126.37,4,365,34.62,85.63,Mid 30%
17470,1125.07,5,323,34.65,85.65,Mid 30%
14129,1123.86,5,259,34.67,85.66,Mid 30%
13772,1122.63,3,205,34.69,85.67,Mid 30%
13486,1122.41,3,76,34.72,85.68,Mid 30%
17562,1122.38,8,159,34.74,85.7,Mid 30%
14723,1122.36,6,361,34.76,85.71,Mid 30%
16807,1121.59,3,128,34.79,85.72,Mid 30%
16086,1121.39,6,307,34.81,85.73,Mid 30%
15730,1120.88,4,140,34.83,85.75,Mid 30%
14276,1119.74,5,201,34.85,85.76,Mid 30%
12842,1118.99,2,238,34.88,85.77,Mid 30%
17894,1118.96,8,294,34.9,85.78,Mid 30%
17788,1117.9,2,55,34.92,85.8,Mid 30%
13591,1117.13,3,202,34.95,85.81,Mid 30%
17585,1116.68,4,228,34.97,85.82,Mid 30%
16350,1116.47,5,344,34.99,85.83,Mid 30%
12679,1113.02,9,231,35.02,85.85,Mid 30%
14817,1110.34,2,76,35.04,85.86,Mid 30%
15069,1109.53,1,0,35.06,85.87,Mid 30%
12399,1108.65,4,142,35.09,85.88,Mid 30%
15933,1107.46,3,65,35.11,85.9,Mid 30%
16833,1106.53,4,333,35.13,85.91,Mid 30%
12857,1106.4,2,91,35.15,85.92,Mid 30%
14102,1105.88,8,39,35.18,85.93,Mid 30%
17609,1105.78,6,286,35.2,85.95,Mid 30%
13064,1105.59,4,314,35.22,85.96,Mid 30%
14948,1101.97,7,196,35.25,85.97,Mid 30%
15716,1101.11,4,223,35.27,85.98,Mid 30%
17047,1100.9,3,119,35.29,86,Mid 30%
14410,1100.27,15,290,35.32,86.01,Mid 30%
14744,1099.98,9,350,35.34,86.02,Mid 30%
15978,1098.78,1,0,35.36,86.03,Mid 30%
13104,1098.48,6,351,35.38,86.05,Mid 30%
17966,1098.43,5,223,35.41,86.06,Mid 30%
14971,1097.98,3,8,35.43,86.07,Mid 30%
14161,1097.62,3,153,35.45,86.08,Mid 30%
16225,1096.32,5,232,35.48,86.1,Mid 30%
13211,1095.42,3,350,35.5,86.11,Mid 30%
13652,1095.08,3,322,35.52,86.12,Mid 30%
15745,1094.59,6,227,35.55,86.13,Mid 30%
15608,1093.68,4,92,35.57,86.14,Mid 30%
18189,1090.24,3,190,35.59,86.16,Mid 30%
13853,1090.14,2,48,35.62,86.17,Mid 30%
12534,1089.18,1,0,35.64,86.18,Mid 30%
15763,1086.92,3,45,35.66,86.19,Mid 30%
16533,1082.81,5,48,35.68,86.21,Mid 30%
13610,1082.33,9,273,35.71,86.22,Mid 30%
14561,1080.76,3,108,35.73,86.23,Mid 30%
13744,1080.52,2,197,35.75,86.24,Mid 30%
13726,1079.66,2,61,35.78,86.25,Mid 30%
15197,1079.61,5,349,35.8,86.27,Mid 30%
12354,1079.4,1,0,35.82,86.28,Mid 30%
14352,1078.96,4,116,35.85,86.29,Mid 30%
16094,1078.23,6,325,35.87,86.3,Mid 30%
16563,1077.74,1,0,35.89,86.32,Mid 30%
13715,1077.39,8,91,35.92,86.33,Mid 30%
16049,1074.81,3,34,35.94,86.34,Mid 30%
13131,1073.3,4,164,35.96,86.35,Mid 30%
15712,1072.36,5,278,35.98,86.36,Mid 30%
15238,1071.99,5,154,36.01,86.38,Mid 30%
13467,1071.91,2,25,36.03,86.39,Mid 30%
13521,1071.73,3,8,36.05,86.4,Mid 30%
17041,1071.49,4,333,36.08,86.41,Mid 30%
13635,1071.03,1,0,36.1,86.42,Mid 30%
17522,1070.71,5,216,36.12,86.44,Mid 30%
13761,1070.65,2,129,36.15,86.45,Mid 30%
14212,1070.48,1,0,36.17,86.46,Mid 30%
16200,1068.87,2,159,36.19,86.47,Mid 30%
16918,1068.82,7,267,36.21,86.48,Mid 30%
15436,1067.75,3,221,36.24,86.5,Mid 30%
15027,1066.15,6,207,36.26,86.51,Mid 30%
17277,1065.35,2,95,36.28,86.52,Mid 30%
14488,1064.28,2,16,36.31,86.53,Mid 30%
12951,1064.07,8,322,36.33,86.54,Mid 30%
15801,1063.95,4,63,36.35,86.56,Mid 30%
12936,1063.9,5,61,36.38,86.57,Mid 30%
12815,1063.46,2,50,36.4,86.58,Mid 30%
14411,1063,1,0,36.42,86.59,Mid 30%
16214,1062.75,3,98,36.45,86.6,Mid 30%
15706,1060.56,7,56,36.47,86.62,Mid 30%
17727,1060.25,2,5,36.49,86.63,Mid 30%
18130,1059.39,4,48,36.51,86.64,Mid 30%
17214,1059.12,7,298,36.54,86.65,Mid 30%
13455,1058.34,4,341,36.56,86.66,Mid 30%
15977,1054.73,2,21,36.58,86.68,Mid 30%
12716,1053.49,2,129,36.61,86.69,Mid 30%
14419,1051.79,6,354,36.63,86.7,Mid 30%
16416,1051.4,4,29,36.65,86.71,Mid 30%
15329,1049.7,5,329,36.68,86.72,Mid 30%
14078,1049.37,6,271,36.7,86.73,Mid 30%
17287,1049.06,7,346,36.72,86.75,Mid 30%
15839,1048.49,5,122,36.75,86.76,Mid 30%
16728,1048.28,4,218,36.77,86.77,Mid 30%
15777,1047.11,5,120,36.79,86.78,Mid 30%
15407,1046.74,4,271,36.81,86.79,Mid 30%
16520,1046.57,4,179,36.84,86.81,Mid 30%
14293,1046.56,4,365,36.86,86.82,Mid 30%
15464,1044.65,1,0,36.88,86.83,Mid 30%
15192,1044.32,3,245,36.91,86.84,Mid 30%
14389,1043.46,5,309,36.93,86.85,Mid 30%
15073,1043.41,4,177,36.95,86.86,Mid 30%
12497,1043.1,1,0,36.98,86.88,Mid 30%
13719,1041.68,5,219,37,86.89,Mid 30%
18221,1041.61,6,189,37.02,86.9,Mid 30%
15434,1041.48,6,191,37.04,86.91,Mid 30%
16320,1038.46,2,40,37.07,86.92,Mid 30%
14465,1038.44,3,56,37.09,86.93,Mid 30%
16175,1037.59,4,145,37.11,86.95,Mid 30%
17042,1036.58,5,244,37.14,86.96,Mid 30%
12691,1035.8,6,329,37.16,86.97,Mid 30%
16260,1035.45,1,0,37.18,86.98,Mid 30%
13639,1033.34,1,0,37.21,86.99,Mid 30%
14584,1033.06,5,29,37.23,87,Mid 30%
17724,1033,4,80,37.25,87.02,Mid 30%
15996,1032.58,7,277,37.28,87.04,Mid 30%
12599,1032.58,7,275,37.3,87.04,Mid 30%
12724,1031.41,4,327,37.32,87.06,Mid 30%
17405,1031.41,5,149,37.34,87.06,Mid 30%
13235,1031.07,2,0,37.37,87.07,Mid 30%
12717,1030.98,3,94,37.39,87.09,Mid 30%
13253,1030.4,2,182,37.41,87.1,Mid 30%
17033,1030.14,3,273,37.44,87.11,Mid 30%
15333,1028.56,1,0,37.46,87.12,Mid 30%
16980,1028.46,2,36,37.48,87.13,Mid 30%
16682,1028,5,183,37.51,87.14,Mid 30%
14904,1025.44,2,23,37.53,87.17,Mid 30%
16160,1025.44,4,21,37.55,87.17,Mid 30%
15658,1024.1,8,182,37.57,87.18,Mid 30%
17096,1022.13,7,252,37.6,87.19,Mid 30%
14346,1021.58,2,176,37.62,87.2,Mid 30%
13165,1021.48,2,305,37.64,87.21,Mid 30%
12572,1020.42,3,43,37.67,87.22,Mid 30%
13376,1019.76,3,135,37.69,87.24,Mid 30%
18142,1019.52,4,64,37.71,87.25,Mid 30%
13956,1019.27,5,266,37.74,87.26,Mid 30%
12828,1018.71,6,127,37.76,87.27,Mid 30%
12514,1017.68,1,0,37.78,87.28,Mid 30%
13728,1016.14,6,273,37.81,87.29,Mid 30%
12642,1013.26,3,82,37.83,87.3,Mid 30%
12739,1013.04,2,20,37.85,87.32,Mid 30%
17197,1013.01,1,0,37.87,87.33,Mid 30%
14195,1012,3,50,37.9,87.34,Mid 30%
14775,1011.9,3,313,37.92,87.35,Mid 30%
16229,1010.6,2,125,37.94,87.36,Mid 30%
14446,1010.35,4,245,37.97,87.37,Mid 30%
12849,1010.29,2,237,37.99,87.38,Mid 30%
13032,1010.18,3,48,38.01,87.4,Mid 30%
14224,1009.73,4,209,38.04,87.41,Mid 30%
16572,1009.6,4,148,38.06,87.42,Mid 30%
16174,1009.55,3,25,38.08,87.43,Mid 30%
17951,1008.54,4,333,38.11,87.44,Mid 30%
17646,1008.39,4,145,38.13,87.45,Mid 30%
14631,1006.98,3,248,38.15,87.46,Mid 30%
13429,1006.8,4,64,38.17,87.47,Mid 30%
13867,1005.09,3,186,38.2,87.49,Mid 30%
14214,1004.38,7,246,38.22,87.5,Mid 30%
13410,1003.06,7,282,38.24,87.51,Mid 30%
14083,1002.9,9,367,38.27,87.52,Mid 30%
12446,1002.31,1,0,38.29,87.53,Mid 30%
12545,1000.39,2,184,38.31,87.54,Mid 30%
15508,1000.27,6,46,38.34,87.55,Mid 30%
18143,1000.16,2,25,38.36,87.57,Mid 30%
12722,997.63,6,65,38.38,87.58,Mid 30%
15110,996.1,7,294,38.4,87.59,Mid 30%
15104,993.54,3,115,38.43,87.6,Mid 30%
17594,993.18,2,169,38.45,87.61,Mid 30%
13363,992.5,2,26,38.47,87.62,Mid 30%
14223,991.13,4,171,38.5,87.63,Mid 30%
16232,990.88,5,182,38.52,87.64,Mid 30%
14514,990.2,3,270,38.54,87.65,Mid 30%
17126,989.45,7,210,38.57,87.67,Mid 30%
15062,987.86,4,288,38.59,87.68,Mid 30%
18237,987.1,5,131,38.61,87.69,Mid 30%
14583,986.96,5,200,38.64,87.7,Mid 30%
17324,986.48,4,348,38.66,87.71,Mid 30%
13117,984.91,8,350,38.68,87.72,Mid 30%
17144,984.57,2,83,38.7,87.73,Mid 30%
12510,982.57,2,182,38.73,87.74,Mid 30%
15133,982.42,3,174,38.75,87.75,Mid 30%
15071,982.07,2,182,38.77,87.77,Mid 30%
16188,981.86,4,198,38.8,87.78,Mid 30%
16085,981.51,5,297,38.82,87.79,Mid 30%
12541,981.18,3,251,38.84,87.8,Mid 30%
18170,980.31,3,183,38.87,87.81,Mid 30%
13509,979.72,7,275,38.89,87.82,Mid 30%
13350,979.12,3,63,38.91,87.83,Mid 30%
15132,977.93,5,244,38.93,87.84,Mid 30%
14920,977.77,2,0,38.96,87.85,Mid 30%
13026,975.36,8,274,38.98,87.86,Mid 30%
16376,974.96,3,8,39,87.88,Mid 30%
14522,974.54,4,173,39.03,87.89,Mid 30%
15449,974.52,5,235,39.05,87.9,Mid 30%
12994,974.42,5,264,39.07,87.91,Mid 30%
18194,973.84,2,18,39.1,87.92,Mid 30%
16009,972.11,4,137,39.12,87.93,Mid 30%
15506,972.08,3,116,39.14,87.94,Mid 30%
13155,971.76,4,335,39.17,87.95,Mid 30%
17100,971.74,2,0,39.19,87.96,Mid 30%
14256,969.06,3,110,39.21,87.97,Mid 30%
14138,965.88,2,62,39.23,87.98,Mid 30%
15793,965.61,4,259,39.26,88,Mid 30%
15860,965.16,8,327,39.28,88.01,Mid 30%
12550,964.83,1,0,39.3,88.02,Mid 30%
13138,962.39,6,350,39.33,88.03,Mid 30%
14006,962.19,3,196,39.35,88.04,Mid 30%
15156,961.49,3,32,39.37,88.05,Mid 30%
16419,958.71,7,199,39.4,88.06,Mid 30%
18192,957.97,1,0,39.42,88.07,Mid 30%
13823,957.66,2,72,39.44,88.08,Mid 30%
12697,957.59,5,148,39.47,88.09,Mid 30%
14629,955.26,3,43,39.49,88.1,Mid 30%
15948,955.24,2,35,39.51,88.11,Mid 30%
17244,954.9,1,0,39.53,88.13,Mid 30%
17097,954.42,9,363,39.56,88.14,Mid 30%
15835,954.09,4,286,39.58,88.15,Mid 30%
14540,952.66,3,299,39.6,88.16,Mid 30%
15421,950.36,4,251,39.63,88.17,Mid 30%
13636,949.12,6,248,39.65,88.18,Mid 30%
12822,948.88,3,16,39.67,88.19,Mid 30%
17044,948.48,3,350,39.7,88.2,Mid 30%
13748,948.25,5,278,39.72,88.21,Mid 30%
12458,947.4,2,213,39.74,88.22,Mid 30%
15747,946.64,3,160,39.76,88.23,Mid 30%
13261,944.1,2,17,39.79,88.24,Mid 30%
12820,942.34,4,323,39.81,88.25,Mid 30%
14075,942.26,3,256,39.83,88.26,Mid 30%
15289,939.78,4,220,39.86,88.27,Mid 30%
17527,939.37,6,164,39.88,88.29,Mid 30%
17227,939.32,6,349,39.9,88.3,Mid 30%
16584,936.08,3,174,39.93,88.31,Mid 30%
14140,935.05,3,27,39.95,88.32,Mid 30%
16027,934.62,7,210,39.97,88.33,Mid 30%
12924,933.7,5,239,40,88.34,Mid 30%
15787,933.26,3,35,40.02,88.35,Mid 30%
13655,932.97,2,127,40.04,88.36,Mid 30%
14532,932.85,4,115,40.06,88.37,Mid 30%
18133,931.5,2,1,40.09,88.38,Mid 30%
16934,931.03,2,0,40.11,88.39,Mid 30%
17289,931.02,4,148,40.13,88.4,Mid 30%
17552,930.41,6,329,40.16,88.41,Mid 30%
17618,930.28,3,356,40.18,88.42,Mid 30%
16907,928.76,5,336,40.2,88.43,Mid 30%
14475,925.85,6,233,40.23,88.44,Mid 30%
14231,925.71,5,109,40.25,88.45,Mid 30%
17048,925.35,6,215,40.27,88.46,Mid 30%
15312,924.85,5,279,40.3,88.47,Mid 30%
13805,924.6,2,76,40.32,88.48,Mid 30%
15654,922.53,2,16,40.34,88.49,Mid 30%
13122,922.39,2,146,40.36,88.5,Mid 30%
16551,922.12,3,240,40.39,88.52,Mid 30%
13934,922.1,1,0,40.41,88.53,Mid 30%
13035,921.88,3,203,40.43,88.54,Mid 30%
14081,921.62,4,101,40.46,88.55,Mid 30%
15576,921.37,1,0,40.48,88.56,Mid 30%
13984,920.51,6,339,40.5,88.57,Mid 30%
17018,920.1,2,285,40.53,88.58,Mid 30%
12652,919.98,2,9,40.55,88.59,Mid 30%
13075,919.61,1,0,40.57,88.6,Mid 30%
16511,918.33,3,244,40.59,88.61,Mid 30%
13549,918.2,8,216,40.62,88.63,Mid 30%
15253,918.2,6,153,40.64,88.63,Mid 30%
14015,917.34,1,0,40.66,88.64,Mid 30%
14712,917.07,3,82,40.69,88.65,Mid 30%
15707,916.98,4,51,40.71,88.66,Mid 30%
17236,916.13,6,350,40.73,88.67,Mid 30%
14141,915.13,6,102,40.76,88.68,Mid 30%
16216,914.93,1,0,40.78,88.69,Mid 30%
16809,914.69,6,239,40.8,88.7,Mid 30%
15587,913.68,4,301,40.83,88.71,Mid 30%
15364,913.19,2,158,40.85,88.72,Mid 30%
14359,912.18,6,68,40.87,88.73,Mid 30%
13192,911.94,2,109,40.89,88.74,Mid 30%
14289,911.26,6,280,40.92,88.75,Mid 30%
13689,910,1,0,40.94,88.76,Mid 30%
13782,908.86,6,315,40.96,88.77,Mid 30%
13038,908.46,3,210,40.99,88.78,Mid 30%
17323,906.52,9,277,41.01,88.79,Mid 30%
15480,905.5,1,0,41.03,88.8,Mid 30%
15807,903.9,3,26,41.06,88.81,Mid 30%
17848,901.2,9,276,41.08,88.83,Mid 30%
16716,901.2,3,44,41.1,88.83,Mid 30%
15511,900.53,5,73,41.12,88.84,Mid 30%
12940,899.69,4,41,41.15,88.85,Mid 30%
14625,899.63,5,186,41.17,88.86,Mid 30%
15079,895.61,5,153,41.19,88.87,Mid 30%
15865,895.13,3,173,41.22,88.88,Mid 30%
15211,894.41,2,304,41.24,88.89,Mid 30%
15066,893.59,2,21,41.26,88.9,Mid 30%
12772,892.47,1,0,41.29,88.91,Mid 30%
16361,891.21,4,61,41.31,88.92,Mid 30%
13515,891.12,4,175,41.33,88.93,Mid 30%
15255,890.85,1,0,41.36,88.94,Mid 30%
14240,890.34,2,195,41.38,88.95,Mid 30%
17007,889.93,7,306,41.4,88.97,Mid 30%
14344,889.93,8,241,41.42,88.97,Mid 30%
17829,889.24,1,0,41.45,88.99,Mid 30%
17537,887.67,2,273,41.47,88.99,Mid 30%
16900,887.11,5,51,41.49,89,Mid 30%
14623,886.7,6,203,41.52,89.01,Mid 30%
14449,885.8,4,353,41.54,89.02,Mid 30%
15822,885.47,2,356,41.56,89.03,Mid 30%
17704,885.19,2,71,41.59,89.04,Mid 30%
15799,884.14,3,258,41.61,89.05,Mid 30%
15907,882.72,3,206,41.63,89.06,Mid 30%
18236,882.24,6,210,41.66,89.07,Mid 30%
17109,881.29,8,203,41.68,89.08,Mid 30%
13662,881.26,7,173,41.7,89.09,Mid 30%
13037,881.07,3,118,41.72,89.1,Mid 30%
15076,880.85,1,0,41.75,89.11,Mid 30%
17027,877.56,7,238,41.77,89.12,Mid 30%
15653,877.44,2,23,41.79,89.13,Mid 30%
14770,876.42,2,90,41.82,89.14,Mid 30%
15100,876,6,43,41.84,89.15,Mid 30%
16513,874.59,4,38,41.86,89.16,Mid 30%
16657,874.43,4,244,41.89,89.17,Mid 30%
13294,873.74,2,59,41.91,89.18,Mid 30%
15208,870.12,6,352,41.93,89.19,Mid 30%
13200,870.09,4,107,41.95,89.2,Mid 30%
13979,869.87,1,0,41.98,89.21,Mid 30%
17566,869.77,2,17,42,89.22,Mid 30%
12694,869.67,2,112,42.02,89.23,Mid 30%
13203,869.46,4,232,42.05,89.24,Mid 30%
17886,869.28,3,217,42.07,89.25,Mid 30%
17649,868.49,2,3,42.09,89.26,Mid 30%
14912,867.85,3,230,42.12,89.27,Mid 30%
14715,867.38,4,306,42.14,89.28,Mid 30%
16235,867.31,6,291,42.16,89.29,Mid 30%
14597,866.24,2,180,42.19,89.3,Mid 30%
16567,865.6,2,142,42.21,89.31,Mid 30%
13846,865.06,4,335,42.23,89.32,Mid 30%
12680,862.81,4,112,42.25,89.33,Mid 30%
16266,861.89,7,132,42.28,89.34,Mid 30%
16221,860.86,3,330,42.3,89.35,Mid 30%
12794,860.41,2,45,42.32,89.36,Mid 30%
13339,860.12,1,0,42.35,89.37,Mid 30%
14577,859.71,4,350,42.37,89.38,Mid 30%
14553,859.27,5,319,42.39,89.39,Mid 30%
13566,856.84,2,41,42.42,89.4,Mid 30%
16163,856.6,3,140,42.44,89.41,Mid 30%
12693,855.91,6,198,42.46,89.42,Mid 30%
17064,855.45,3,268,42.49,89.43,Mid 30%
16037,855.02,3,88,42.51,89.44,Mid 30%
12878,854.99,3,248,42.53,89.45,Mid 30%
17560,854.95,5,215,42.55,89.46,Mid 30%
16121,854.66,2,158,42.58,89.46,Mid 30%
14193,853.39,2,201,42.6,89.47,Mid 30%
13991,852.88,7,131,42.62,89.48,Mid 30%
15022,852.39,4,35,42.65,89.49,Mid 30%
12379,852.24,3,88,42.67,89.5,Mid 30%
16070,852.15,2,9,42.69,89.51,Mid 30%
16020,851.01,3,48,42.72,89.52,Mid 30%
18096,849.06,3,52,42.74,89.53,Mid 30%
12713,848.55,1,0,42.76,89.54,Mid 30%
14657,848.22,5,308,42.78,89.55,Mid 30%
16347,847.45,2,25,42.81,89.56,Mid 30%
13221,847.41,2,119,42.83,89.57,Mid 30%
16877,846.62,6,195,42.85,89.58,Mid 30%
14803,845.55,3,130,42.88,89.59,Mid 30%
12847,843.64,1,0,42.9,89.6,Mid 30%
17624,843.48,2,203,42.92,89.61,Mid 30%
17929,843,5,297,42.95,89.62,Mid 30%
13929,842.65,3,157,42.97,89.63,Mid 30%
16108,842.5,2,0,42.99,89.64,Mid 30%
16560,841.41,3,337,43.02,89.65,Mid 30%
14862,841.2,2,122,43.04,89.66,Mid 30%
17076,841.08,3,328,43.06,89.67,Mid 30%
14332,840.21,3,125,43.08,89.67,Mid 30%
13940,839.14,4,126,43.11,89.68,Mid 30%
17115,837.5,5,224,43.13,89.69,Mid 30%
16554,837.1,7,328,43.15,89.7,Mid 30%
15832,836.79,1,0,43.18,89.71,Mid 30%
12728,836.33,4,261,43.2,89.72,Mid 30%
16747,836.06,4,42,43.22,89.73,Mid 30%
17169,835.78,4,133,43.25,89.74,Mid 30%
13835,834.57,4,190,43.27,89.75,Mid 30%
17075,834.12,5,299,43.29,89.76,Mid 30%
16644,833.78,2,34,43.31,89.77,Mid 30%
15862,832.88,4,365,43.34,89.78,Mid 30%
14644,830.76,4,289,43.36,89.79,Mid 30%
16924,829.89,4,62,43.38,89.8,Mid 30%
13681,827.83,4,137,43.41,89.81,Mid 30%
12461,826.88,2,60,43.43,89.82,Mid 30%
12781,826.74,5,263,43.45,89.82,Mid 30%
16494,826.53,1,0,43.48,89.83,Mid 30%
12427,825.8,5,360,43.5,89.84,Mid 30%
15164,824.58,3,270,43.52,89.85,Mid 30%
16164,822.48,4,25,43.55,89.86,Mid 30%
12778,822.23,7,292,43.57,89.87,Mid 30%
13893,821.1,1,0,43.59,89.88,Mid 30%
17921,820.23,4,202,43.61,89.89,Mid 30%
17759,819.96,3,152,43.64,89.9,Mid 30%
13220,819.29,4,158,43.66,89.91,Mid 30%
16092,817.86,5,155,43.68,89.92,Mid 30%
16869,817.12,5,152,43.71,89.93,Mid 30%
16943,816.73,3,106,43.73,89.94,Mid 30%
15649,816,2,31,43.75,89.94,Mid 30%
15399,815.77,3,77,43.78,89.95,Mid 30%
13811,814.5,4,55,43.8,89.96,Mid 30%
18064,814,2,102,43.82,89.97,Mid 30%
16600,813.52,6,334,43.85,89.98,Mid 30%
16621,813.48,4,226,43.87,89.99,Mid 30%
14421,813.11,2,154,43.89,90,Mid 30%
16284,812.68,2,19,43.91,90.01,Mid 30%
17980,811.45,3,193,43.94,90.02,Mid 30%
16460,811.23,3,53,43.96,90.03,Mid 30%
16276,810.6,1,0,43.98,90.04,Mid 30%
16624,810.57,2,116,44.01,90.05,Mid 30%
15965,808.87,4,350,44.03,90.05,Mid 30%
14499,808.44,3,252,44.05,90.06,Mid 30%
15533,807.57,5,69,44.08,90.07,Mid 30%
12421,807.04,5,303,44.1,90.08,Mid 30%
13707,806.41,2,48,44.12,90.09,Mid 30%
12434,806.14,4,276,44.14,90.1,Mid 30%
13637,804.3,3,174,44.17,90.11,Mid 30%
18248,804.02,4,72,44.19,90.12,Mid 30%
12422,803.56,3,229,44.21,90.13,Mid 30%
15644,803.54,4,94,44.24,90.14,Mid 30%
18265,801.51,2,85,44.26,90.14,Mid 30%
17114,801.12,10,329,44.28,90.15,Mid 30%
16367,800.67,2,325,44.31,90.16,Mid 30%
15561,800.59,5,203,44.33,90.17,Mid 30%
13720,799.9,4,138,44.35,90.18,Mid 30%
17905,798.99,4,302,44.38,90.19,Mid 30%
17703,798.74,3,103,44.4,90.2,Mid 30%
13280,798.46,3,214,44.42,90.21,Mid 30%
16438,798.35,5,76,44.44,90.22,Mid 30%
13389,797.96,3,221,44.47,90.23,Mid 30%
12701,797.71,2,162,44.49,90.23,Mid 30%
13336,795.12,1,0,44.51,90.24,Mid 30%
15831,794.64,4,265,44.54,90.25,Mid 30%
15990,792.11,2,243,44.56,90.26,Mid 30%
13167,791.33,4,125,44.58,90.27,Mid 30%
14976,790.86,8,269,44.61,90.28,Mid 30%
13016,789.89,3,49,44.63,90.29,Mid 30%
16759,789.79,4,23,44.65,90.3,Mid 30%
13329,789,4,335,44.67,90.31,Mid 30%
14557,788.38,2,21,44.7,90.31,Mid 30%
13323,787.85,5,81,44.72,90.32,Mid 30%
13884,787.6,6,276,44.74,90.33,Mid 30%
16546,787.15,3,81,44.77,90.34,Mid 30%
13212,786.83,4,52,44.79,90.35,Mid 30%
13109,786.54,5,154,44.81,90.36,Mid 30%
12628,786.46,4,60,44.84,90.37,Mid 30%
15806,784.58,3,230,44.86,90.38,Mid 30%
18136,784.33,4,256,44.88,90.39,Mid 30%
17180,783.97,6,259,44.91,90.39,Mid 30%
16054,783.9,1,0,44.93,90.4,Mid 30%
15952,781.91,4,191,44.95,90.41,Mid 30%
17006,781.78,4,70,44.97,90.42,Mid 30%
15679,781.28,4,158,45,90.43,Mid 30%
13583,781.03,1,0,45.02,90.44,Mid 30%
15239,780.59,3,68,45.04,90.45,Mid 30%
17797,780.43,3,160,45.07,90.46,Mid 30%
18228,779.9,3,29,45.09,90.46,Mid 30%
12735,779.57,2,21,45.11,90.47,Mid 30%
17411,778.94,4,353,45.14,90.48,Mid 30%
13375,778.65,2,7,45.16,90.49,Mid 30%
14815,778.5,2,31,45.18,90.5,Mid 30%
17414,778,2,141,45.21,90.51,Mid 30%
16505,777.6,1,0,45.23,90.52,Mid 30%
13563,777.53,2,55,45.25,90.53,Mid 30%
12425,777.2,1,0,45.27,90.53,Mid 30%
15618,776.85,5,103,45.3,90.54,Mid 30%
15743,775.96,4,168,45.32,90.55,Mid 30%
13314,775.94,4,72,45.34,90.56,Mid 30%
13341,775.85,1,0,45.37,90.57,Mid 30%
16825,775.18,2,147,45.39,90.58,Mid 30%
15414,774.9,3,232,45.41,90.59,Mid 30%
16043,773.99,4,280,45.44,90.6,Mid 30%
16222,773.55,1,0,45.46,90.6,Mid 30%
15075,773.03,1,0,45.48,90.61,Mid 30%
17764,772.55,2,160,45.5,90.62,Mid 30%
17409,771.85,2,63,45.53,90.63,Mid 30%
15353,770.12,2,113,45.55,90.64,Mid 30%
14412,770.03,3,37,45.57,90.65,Mid 30%
12965,769.81,1,0,45.6,90.66,Mid 30%
16480,769.29,1,0,45.62,90.67,Mid 30%
13356,768.24,1,0,45.64,90.67,Mid 30%
14672,765.55,2,101,45.67,90.68,Mid 30%
17695,765.34,2,39,45.69,90.69,Mid 30%
14885,765.32,1,0,45.71,90.7,Mid 30%
17516,764.88,5,270,45.74,90.71,Mid 30%
17268,763.64,4,137,45.76,90.72,Mid 30%
17466,763.28,2,68,45.78,90.73,Mid 30%
16806,762.16,4,135,45.8,90.73,Mid 30%
15599,761.74,2,177,45.83,90.74,Mid 30%
14883,761.59,7,193,45.85,90.75,Mid 30%
17425,759.17,2,41,45.87,90.76,Mid 30%
16036,758.92,2,176,45.9,90.77,Mid 30%
15568,758.29,3,70,45.92,90.78,Mid 30%
16725,758.27,8,69,45.94,90.79,Mid 30%
12413,758.1,5,270,45.97,90.79,Mid 30%
16205,757.63,4,148,45.99,90.8,Mid 30%
14550,757.37,2,33,46.01,90.81,Mid 30%
16770,757.1,6,314,46.04,90.82,Mid 30%
15223,755.75,3,23,46.06,90.83,Mid 30%
13370,754.87,2,5,46.08,90.84,Mid 30%
18104,754.64,1,0,46.1,90.85,Mid 30%
14234,754.12,4,35,46.13,90.85,Mid 30%
16470,752.77,5,307,46.15,90.86,Mid 30%
13730,752.6,2,25,46.17,90.87,Mid 30%
13030,752.44,2,356,46.2,90.88,Mid 30%
16256,752.43,2,8,46.22,90.89,Mid 30%
12908,750,4,253,46.24,90.9,Mid 30%
17146,749.78,3,253,46.27,90.9,Mid 30%
14923,749.1,1,0,46.29,90.91,Mid 30%
15656,748.5,4,238,46.31,90.92,Mid 30%
16859,747.81,5,155,46.33,90.93,Mid 30%
14201,747.44,9,299,46.36,90.94,Mid 30%
17387,746.81,2,13,46.38,90.95,Mid 30%
14050,746.36,2,74,46.4,90.95,Mid 30%
17034,745.52,4,271,46.43,90.96,Mid 30%
13950,745.06,5,235,46.45,90.98,Mid 30%
14790,745.06,4,236,46.47,90.98,Mid 30%
13236,744.85,3,82,46.5,90.99,Mid 30%
13354,743.53,1,0,46.52,91,Mid 30%
16730,743.11,4,267,46.54,91.01,Mid 30%
12374,742.93,1,0,46.57,91.01,Mid 30%
16891,742.43,5,369,46.59,91.02,Mid 30%
12465,742.19,3,161,46.61,91.03,Mid 30%
14662,741.37,4,287,46.63,91.04,Mid 30%
13753,741.26,1,0,46.66,91.05,Mid 30%
13900,740.95,3,79,46.68,91.06,Mid 30%
17692,740.94,5,232,46.7,91.06,Mid 30%
15252,740.78,2,146,46.73,91.07,Mid 30%
12603,739.2,1,0,46.75,91.08,Mid 30%
14756,738.96,1,0,46.77,91.09,Mid 30%
12976,738.6,1,0,46.8,91.1,Mid 30%
17461,735.82,3,6,46.82,91.11,Mid 30%
15074,735.67,1,0,46.84,91.11,Mid 30%
15045,735.66,3,105,46.86,91.12,Mid 30%
15215,734.94,6,272,46.89,91.13,Mid 30%
15525,734.37,4,371,46.91,91.14,Mid 30%
16146,734.13,3,74,46.93,91.15,Mid 30%
17979,732.41,5,224,46.96,91.15,Mid 30%
13575,732.07,5,152,46.98,91.16,Mid 30%
16099,731.9,3,175,47,91.17,Mid 30%
16491,731.5,1,0,47.03,91.18,Mid 30%
14778,730.86,2,181,47.05,91.19,Mid 30%
13736,729.8,3,255,47.07,91.2,Mid 30%
12468,729.54,3,173,47.1,91.2,Mid 30%
16261,728.54,4,228,47.12,91.21,Mid 30%
17666,728.16,2,61,47.14,91.22,Mid 30%
13077,728.02,4,365,47.16,91.23,Mid 30%
13623,727.74,7,266,47.19,91.24,Mid 30%
14055,725.64,1,0,47.21,91.25,Mid 30%
16140,725.18,4,318,47.23,91.25,Mid 30%
12723,725.07,5,61,47.26,91.26,Mid 30%
15636,724.76,2,192,47.28,91.27,Mid 30%
12475,723.38,1,0,47.3,91.28,Mid 30%
17521,723.21,4,174,47.33,91.29,Mid 30%
15272,721.94,2,28,47.35,91.29,Mid 30%
14869,721.45,3,99,47.37,91.3,Mid 30%
15584,720.86,5,138,47.4,91.31,Mid 30%
18062,720.52,3,164,47.42,91.32,Mid 30%
16023,719.81,3,220,47.44,91.33,Mid 30%
15274,716.57,2,14,47.46,91.33,Mid 30%
12535,716.35,2,94,47.49,91.34,Mid 30%
15400,716.2,6,186,47.51,91.35,Mid 30%
17029,716,2,126,47.53,91.37,Mid 30%
17888,716,10,338,47.56,91.37,Mid 30%
15330,714.96,2,28,47.58,91.37,Mid 30%
15757,714.42,2,152,47.6,91.38,Mid 30%
18035,713.89,3,7,47.63,91.39,Mid 30%
12616,713.3,5,212,47.65,91.4,Mid 30%
13169,712.88,2,188,47.67,91.41,Mid 30%
13147,712.8,4,89,47.69,91.41,Mid 30%
17761,712.78,1,0,47.72,91.42,Mid 30%
13416,712.5,2,37,47.74,91.43,Mid 30%
13587,712.4,3,31,47.76,91.44,Mid 30%
17642,712.29,2,56,47.79,91.45,Mid 30%
15855,712.24,5,126,47.81,91.45,Mid 30%
13705,711.86,3,366,47.83,91.46,Mid 30%
17179,711.79,3,183,47.86,91.47,Mid 30%
13249,711.41,3,168,47.88,91.48,Mid 30%
14867,710.28,4,182,47.9,91.49,Mid 30%
16362,709.99,9,58,47.93,91.49,Mid 30%
14127,709.71,3,187,47.95,91.5,Mid 30%
16136,709.38,3,217,47.97,91.51,Mid 30%
15951,708.22,3,284,47.99,91.52,Mid 30%
16449,707.69,3,89,48.02,91.53,Mid 30%
12453,707.09,1,0,48.04,91.53,Mid 30%
16309,706.57,3,149,48.06,91.54,Mid 30%
14126,706.13,4,2,48.09,91.55,Mid 30%
16364,705.79,2,125,48.11,91.56,Mid 30%
16882,705.12,3,250,48.13,91.57,Mid 30%
16015,704.55,4,45,48.16,91.57,Mid 30%
17934,704.25,2,7,48.18,91.58,Mid 30%
12612,704.04,2,16,48.2,91.59,Mid 30%
17974,703.99,3,194,48.22,91.6,Mid 30%
12883,703.47,4,64,48.25,91.61,Mid 30%
15103,703.36,2,55,48.27,91.61,Mid 30%
16997,702,3,37,48.29,91.62,Mid 30%
14179,701.57,2,11,48.32,91.63,Mid 30%
14198,701.4,7,235,48.34,91.64,Mid 30%
14356,701.23,4,21,48.36,91.65,Mid 30%
13238,700.73,5,349,48.39,91.65,Mid 30%
17734,700.63,3,180,48.41,91.66,Mid 30%
17812,699.81,4,355,48.43,91.67,Mid 30%
17423,698.41,4,172,48.46,91.68,Mid 30%
14829,697.55,6,343,48.48,91.68,Mid 30%
17472,697.54,3,108,48.5,91.69,Mid 30%
15800,696.89,2,139,48.52,91.7,Mid 30%
15700,696.68,3,1,48.55,91.71,Mid 30%
14009,695.61,3,7,48.57,91.72,Mid 30%
14959,695.42,5,237,48.59,91.72,Mid 30%
17884,695.07,4,367,48.62,91.73,Mid 30%
15304,694.4,10,307,48.64,91.74,Mid 30%
12925,694.05,2,70,48.66,91.75,Mid 30%
15053,693.95,3,277,48.69,91.76,Mid 30%
14643,693.81,3,187,48.71,91.76,Mid 30%
12410,693.33,3,7,48.73,91.77,Mid 30%
13601,693.32,2,166,48.76,91.78,Mid 30%
14111,692.85,5,227,48.78,91.79,Mid 30%
17198,692.22,3,347,48.8,91.79,Mid 30%
17733,692.19,2,222,48.82,91.8,Mid 30%
14880,690.59,3,211,48.85,91.81,Mid 30%
16212,690.34,3,264,48.87,91.82,Mid 30%
17796,690,4,329,48.89,91.83,Mid 30%
18085,689.95,2,43,48.92,91.83,Mid 30%
13023,689.9,2,65,48.94,91.84,Mid 30%
15181,689.48,5,299,48.96,91.85,Mid 30%
17502,689.1,4,19,48.99,91.86,Mid 30%
13799,688.86,2,177,49.01,91.86,Mid 30%
16642,688.33,3,202,49.03,91.87,Mid 30%
18196,686.63,2,195,49.05,91.88,Mid 30%
12658,686.05,1,0,49.08,91.89,Mid 30%
15038,685.74,7,326,49.1,91.9,Mid 30%
16122,684.42,4,293,49.12,91.9,Mid 30%
15669,684.34,5,223,49.15,91.91,Mid 30%
17874,683.46,7,70,49.17,91.92,Mid 30%
14222,683.17,1,0,49.19,91.93,Mid 30%
15582,682.91,3,195,49.22,91.93,Mid 30%
17341,682.29,3,209,49.24,91.94,Mid 30%
18135,681.91,5,161,49.26,91.95,Mid 30%
17397,681.41,2,0,49.29,91.96,Mid 30%
12478,680.99,1,0,49.31,91.96,Mid 30%
18082,680.84,1,0,49.33,91.97,Mid 30%
13524,680.18,5,179,49.35,91.98,Mid 30%
16872,680.02,3,107,49.38,91.99,Mid 30%
15322,679.68,2,21,49.4,91.99,Mid 30%
13430,679.45,4,67,49.42,92,Mid 30%
14788,679.44,2,19,49.45,92.01,Mid 30%
13925,678.25,6,98,49.47,92.02,Mid 30%
13548,678.16,2,147,49.49,92.03,Mid 30%
13388,677.1,3,10,49.52,92.03,Mid 30%
13040,676.99,2,24,49.54,92.04,Mid 30%
16377,676.2,1,0,49.56,92.05,Mid 30%
15626,675.8,2,254,49.59,92.06,Mid 30%
17462,675.69,3,232,49.61,92.06,Mid 30%
15574,675.64,4,194,49.63,92.08,Mid 30%
18156,675.64,2,356,49.65,92.08,Mid 30%
12942,675.6,3,234,49.68,92.09,Mid 30%
13607,675.51,1,0,49.7,92.09,Mid 30%
13325,675.3,1,0,49.72,92.1,Mid 30%
17994,674.89,6,169,49.75,92.11,Mid 30%
13838,674.82,4,364,49.77,92.12,Mid 30%
13355,674.7,1,0,49.79,92.12,Mid 30%
13464,674.68,1,0,49.82,92.13,Mid 30%
17749,674.52,2,78,49.84,92.14,Mid 30%
13951,674.45,3,118,49.86,92.15,Mid 30%
14504,673.26,4,231,49.88,92.15,Mid 30%
13258,672.83,3,193,49.91,92.16,Mid 30%
14628,671.96,2,151,49.93,92.17,Mid 30%
12838,671.95,2,340,49.95,92.18,Mid 30%
12638,671.69,1,0,49.98,92.18,Mid 30%
12418,668.58,1,0,50,92.19,Mid 30%
14342,668.56,6,188,50.02,92.2,Bottom 50%
13741,668.43,4,145,50.05,92.21,Bottom 50%
16268,667.65,2,0,50.07,92.22,Bottom 50%
15969,666.1,4,182,50.09,92.22,Bottom 50%
17105,665.78,2,147,50.12,92.23,Bottom 50%
13963,664.54,4,59,50.14,92.24,Bottom 50%
17883,664.34,4,242,50.16,92.24,Bottom 50%
16208,664.26,2,244,50.18,92.25,Bottom 50%
13596,664.11,2,7,50.21,92.26,Bottom 50%
15643,664,6,103,50.23,92.27,Bottom 50%
14720,663.81,3,120,50.25,92.27,Bottom 50%
13240,663.65,4,269,50.28,92.28,Bottom 50%
16573,663.61,4,216,50.3,92.29,Bottom 50%
16774,661.52,5,110,50.32,92.3,Bottom 50%
13028,661.32,3,22,50.35,92.3,Bottom 50%
14603,660,1,0,50.37,92.31,Bottom 50%
15492,659.46,2,46,50.39,92.32,Bottom 50%
13759,659.41,2,37,50.41,92.33,Bottom 50%
16357,658.88,3,180,50.44,92.33,Bottom 50%
14150,658.64,2,324,50.46,92.34,Bottom 50%
16696,657.9,4,112,50.48,92.35,Bottom 50%
14818,657.8,3,179,50.51,92.36,Bottom 50%
17459,657.3,2,16,50.53,92.36,Bottom 50%
15677,657.23,1,0,50.55,92.37,Bottom 50%
17321,657.16,2,59,50.58,92.38,Bottom 50%
16157,656.69,4,56,50.6,92.39,Bottom 50%
13049,656.68,2,253,50.62,92.39,Bottom 50%
16708,656.63,1,0,50.65,92.4,Bottom 50%
17299,656.61,4,161,50.67,92.41,Bottom 50%
16127,656.25,1,0,50.69,92.42,Bottom 50%
14894,655.75,1,0,50.71,92.42,Bottom 50%
14725,655.58,1,0,50.74,92.43,Bottom 50%
16444,654.67,5,218,50.76,92.44,Bottom 50%
14651,653.75,2,143,50.78,92.45,Bottom 50%
17398,653.38,3,140,50.81,92.45,Bottom 50%
18151,653.35,2,155,50.83,92.46,Bottom 50%
13496,653.33,3,349,50.85,92.47,Bottom 50%
18121,653.3,2,5,50.88,92.47,Bottom 50%
15205,653.24,3,42,50.9,92.48,Bottom 50%
15031,653.19,4,277,50.92,92.49,Bottom 50%
14548,652.8,2,167,50.95,92.5,Bottom 50%
17523,652.74,4,7,50.97,92.5,Bottom 50%
16056,650.75,1,0,50.99,92.51,Bottom 50%
15571,650.43,4,66,51.01,92.52,Bottom 50%
16969,650.41,3,152,51.04,92.53,Bottom 50%
17779,650.32,5,122,51.06,92.53,Bottom 50%
14034,648.89,4,135,51.08,92.54,Bottom 50%
16495,648.26,3,272,51.11,92.55,Bottom 50%
17777,647.56,3,75,51.13,92.56,Bottom 50%
17373,646.92,4,272,51.15,92.56,Bottom 50%
16014,646.83,4,255,51.18,92.57,Bottom 50%
16734,646.76,3,61,51.2,92.58,Bottom 50%
12589,646.68,2,115,51.22,92.58,Bottom 50%
14044,646.42,4,283,51.24,92.59,Bottom 50%
15651,646.3,3,223,51.27,92.6,Bottom 50%
14855,645.65,2,15,51.29,92.61,Bottom 50%
12719,644.95,3,59,51.31,92.61,Bottom 50%
17312,644.3,3,20,51.34,92.62,Bottom 50%
14451,643.9,2,134,51.36,92.63,Bottom 50%
16383,643.76,2,193,51.38,92.64,Bottom 50%
14020,642.8,2,71,51.41,92.64,Bottom 50%
13034,642.77,2,314,51.43,92.65,Bottom 50%
15384,642.41,3,202,51.45,92.66,Bottom 50%
17545,642.32,3,0,51.48,92.66,Bottom 50%
17046,642.02,1,0,51.5,92.67,Bottom 50%
15297,641.94,4,53,51.52,92.68,Bottom 50%
18218,641.92,4,75,51.54,92.69,Bottom 50%
12365,641.38,3,0,51.57,92.69,Bottom 50%
12624,641.13,2,71,51.59,92.7,Bottom 50%
13417,640.83,2,200,51.61,92.71,Bottom 50%
13318,640.76,3,36,51.64,92.71,Bottom 50%
12631,640.5,1,0,51.66,92.72,Bottom 50%
14301,640.14,2,9,51.68,92.73,Bottom 50%
15648,639.5,4,62,51.71,92.74,Bottom 50%
17515,639.02,4,286,51.73,92.74,Bottom 50%
18160,638.06,2,143,51.75,92.75,Bottom 50%
14754,638.05,2,250,51.78,92.76,Bottom 50%
14128,637.5,2,195,51.8,92.76,Bottom 50%
14481,636.51,2,122,51.82,92.77,Bottom 50%
14664,636.24,2,13,51.84,92.78,Bottom 50%
15829,636.14,2,41,51.87,92.79,Bottom 50%
15773,635.68,1,0,51.89,92.79,Bottom 50%
14000,635.66,2,4,51.91,92.8,Bottom 50%
16139,635.41,3,187,51.94,92.81,Bottom 50%
13892,632.97,4,219,51.96,92.81,Bottom 50%
14220,632.4,2,110,51.98,92.82,Bottom 50%
16306,632.27,9,153,52.01,92.83,Bottom 50%
18183,632.07,6,56,52.03,92.84,Bottom 50%
13822,632,2,34,52.05,92.84,Bottom 50%
14021,631.9,3,101,52.07,92.85,Bottom 50%
15244,631.57,2,182,52.1,92.86,Bottom 50%
17985,631.35,1,0,52.12,92.86,Bottom 50%
13539,631.34,4,223,52.14,92.87,Bottom 50%
16418,631.12,3,181,52.17,92.88,Bottom 50%
17990,630.84,3,124,52.19,92.89,Bottom 50%
13046,629.31,2,235,52.21,92.89,Bottom 50%
13525,628.78,2,233,52.24,92.9,Bottom 50%
14687,628.38,1,0,52.26,92.91,Bottom 50%
13518,627.16,1,0,52.28,92.91,Bottom 50%
15028,627.13,4,360,52.31,92.92,Bottom 50%
15402,626.77,2,47,52.33,92.93,Bottom 50%
14036,626.65,1,0,52.35,92.94,Bottom 50%
12577,626.6,4,323,52.37,92.94,Bottom 50%
13914,626.45,3,32,52.4,92.95,Bottom 50%
16469,625.42,4,222,52.42,92.96,Bottom 50%
16750,623.93,5,187,52.44,92.96,Bottom 50%
12649,623.51,4,257,52.47,92.97,Bottom 50%
15147,623.5,2,21,52.49,92.98,Bottom 50%
13368,623.4,2,80,52.51,92.98,Bottom 50%
16431,623.28,3,84,52.54,92.99,Bottom 50%
15258,623.16,2,48,52.56,93,Bottom 50%
17499,622.88,1,0,52.58,93.01,Bottom 50%
15182,622.85,2,114,52.6,93.01,Bottom 50%
17460,622.43,8,294,52.63,93.02,Bottom 50%
15768,621.83,4,110,52.65,93.03,Bottom 50%
18217,621.75,2,41,52.67,93.03,Bottom 50%
16915,621.68,6,274,52.7,93.04,Bottom 50%
17640,621.66,1,0,52.72,93.05,Bottom 50%
14152,621.29,3,158,52.74,93.05,Bottom 50%
13402,621.23,2,244,52.77,93.06,Bottom 50%
13546,621.09,3,188,52.79,93.07,Bottom 50%
16141,620.4,1,0,52.81,93.08,Bottom 50%
12667,620.13,1,0,52.84,93.08,Bottom 50%
13493,618.63,2,11,52.86,93.09,Bottom 50%
16613,618.59,1,0,52.88,93.1,Bottom 50%
13145,618.52,5,332,52.9,93.1,Bottom 50%
12596,618.27,2,190,52.93,93.11,Bottom 50%
16134,618.09,3,337,52.95,93.12,Bottom 50%
13301,618.09,4,188,52.97,93.12,Bottom 50%
14593,617.15,3,177,53,93.13,Bottom 50%
14377,617.05,2,70,53.02,93.14,Bottom 50%
16311,616.26,2,31,53.04,93.15,Bottom 50%
14905,616.15,3,79,53.07,93.15,Bottom 50%
14382,615.49,1,0,53.09,93.16,Bottom 50%
15275,615.14,2,6,53.11,93.17,Bottom 50%
16566,614.66,6,277,53.14,93.17,Bottom 50%
16116,612.78,2,5,53.16,93.18,Bottom 50%
18022,612.72,1,0,53.18,93.19,Bottom 50%
12513,612.29,2,28,53.2,93.19,Bottom 50%
18149,612.08,3,222,53.23,93.2,Bottom 50%
15232,612.06,2,27,53.25,93.21,Bottom 50%
15645,612.01,1,0,53.27,93.21,Bottom 50%
16109,611.88,2,89,53.3,93.22,Bottom 50%
16763,611.85,2,13,53.32,93.23,Bottom 50%
13731,610.59,2,27,53.34,93.23,Bottom 50%
12673,610.52,2,321,53.37,93.24,Bottom 50%
15795,610.01,1,0,53.39,93.25,Bottom 50%
14636,609.85,2,232,53.41,93.26,Bottom 50%
13357,609.4,1,0,53.43,93.26,Bottom 50%
16442,609.3,3,359,53.46,93.27,Bottom 50%
13933,608.79,2,39,53.48,93.28,Bottom 50%
12933,607.53,4,259,53.5,93.28,Bottom 50%
17119,606.91,3,56,53.53,93.29,Bottom 50%
16718,606.05,1,0,53.55,93.3,Bottom 50%
17849,605.8,4,115,53.57,93.3,Bottom 50%
14133,605.64,5,186,53.6,93.31,Bottom 50%
17507,605.58,2,47,53.62,93.32,Bottom 50%
13233,605.12,2,261,53.64,93.32,Bottom 50%
14323,605.06,4,123,53.67,93.33,Bottom 50%
17664,604.64,2,193,53.69,93.34,Bottom 50%
12944,604.51,2,319,53.71,93.34,Bottom 50%
16732,603.75,1,0,53.73,93.35,Bottom 50%
12707,603.42,1,0,53.76,93.36,Bottom 50%
16022,602.63,1,0,53.78,93.36,Bottom 50%
15366,602.51,2,282,53.8,93.37,Bottom 50%
12654,601.98,5,284,53.83,93.38,Bottom 50%
14609,601.56,4,224,53.85,93.38,Bottom 50%
16654,601.27,5,227,53.87,93.39,Bottom 50%
12420,600.39,1,0,53.9,93.4,Bottom 50%
18211,600.07,5,252,53.92,93.41,Bottom 50%
12872,599.97,2,38,53.94,93.41,Bottom 50%
12521,599.68,1,0,53.96,93.42,Bottom 50%
12556,599.56,2,100,53.99,93.43,Bottom 50%
14710,599.48,4,45,54.01,93.43,Bottom 50%
17420,598.83,3,323,54.03,93.44,Bottom 50%
15720,598.73,1,0,54.06,93.45,Bottom 50%
13311,598.57,2,145,54.08,93.45,Bottom 50%
16298,598.2,3,164,54.1,93.46,Bottom 50%
14108,597.91,3,70,54.13,93.47,Bottom 50%
14645,597.09,2,118,54.15,93.47,Bottom 50%
15381,596.85,2,54,54.17,93.48,Bottom 50%
14675,596.36,1,0,54.2,93.49,Bottom 50%
14467,596.26,4,295,54.22,93.49,Bottom 50%
18246,596.1,2,209,54.24,93.5,Bottom 50%
14965,596.09,2,0,54.26,93.51,Bottom 50%
13888,595.67,2,98,54.29,93.51,Bottom 50%
17658,595.42,3,200,54.31,93.52,Bottom 50%
14284,595.25,3,55,54.33,93.53,Bottom 50%
13558,594.52,4,62,54.36,93.53,Bottom 50%
16788,594.39,2,131,54.38,93.54,Bottom 50%
16325,594.24,5,201,54.4,93.55,Bottom 50%
13959,594.04,3,283,54.43,93.55,Bottom 50%
12917,594,1,0,54.45,93.57,Bottom 50%
15442,594,1,0,54.47,93.57,Bottom 50%
16535,593.75,1,0,54.5,93.57,Bottom 50%
18232,592.97,5,115,54.52,93.58,Bottom 50%
16203,592.9,5,313,54.54,93.59,Bottom 50%
14692,591.55,5,185,54.56,93.59,Bottom 50%
15573,591.19,2,53,54.59,93.6,Bottom 50%
13276,590.93,2,36,54.61,93.61,Bottom 50%
13270,590,1,0,54.63,93.62,Bottom 50%
13452,590,2,11,54.66,93.62,Bottom 50%
14882,589.7,2,7,54.68,93.63,Bottom 50%
16838,588.85,3,90,54.7,93.63,Bottom 50%
14338,588.22,4,38,54.73,93.64,Bottom 50%
15624,588.13,4,139,54.75,93.65,Bottom 50%
17351,587.15,3,237,54.77,93.65,Bottom 50%
17890,586.89,2,38,54.79,93.66,Bottom 50%
12384,585.27,3,92,54.82,93.67,Bottom 50%
13243,585.12,1,0,54.84,93.67,Bottom 50%
15222,585,1,0,54.86,93.68,Bottom 50%
16384,584.5,2,174,54.89,93.69,Bottom 50%
16072,584.32,1,0,54.91,93.69,Bottom 50%
14023,584.07,2,242,54.93,93.7,Bottom 50%
13557,584.06,2,252,54.96,93.71,Bottom 50%
15762,583.75,2,12,54.98,93.71,Bottom 50%
17014,583.43,4,58,55,93.72,Bottom 50%
12426,582.73,1,0,55.03,93.72,Bottom 50%
13427,582.6,3,195,55.05,93.73,Bottom 50%
12695,582.1,4,203,55.07,93.74,Bottom 50%
17259,581.23,2,220,55.09,93.74,Bottom 50%
18095,580.05,2,20,55.12,93.75,Bottom 50%
17142,579,1,0,55.14,93.76,Bottom 50%
13292,578.94,2,245,55.16,93.76,Bottom 50%
17540,578.9,3,307,55.19,93.77,Bottom 50%
16005,578.71,4,258,55.21,93.78,Bottom 50%
14529,578.61,3,50,55.23,93.78,Bottom 50%
12601,577.06,6,142,55.26,93.79,Bottom 50%
14176,576.9,5,70,55.28,93.8,Bottom 50%
16723,576.4,2,16,55.3,93.8,Bottom 50%
15830,576,2,8,55.33,93.81,Bottom 50%
15550,575.63,4,297,55.35,93.82,Bottom 50%
13487,575.4,3,295,55.37,93.82,Bottom 50%
14400,574.7,2,8,55.39,93.83,Bottom 50%
18123,574.44,2,7,55.42,93.84,Bottom 50%
15339,574.07,3,251,55.44,93.84,Bottom 50%
15303,574.02,1,0,55.46,93.85,Bottom 50%
12879,573.22,4,47,55.49,93.85,Bottom 50%
13379,572.56,3,110,55.51,93.86,Bottom 50%
13405,572.45,3,243,55.53,93.87,Bottom 50%
12816,572.2,2,80,55.56,93.87,Bottom 50%
13816,571.67,4,40,55.58,93.88,Bottom 50%
17616,571.2,3,194,55.6,93.89,Bottom 50%
15821,570.96,2,17,55.62,93.89,Bottom 50%
15315,570.5,3,51,55.65,93.9,Bottom 50%
13939,568.55,4,288,55.67,93.91,Bottom 50%
17360,568.24,3,166,55.69,93.91,Bottom 50%
13321,567.36,2,14,55.72,93.92,Bottom 50%
16667,567.18,2,216,55.74,93.93,Bottom 50%
18150,566.58,3,169,55.76,93.93,Bottom 50%
16278,566.38,3,76,55.79,93.94,Bottom 50%
16345,565.46,1,0,55.81,93.94,Bottom 50%
13894,564.62,5,288,55.83,93.95,Bottom 50%
15344,563.94,5,73,55.86,93.96,Bottom 50%
16933,563.23,5,238,55.88,93.96,Bottom 50%
14753,563.15,1,0,55.9,93.97,Bottom 50%
17970,562.79,1,0,55.92,93.98,Bottom 50%
14167,562.59,4,291,55.95,93.98,Bottom 50%
12414,562.41,3,93,55.97,94,Bottom 50%
16916,562.41,2,348,55.99,94,Bottom 50%
12559,561.71,3,8,56.02,94,Bottom 50%
13946,561.57,3,188,56.04,94.01,Bottom 50%
15655,560.67,2,10,56.06,94.01,Bottom 50%
13044,560.47,1,0,56.09,94.02,Bottom 50%
14273,559.97,4,190,56.11,94.03,Bottom 50%
16275,559.87,1,0,56.13,94.03,Bottom 50%
15415,559.61,1,0,56.15,94.04,Bottom 50%
16906,559.59,4,166,56.18,94.05,Bottom 50%
12866,559.12,1,0,56.2,94.05,Bottom 50%
17503,558.96,2,35,56.22,94.06,Bottom 50%
12987,558.7,3,124,56.25,94.06,Bottom 50%
13800,558.32,1,0,56.27,94.07,Bottom 50%
14592,557.94,3,28,56.29,94.08,Bottom 50%
13260,557.62,1,0,56.32,94.08,Bottom 50%
17955,557.3,4,20,56.34,94.09,Bottom 50%
16385,554.86,3,306,56.36,94.1,Bottom 50%
17864,554.85,3,262,56.39,94.1,Bottom 50%
14891,554.38,2,39,56.41,94.11,Bottom 50%
14618,553.44,4,356,56.43,94.11,Bottom 50%
15068,553.36,2,210,56.45,94.12,Bottom 50%
12363,552,2,132,56.48,94.13,Bottom 50%
17674,551.04,2,294,56.5,94.13,Bottom 50%
17291,550.8,1,0,56.52,94.14,Bottom 50%
17235,550.06,2,347,56.55,94.15,Bottom 50%
17265,550.01,2,41,56.57,94.15,Bottom 50%
12390,549.84,1,0,56.59,94.16,Bottom 50%
14177,549.46,5,94,56.62,94.16,Bottom 50%
16536,548.12,2,2,56.64,94.17,Bottom 50%
16031,547.9,2,154,56.66,94.18,Bottom 50%
14474,547.66,2,2,56.69,94.18,Bottom 50%
16811,547.07,2,12,56.71,94.19,Bottom 50%
17637,547.06,2,83,56.73,94.19,Bottom 50%
16211,547.02,2,7,56.75,94.2,Bottom 50%
17295,547,3,35,56.78,94.21,Bottom 50%
17520,546.81,1,0,56.8,94.21,Bottom 50%
14805,546.4,4,298,56.82,94.22,Bottom 50%
14997,546.2,4,131,56.85,94.23,Bottom 50%
17806,546.04,1,0,56.87,94.23,Bottom 50%
12793,545.48,2,36,56.89,94.24,Bottom 50%
16475,544.3,4,185,56.92,94.24,Bottom 50%
13617,544.18,3,140,56.94,94.25,Bottom 50%
13390,544.08,1,0,56.96,94.26,Bottom 50%
16927,543.05,3,245,56.98,94.26,Bottom 50%
13278,542.73,1,0,57.01,94.27,Bottom 50%
16230,542.03,2,30,57.03,94.27,Bottom 50%
17897,541.81,4,200,57.05,94.28,Bottom 50%
17447,541.53,2,31,57.08,94.29,Bottom 50%
17557,541.46,3,66,57.1,94.29,Bottom 50%
13874,540.45,1,0,57.12,94.3,Bottom 50%
12743,540.13,2,0,57.15,94.31,Bottom 50%
13812,539,3,63,57.17,94.31,Bottom 50%
14496,538.81,2,61,57.19,94.32,Bottom 50%
15469,538.55,4,77,57.22,94.32,Bottom 50%
15539,538.46,1,0,57.24,94.33,Bottom 50%
14539,537.48,2,28,57.26,94.34,Bottom 50%
16206,537.06,4,272,57.28,94.34,Bottom 50%
15043,537,1,0,57.31,94.35,Bottom 50%
16804,536.99,3,247,57.33,94.35,Bottom 50%
16233,536.68,5,295,57.35,94.36,Bottom 50%
16142,535.34,1,0,57.38,94.37,Bottom 50%
13000,534.85,3,258,57.4,94.37,Bottom 50%
13385,534.57,1,0,57.42,94.38,Bottom 50%
16340,534.31,1,0,57.45,94.38,Bottom 50%
13434,534.24,2,22,57.47,94.4,Bottom 50%
17443,534.24,1,0,57.49,94.4,Bottom 50%
13217,533.98,5,34,57.51,94.4,Bottom 50%
17062,533.33,5,55,57.54,94.41,Bottom 50%
15433,533.3,3,188,57.56,94.41,Bottom 50%
15825,532.94,1,0,57.58,94.42,Bottom 50%
12784,532.82,2,6,57.61,94.43,Bottom 50%
16706,531.35,3,76,57.63,94.43,Bottom 50%
14265,530.18,2,39,57.65,94.44,Bottom 50%
18159,530.15,1,0,57.68,94.44,Bottom 50%
14002,529.73,2,22,57.7,94.45,Bottom 50%
14463,529.62,3,107,57.72,94.46,Bottom 50%
16185,529.41,2,215,57.75,94.46,Bottom 50%
18043,529.29,3,342,57.77,94.47,Bottom 50%
15452,528.48,3,234,57.79,94.47,Bottom 50%
17631,528.33,3,230,57.81,94.48,Bottom 50%
16602,528.08,2,5,57.84,94.49,Bottom 50%
15756,528.01,4,187,57.86,94.49,Bottom 50%
12479,527.2,3,7,57.88,94.5,Bottom 50%
17623,527.05,1,0,57.91,94.5,Bottom 50%
15919,525.69,2,349,57.93,94.51,Bottom 50%
17429,524.92,4,98,57.95,94.51,Bottom 50%
15467,524.88,4,142,57.98,94.52,Bottom 50%
13721,524.14,1,0,58,94.53,Bottom 50%
17329,523.11,2,300,58.02,94.53,Bottom 50%
18017,523,3,229,58.05,94.54,Bottom 50%
17712,522.91,1,0,58.07,94.54,Bottom 50%
12863,521.2,2,146,58.09,94.55,Bottom 50%
15149,520.8,1,0,58.11,94.56,Bottom 50%
17345,519.69,4,181,58.14,94.56,Bottom 50%
14873,519.68,1,0,58.16,94.57,Bottom 50%
12571,519.61,2,81,58.18,94.57,Bottom 50%
13643,519.44,3,154,58.21,94.58,Bottom 50%
16955,518.67,5,188,58.23,94.59,Bottom 50%
16650,518.42,1,0,58.25,94.59,Bottom 50%
15030,518.28,2,196,58.28,94.6,Bottom 50%
18252,518.27,2,121,58.3,94.6,Bottom 50%
16892,518.19,7,321,58.32,94.61,Bottom 50%
16135,517.55,1,0,58.34,94.61,Bottom 50%
17454,517.53,4,167,58.37,94.62,Bottom 50%
18205,517.36,2,38,58.39,94.63,Bottom 50%
13043,516.42,2,19,58.41,94.63,Bottom 50%
15882,516.36,5,169,58.44,94.64,Bottom 50%
15809,515.77,6,267,58.46,94.64,Bottom 50%
12811,514.85,3,23,58.48,94.65,Bottom 50%
15246,514.15,2,120,58.51,94.66,Bottom 50%
13005,513.7,3,72,58.53,94.66,Bottom 50%
17513,513.2,1,0,58.55,94.67,Bottom 50%
17290,513.01,2,12,58.58,94.67,Bottom 50%
17805,512.31,1,0,58.6,94.68,Bottom 50%
17480,511.82,2,3,58.62,94.68,Bottom 50%
15891,511.68,1,0,58.64,94.69,Bottom 50%
12582,511.36,2,49,58.67,94.7,Bottom 50%
14851,511.35,2,232,58.69,94.7,Bottom 50%
16561,511.12,2,54,58.71,94.71,Bottom 50%
15406,510.71,4,282,58.74,94.71,Bottom 50%
12436,509.01,1,0,58.76,94.72,Bottom 50%
17391,508.8,2,0,58.78,94.73,Bottom 50%
15417,508.8,1,0,58.81,94.73,Bottom 50%
14317,508.58,1,0,58.83,94.74,Bottom 50%
17958,508.46,1,0,58.85,94.74,Bottom 50%
17415,507.84,1,0,58.88,94.75,Bottom 50%
14158,507.66,1,0,58.9,94.75,Bottom 50%
14820,507.29,4,152,58.92,94.76,Bottom 50%
16960,507.05,3,213,58.94,94.76,Bottom 50%
13885,506.8,2,11,58.97,94.77,Bottom 50%
16614,506.19,1,0,58.99,94.78,Bottom 50%
12988,505.82,1,0,59.01,94.78,Bottom 50%
14014,505.18,1,0,59.04,94.79,Bottom 50%
15081,504.8,6,345,59.06,94.79,Bottom 50%
12991,503.76,2,89,59.08,94.8,Bottom 50%
17630,503.6,2,62,59.11,94.8,Bottom 50%
15535,502.9,7,192,59.13,94.81,Bottom 50%
16863,502.8,4,337,59.15,94.82,Bottom 50%
13865,501.56,4,231,59.17,94.82,Bottom 50%
15881,501.39,8,52,59.2,94.83,Bottom 50%
14871,501.28,4,357,59.22,94.83,Bottom 50%
13116,501.14,2,21,59.24,94.84,Bottom 50%
13247,501.12,4,64,59.27,94.84,Bottom 50%
16898,501.03,4,342,59.29,94.85,Bottom 50%
16616,500.42,2,142,59.31,94.85,Bottom 50%
15389,500,1,0,59.34,94.86,Bottom 50%
14077,499.42,5,233,59.36,94.87,Bottom 50%
15193,499.32,1,0,59.38,94.87,Bottom 50%
14681,498.95,3,140,59.41,94.88,Bottom 50%
16488,498.8,4,115,59.43,94.88,Bottom 50%
15142,498.74,1,0,59.45,94.89,Bottom 50%
17053,498.48,2,2,59.47,94.89,Bottom 50%
17298,498.42,2,23,59.5,94.9,Bottom 50%
16820,497.61,1,0,59.52,94.91,Bottom 50%
17495,497.56,2,31,59.54,94.91,Bottom 50%
15300,496.44,1,0,59.57,94.92,Bottom 50%
15018,496.21,4,329,59.59,94.92,Bottom 50%
12904,496.06,2,154,59.61,94.93,Bottom 50%
17374,495.77,2,62,59.64,94.93,Bottom 50%
15448,494.64,1,0,59.66,94.94,Bottom 50%
16352,494.44,2,20,59.68,94.94,Bottom 50%
17333,494.25,1,0,59.7,94.95,Bottom 50%
12763,494.08,2,230,59.73,94.96,Bottom 50%
14270,492.65,1,0,59.75,94.96,Bottom 50%
13732,491.86,1,0,59.77,94.97,Bottom 50%
14236,490.86,2,291,59.8,94.97,Bottom 50%
15000,490.52,1,0,59.82,94.98,Bottom 50%
15877,490.33,3,16,59.84,94.98,Bottom 50%
14416,490.22,2,20,59.87,94.99,Bottom 50%
18074,489.6,1,0,59.89,94.99,Bottom 50%
12809,489.31,2,9,59.91,95,Bottom 50%
17361,488.2,3,242,59.94,95.01,Bottom 50%
14396,487.99,2,306,59.96,95.01,Bottom 50%
15165,487.75,1,0,59.98,95.02,Bottom 50%
16643,487.51,1,0,60,95.02,Bottom 50%
13338,487.02,3,3,60.03,95.03,Bottom 50%
13675,486.82,2,133,60.05,95.03,Bottom 50%
17453,486.72,2,46,60.07,95.04,Bottom 50%
15287,486.69,3,48,60.1,95.04,Bottom 50%
13153,486.22,1,0,60.12,95.05,Bottom 50%
12639,486.1,1,0,60.14,95.05,Bottom 50%
15109,484.95,2,4,60.17,95.06,Bottom 50%
16999,484.82,2,50,60.19,95.07,Bottom 50%
16518,484.32,3,222,60.21,95.07,Bottom 50%
13531,483.8,2,161,60.24,95.08,Bottom 50%
14958,483.73,3,98,60.26,95.08,Bottom 50%
12808,483.65,3,331,60.28,95.09,Bottom 50%
14147,483.4,3,236,60.3,95.09,Bottom 50%
14450,483.25,3,139,60.33,95.1,Bottom 50%
16603,482.47,2,16,60.35,95.1,Bottom 50%
17950,482.2,4,293,60.37,95.11,Bottom 50%
12504,482.05,4,12,60.4,95.11,Bottom 50%
18216,481.75,1,0,60.42,95.12,Bottom 50%
13176,481.49,1,0,60.44,95.13,Bottom 50%
14130,480.91,1,0,60.47,95.13,Bottom 50%
15091,480.71,2,13,60.49,95.14,Bottom 50%
15006,480.38,1,0,60.51,95.14,Bottom 50%
17555,480.31,2,314,60.53,95.15,Bottom 50%
16368,479.91,2,25,60.56,95.15,Bottom 50%
16812,479.35,1,0,60.58,95.16,Bottom 50%
16008,478.78,3,180,60.6,95.16,Bottom 50%
15589,478.53,4,58,60.63,95.17,Bottom 50%
16768,478.09,5,224,60.65,95.17,Bottom 50%
12644,477.91,1,0,60.67,95.18,Bottom 50%
16693,477.86,2,203,60.7,95.18,Bottom 50%
13092,477.83,6,288,60.72,95.19,Bottom 50%
14320,477.79,3,126,60.74,95.2,Bottom 50%
12447,476.49,1,0,60.77,95.2,Bottom 50%
18176,476.35,2,4,60.79,95.21,Bottom 50%
15507,475.86,1,0,60.81,95.21,Bottom 50%
14853,475.8,3,202,60.83,95.22,Bottom 50%
14497,475.37,2,7,60.86,95.22,Bottom 50%
15780,475.28,3,174,60.88,95.23,Bottom 50%
14013,473.02,3,165,60.9,95.23,Bottom 50%
16038,471.78,4,194,60.93,95.24,Bottom 50%
15721,471.4,1,0,60.95,95.24,Bottom 50%
13066,470.8,3,7,60.97,95.25,Bottom 50%
15963,470.76,2,25,61,95.25,Bottom 50%
14431,470.36,2,4,61.02,95.26,Bottom 50%
15026,469,3,197,61.04,95.26,Bottom 50%
15557,468.91,1,0,61.07,95.27,Bottom 50%
14896,468.77,2,160,61.09,95.27,Bottom 50%
13171,468.41,5,291,61.11,95.28,Bottom 50%
14029,467.66,2,80,61.13,95.29,Bottom 50%
15468,467.51,5,325,61.16,95.29,Bottom 50%
13579,467.04,2,354,61.18,95.3,Bottom 50%
16374,466.73,2,196,61.2,95.3,Bottom 50%
14205,466.7,4,354,61.23,95.31,Bottom 50%
16504,465.88,1,0,61.25,95.31,Bottom 50%
13248,465.68,2,64,61.27,95.32,Bottom 50%
16742,464.9,2,0,61.3,95.32,Bottom 50%
13928,464.57,4,122,61.32,95.33,Bottom 50%
16586,463.95,1,0,61.34,95.33,Bottom 50%
15349,463.91,2,29,61.36,95.34,Bottom 50%
14967,463.8,1,0,61.39,95.34,Bottom 50%
12787,463.66,3,182,61.41,95.35,Bottom 50%
17418,463.46,2,281,61.43,95.35,Bottom 50%
14489,463.38,1,0,61.46,95.36,Bottom 50%
17964,463.21,2,340,61.48,95.36,Bottom 50%
12945,462.95,1,0,61.5,95.37,Bottom 50%
14331,462.66,2,10,61.53,95.37,Bottom 50%
14470,461.19,2,275,61.55,95.38,Bottom 50%
16824,460.64,2,148,61.57,95.38,Bottom 50%
16805,460.59,2,186,61.6,95.39,Bottom 50%
12491,460.4,1,0,61.62,95.4,Bottom 50%
12355,459.4,1,0,61.64,95.4,Bottom 50%
16589,459.24,3,90,61.66,95.41,Bottom 50%
17880,458.92,1,0,61.69,95.41,Bottom 50%
15754,458.57,4,195,61.71,95.42,Bottom 50%
13506,458.52,3,57,61.73,95.42,Bottom 50%
15092,457.81,2,68,61.76,95.43,Bottom 50%
15121,457.72,2,238,61.78,95.43,Bottom 50%
12375,457.5,3,95,61.8,95.44,Bottom 50%
13398,457.34,1,0,61.83,95.44,Bottom 50%
12564,456.9,1,0,61.85,95.45,Bottom 50%
12999,455.88,3,49,61.87,95.45,Bottom 50%
14513,455.59,4,188,61.89,95.46,Bottom 50%
15585,455.3,1,0,61.92,95.46,Bottom 50%
16529,455.25,1,0,61.94,95.47,Bottom 50%
14335,454.86,2,80,61.96,95.47,Bottom 50%
15471,454.48,1,0,61.99,95.48,Bottom 50%
13485,454.24,1,0,62.01,95.48,Bottom 50%
17140,454.12,1,0,62.03,95.49,Bottom 50%
15475,454.11,1,0,62.06,95.49,Bottom 50%
17564,454.01,3,55,62.08,95.5,Bottom 50%
18158,453.4,3,79,62.1,95.5,Bottom 50%
12729,453.01,1,0,62.13,95.51,Bottom 50%
18071,453,2,108,62.15,95.51,Bottom 50%
14184,452.89,1,0,62.17,95.52,Bottom 50%
12591,452.85,1,0,62.19,95.52,Bottom 50%
16574,451.44,1,0,62.22,95.53,Bottom 50%
15802,451.42,3,0,62.24,95.53,Bottom 50%
14173,450.84,4,208,62.26,95.54,Bottom 50%
16885,450.41,3,341,62.29,95.54,Bottom 50%
17040,449.73,1,0,62.31,95.55,Bottom 50%
13489,449.52,4,189,62.33,95.55,Bottom 50%
12448,449.45,1,0,62.36,95.56,Bottom 50%
15739,449.12,1,0,62.38,95.56,Bottom 50%
17579,448.9,4,174,62.4,95.57,Bottom 50%
14780,447.68,2,24,62.43,95.57,Bottom 50%
15646,447.64,4,214,62.45,95.58,Bottom 50%
15368,446.94,1,0,62.47,95.58,Bottom 50%
14149,446.62,3,8,62.49,95.59,Bottom 50%
17370,446.18,4,96,62.52,95.59,Bottom 50%
17190,444.74,3,148,62.54,95.6,Bottom 50%
18006,444.68,1,0,62.56,95.6,Bottom 50%
14638,443.6,1,0,62.59,95.61,Bottom 50%
16404,443.05,1,0,62.61,95.61,Bottom 50%
18222,443,1,0,62.63,95.62,Bottom 50%
12579,440.42,3,4,62.66,95.62,Bottom 50%
18233,440,1,0,62.68,95.64,Bottom 50%
14022,440,1,0,62.7,95.64,Bottom 50%
15524,440,1,0,62.72,95.64,Bottom 50%
13954,439.92,3,69,62.75,95.64,Bottom 50%
12391,439.66,1,0,62.77,95.65,Bottom 50%
16025,439.66,1,0,62.79,95.65,Bottom 50%
13359,439.56,2,4,62.82,95.66,Bottom 50%
16968,439.43,2,103,62.84,95.66,Bottom 50%
13358,439.03,1,0,62.86,95.67,Bottom 50%
14272,437.96,2,180,62.89,95.67,Bottom 50%
12552,437.82,2,0,62.91,95.68,Bottom 50%
16034,437.7,3,136,62.93,95.68,Bottom 50%
12592,437.6,2,121,62.96,95.69,Bottom 50%
16084,436.18,1,0,62.98,95.69,Bottom 50%
15551,436.06,1,0,63,95.7,Bottom 50%
16948,435.02,3,187,63.02,95.7,Bottom 50%
15456,434.59,3,75,63.05,95.71,Bottom 50%
14910,434.35,7,51,63.07,95.71,Bottom 50%
14460,434.34,4,200,63.09,95.72,Bottom 50%
14093,433.86,1,0,63.12,95.72,Bottom 50%
12493,433.74,3,31,63.14,95.73,Bottom 50%
17035,433.53,3,65,63.16,95.73,Bottom 50%
16236,432.2,1,0,63.19,95.74,Bottom 50%
16881,432,1,0,63.21,95.74,Bottom 50%
12452,430.57,3,0,63.23,95.75,Bottom 50%
13245,430.5,1,0,63.25,95.75,Bottom 50%
12795,430.48,1,0,63.28,95.76,Bottom 50%
12827,430.15,3,38,63.3,95.76,Bottom 50%
15450,429.84,1,0,63.32,95.77,Bottom 50%
16884,429.84,2,0,63.35,95.77,Bottom 50%
15230,429.6,2,1,63.37,95.78,Bottom 50%
15036,429.56,3,107,63.39,95.78,Bottom 50%
15553,428.93,1,0,63.42,95.79,Bottom 50%
15957,428.89,1,0,63.44,95.8,Bottom 50%
13602,428.89,1,0,63.46,95.8,Bottom 50%
17869,428.18,5,260,63.49,95.8,Bottom 50%
15360,427.93,1,0,63.51,95.8,Bottom 50%
12725,427.8,1,0,63.53,95.81,Bottom 50%
12403,427.7,2,0,63.55,95.81,Bottom 50%
15976,427.64,2,54,63.58,95.82,Bottom 50%
12740,427.6,1,0,63.6,95.82,Bottom 50%
12802,427.58,2,3,63.62,95.83,Bottom 50%
15930,426.63,1,0,63.65,95.83,Bottom 50%
14288,426.6,2,1,63.67,95.84,Bottom 50%
15639,425.32,1,0,63.69,95.84,Bottom 50%
14157,424.89,3,265,63.72,95.85,Bottom 50%
16119,423.36,2,64,63.74,95.85,Bottom 50%
17525,422.7,1,0,63.76,95.86,Bottom 50%
13473,422.64,3,272,63.79,95.86,Bottom 50%
16689,422.6,3,6,63.81,95.87,Bottom 50%
18240,422.58,1,0,63.83,95.87,Bottom 50%
13140,422.47,3,258,63.85,95.88,Bottom 50%
16780,422.24,2,158,63.88,95.88,Bottom 50%
18106,421.9,1,0,63.9,95.89,Bottom 50%
14757,420.5,1,0,63.92,95.89,Bottom 50%
15206,420.3,4,265,63.95,95.9,Bottom 50%
15889,420.07,2,212,63.97,95.9,Bottom 50%
14124,419.58,1,0,63.99,95.9,Bottom 50%
15361,418.92,1,0,64.02,95.91,Bottom 50%
18034,418.68,2,0,64.04,95.91,Bottom 50%
17371,418.4,3,343,64.06,95.92,Bottom 50%
12593,418.1,3,110,64.08,95.92,Bottom 50%
17701,417.95,1,0,64.11,95.93,Bottom 50%
17232,417.77,2,11,64.13,95.93,Bottom 50%
13615,417.69,2,6,64.15,95.94,Bottom 50%
16737,417.6,1,0,64.18,95.94,Bottom 50%
12833,417.38,1,0,64.2,95.95,Bottom 50%
17392,417.27,2,51,64.22,95.95,Bottom 50%
13166,417.2,2,0,64.25,95.96,Bottom 50%
16816,417.06,4,254,64.27,95.96,Bottom 50%
13889,416.9,1,0,64.29,95.97,Bottom 50%
17223,416.89,2,58,64.32,95.97,Bottom 50%
15935,416.86,2,2,64.34,95.98,Bottom 50%
16957,416.64,2,42,64.36,95.98,Bottom 50%
13085,416.08,3,137,64.38,95.98,Bottom 50%
15803,415.82,1,0,64.41,95.99,Bottom 50%
14139,415.82,1,0,64.43,95.99,Bottom 50%
12930,415.8,4,93,64.45,96,Bottom 50%
12580,415.7,1,0,64.48,96,Bottom 50%
15725,415.25,1,0,64.5,96.01,Bottom 50%
14333,415.2,2,3,64.52,96.01,Bottom 50%
18001,415.13,2,74,64.55,96.02,Bottom 50%
16795,414.88,1,0,64.57,96.02,Bottom 50%
14998,414.87,2,71,64.59,96.03,Bottom 50%
12993,414.76,4,275,64.62,96.03,Bottom 50%
15994,414.27,1,0,64.64,96.04,Bottom 50%
16239,414.2,3,132,64.66,96.04,Bottom 50%
17483,414.04,3,117,64.68,96.05,Bottom 50%
13974,413.59,1,0,64.71,96.05,Bottom 50%
16834,413.46,1,0,64.73,96.05,Bottom 50%
17134,413.2,2,157,64.75,96.06,Bottom 50%
14620,412.78,3,79,64.78,96.06,Bottom 50%
15523,412.01,1,0,64.8,96.07,Bottom 50%
16272,411.7,1,0,64.82,96.07,Bottom 50%
15186,411.41,2,154,64.85,96.08,Bottom 50%
15099,410.48,1,0,64.87,96.08,Bottom 50%
15695,409.98,2,0,64.89,96.09,Bottom 50%
14048,409.93,2,27,64.91,96.09,Bottom 50%
13827,409.8,3,85,64.94,96.1,Bottom 50%
14348,409.57,1,0,64.96,96.1,Bottom 50%
12990,409.5,3,278,64.98,96.11,Bottom 50%
15225,409.4,1,0,65.01,96.11,Bottom 50%
16243,409.1,2,21,65.03,96.11,Bottom 50%
16018,408.9,2,141,65.05,96.12,Bottom 50%
15269,408.8,1,0,65.08,96.12,Bottom 50%
17913,408.65,2,296,65.1,96.13,Bottom 50%
16629,408.63,2,22,65.12,96.13,Bottom 50%
16324,408.59,3,48,65.15,96.14,Bottom 50%
17931,408.36,2,121,65.17,96.14,Bottom 50%
16399,408.02,2,216,65.19,96.15,Bottom 50%
15127,406.53,1,0,65.21,96.15,Bottom 50%
16947,406.48,1,0,65.24,96.16,Bottom 50%
15342,406.09,2,13,65.26,96.16,Bottom 50%
14616,406.08,3,74,65.28,96.17,Bottom 50%
12970,405.47,4,315,65.31,96.17,Bottom 50%
12922,405.38,1,0,65.33,96.17,Bottom 50%
15012,405.04,2,319,65.35,96.18,Bottom 50%
15938,404.58,5,211,65.38,96.18,Bottom 50%
16319,404.4,1,0,65.4,96.19,Bottom 50%
16484,404.3,3,17,65.42,96.19,Bottom 50%
12498,403.7,3,36,65.44,96.2,Bottom 50%
17431,403.3,1,0,65.47,96.2,Bottom 50%
15221,403.25,2,3,65.49,96.21,Bottom 50%
18036,403.12,3,213,65.51,96.21,Bottom 50%
15184,402.2,2,161,65.54,96.22,Bottom 50%
12386,401.9,2,29,65.56,96.22,Bottom 50%
15158,401.4,1,0,65.58,96.22,Bottom 50%
16500,400.86,6,326,65.61,96.23,Bottom 50%
16198,400.68,1,0,65.63,96.23,Bottom 50%
12792,400.54,1,0,65.65,96.24,Bottom 50%
17375,400.1,4,171,65.68,96.24,Bottom 50%
18164,399.65,2,6,65.7,96.25,Bottom 50%
13255,399.51,3,369,65.72,96.25,Bottom 50%
18154,399.19,2,40,65.74,96.26,Bottom 50%
17052,399.09,1,0,65.77,96.26,Bottom 50%
17830,398.7,3,287,65.79,96.26,Bottom 50%
15522,397.99,2,54,65.81,96.27,Bottom 50%
13352,397.98,2,52,65.84,96.27,Bottom 50%
12508,397.88,2,2,65.86,96.28,Bottom 50%
15967,397.68,2,295,65.88,96.28,Bottom 50%
15429,397.35,3,48,65.91,96.29,Bottom 50%
17926,397.29,2,70,65.93,96.29,Bottom 50%
12824,397.12,1,0,65.95,96.3,Bottom 50%
13594,396.97,1,0,65.98,96.3,Bottom 50%
17486,396.87,1,0,66,96.31,Bottom 50%
15883,396.48,2,31,66.02,96.31,Bottom 50%
18067,396.33,1,0,66.04,96.31,Bottom 50%
16354,395.8,2,9,66.07,96.32,Bottom 50%
17603,394.72,5,217,66.09,96.32,Bottom 50%
14619,394.44,2,6,66.11,96.33,Bottom 50%
16207,394.38,1,0,66.14,96.33,Bottom 50%
15386,394.14,1,0,66.16,96.34,Bottom 50%
15264,393.74,1,0,66.18,96.34,Bottom 50%
15345,393.54,2,10,66.21,96.35,Bottom 50%
17226,393.49,1,0,66.23,96.35,Bottom 50%
14600,393.33,1,0,66.25,96.35,Bottom 50%
14670,392.86,2,0,66.27,96.36,Bottom 50%
16010,392.4,3,116,66.3,96.36,Bottom 50%
15837,391.98,1,0,66.32,96.37,Bottom 50%
16917,391.52,1,0,66.34,96.37,Bottom 50%
12982,390.54,2,2,66.37,96.38,Bottom 50%
18024,389.78,3,0,66.39,96.38,Bottom 50%
17379,389.72,1,0,66.41,96.38,Bottom 50%
14752,389.64,1,0,66.44,96.39,Bottom 50%
13873,389.6,4,190,66.46,96.39,Bottom 50%
13345,389.5,2,10,66.48,96.4,Bottom 50%
16250,389.44,2,112,66.51,96.4,Bottom 50%
15847,389.27,2,249,66.53,96.41,Bottom 50%
12690,389.01,1,0,66.55,96.41,Bottom 50%
15592,388.58,1,0,66.57,96.42,Bottom 50%
13899,388.52,2,258,66.6,96.42,Bottom 50%
13856,388.5,5,34,66.62,96.42,Bottom 50%
17438,388.45,2,6,66.64,96.43,Bottom 50%
14538,388.25,2,191,66.67,96.43,Bottom 50%
17817,387.68,3,272,66.69,96.44,Bottom 50%
14420,387.52,2,13,66.71,96.44,Bottom 50%
13673,387.44,2,13,66.74,96.45,Bottom 50%
17508,387.31,1,0,66.76,96.45,Bottom 50%
17595,386.69,2,24,66.78,96.45,Bottom 50%
14114,386.53,2,56,66.8,96.46,Bottom 50%
15664,386.43,2,308,66.83,96.46,Bottom 50%
17614,386.32,1,0,66.85,96.47,Bottom 50%
14779,386.15,3,43,66.87,96.47,Bottom 50%
13821,385.64,2,116,66.9,96.48,Bottom 50%
17711,385.1,2,279,66.92,96.48,Bottom 50%
13919,384.81,3,68,66.94,96.49,Bottom 50%
17357,384.39,2,0,66.97,96.49,Bottom 50%
16204,384.18,1,0,66.99,96.49,Bottom 50%
17205,384.08,1,0,67.01,96.5,Bottom 50%
16982,384.06,1,0,67.04,96.5,Bottom 50%
12733,383.95,1,0,67.06,96.51,Bottom 50%
13833,383.85,1,0,67.08,96.51,Bottom 50%
17189,383.75,2,253,67.1,96.52,Bottom 50%
12515,383.7,1,0,67.13,96.52,Bottom 50%
15440,383.68,3,154,67.15,96.52,Bottom 50%
14304,383.45,2,78,67.17,96.53,Bottom 50%
15424,383.34,2,0,67.2,96.53,Bottom 50%
12832,383.03,2,65,67.22,96.54,Bottom 50%
13817,382.98,2,322,67.24,96.54,Bottom 50%
17239,382.5,2,39,67.27,96.55,Bottom 50%
13657,382.14,2,190,67.29,96.55,Bottom 50%
17250,381.97,2,257,67.31,96.55,Bottom 50%
15090,381.32,1,0,67.34,96.56,Bottom 50%
16441,381.2,2,224,67.36,96.56,Bottom 50%
15048,381,5,303,67.38,96.57,Bottom 50%
12871,380.64,2,123,67.4,96.57,Bottom 50%
17573,380.6,4,64,67.43,96.58,Bottom 50%
17138,380.5,1,0,67.45,96.58,Bottom 50%
17999,380.39,2,329,67.47,96.58,Bottom 50%
17031,380.35,2,143,67.5,96.59,Bottom 50%
17936,380.13,1,0,67.52,96.59,Bottom 50%
14731,380.02,3,165,67.54,96.6,Bottom 50%
16552,379.73,2,130,67.57,96.6,Bottom 50%
13656,379.65,2,172,67.59,96.61,Bottom 50%
13589,379.65,2,164,67.61,96.61,Bottom 50%
17878,379.45,1,0,67.63,96.61,Bottom 50%
15885,379.35,3,216,67.66,96.62,Bottom 50%
16909,379.14,2,8,67.68,96.62,Bottom 50%
16930,378.89,3,42,67.7,96.63,Bottom 50%
13372,378.64,1,0,67.73,96.63,Bottom 50%
17078,378.2,2,0,67.75,96.64,Bottom 50%
17736,377.44,4,104,67.77,96.64,Bottom 50%
12890,376.72,1,0,67.8,96.64,Bottom 50%
17489,376.64,2,153,67.82,96.65,Bottom 50%
13936,376.58,2,8,67.84,96.65,Bottom 50%
16858,375.69,2,2,67.87,96.66,Bottom 50%
14448,375.35,2,354,67.89,96.66,Bottom 50%
14079,375.1,1,0,67.91,96.67,Bottom 50%
16147,375,1,0,67.93,96.67,Bottom 50%
14067,374.7,2,32,67.96,96.67,Bottom 50%
17492,374.57,1,0,67.98,96.68,Bottom 50%
12873,374,1,0,68,96.68,Bottom 50%
13351,373.94,1,0,68.03,96.69,Bottom 50%
16321,373.65,7,251,68.05,96.69,Bottom 50%
12895,372.8,3,44,68.07,96.69,Bottom 50%
12544,372.7,2,6,68.1,96.7,Bottom 50%
12981,372.22,2,103,68.12,96.7,Bottom 50%
13300,371.89,2,4,68.14,96.71,Bottom 50%
18155,371.62,4,216,68.17,96.71,Bottom 50%
15472,371.56,1,0,68.19,96.72,Bottom 50%
16776,371.54,1,0,68.21,96.72,Bottom 50%
14950,371.2,2,10,68.23,96.72,Bottom 50%
15975,371.01,1,0,68.26,96.73,Bottom 50%
15063,370.8,1,0,68.28,96.73,Bottom 50%
15922,369.5,2,0,68.3,96.74,Bottom 50%
16758,369.34,1,0,68.33,96.74,Bottom 50%
14888,369.2,1,0,68.35,96.74,Bottom 50%
17765,367.63,3,98,68.37,96.75,Bottom 50%
16065,367.14,1,0,68.4,96.75,Bottom 50%
18181,366.85,1,0,68.42,96.76,Bottom 50%
17911,366.23,1,0,68.44,96.76,Bottom 50%
17432,365.76,2,19,68.46,96.77,Bottom 50%
16499,365.45,5,5,68.49,96.77,Bottom 50%
16202,365.27,1,0,68.51,96.77,Bottom 50%
14886,364.8,1,0,68.53,96.78,Bottom 50%
15949,364.72,2,54,68.56,96.78,Bottom 50%
12373,364.6,1,0,68.58,96.79,Bottom 50%
15343,364.5,1,0,68.6,96.79,Bottom 50%
14528,364.22,1,0,68.63,96.79,Bottom 50%
12538,363.95,1,0,68.65,96.8,Bottom 50%
17330,363.9,2,44,68.67,96.8,Bottom 50%
14171,363.79,1,0,68.7,96.81,Bottom 50%
16509,363.7,1,0,68.72,96.81,Bottom 50%
18056,363.65,1,0,68.74,96.82,Bottom 50%
12915,363.65,2,223,68.76,96.82,Bottom 50%
16485,363.65,1,0,68.79,96.82,Bottom 50%
14932,363.53,1,0,68.81,96.83,Bottom 50%
14427,363.34,2,13,68.83,96.83,Bottom 50%
14594,363.33,2,365,68.86,96.83,Bottom 50%
16903,363.2,1,0,68.88,96.84,Bottom 50%
16378,362.95,3,63,68.9,96.84,Bottom 50%
16052,362.06,1,0,68.93,96.85,Bottom 50%
15025,361.96,1,0,68.95,96.85,Bottom 50%
13844,361.62,1,0,68.97,96.86,Bottom 50%
16769,361.54,1,0,68.99,96.86,Bottom 50%
16305,361.22,1,0,69.02,96.86,Bottom 50%
13291,361.11,1,0,69.04,96.87,Bottom 50%
17358,360.81,2,52,69.06,96.87,Bottom 50%
16595,360.16,1,0,69.09,96.88,Bottom 50%
13780,360.01,2,163,69.11,96.88,Bottom 50%
13298,360,1,0,69.13,96.88,Bottom 50%
15120,358.82,2,4,69.16,96.89,Bottom 50%
17948,358.56,1,0,69.18,96.89,Bottom 50%
16823,358.38,1,0,69.2,96.9,Bottom 50%
13228,358,1,0,69.23,96.9,Bottom 50%
13976,357.98,1,0,69.25,96.9,Bottom 50%
17025,357.77,3,312,69.27,96.91,Bottom 50%
16971,357.21,2,35,69.29,96.91,Bottom 50%
18040,357.2,2,226,69.32,96.92,Bottom 50%
13453,356.98,2,123,69.34,96.92,Bottom 50%
14500,356.85,3,101,69.36,96.92,Bottom 50%
15713,356.7,3,222,69.39,96.93,Bottom 50%
15247,356,1,0,69.41,96.93,Bottom 50%
16372,355.73,2,0,69.43,96.94,Bottom 50%
15840,355.56,3,113,69.46,96.94,Bottom 50%
14537,355.56,1,0,69.48,96.94,Bottom 50%
17742,355.11,2,219,69.5,96.95,Bottom 50%
14690,355.05,3,107,69.53,96.95,Bottom 50%
12888,354.12,4,41,69.55,96.96,Bottom 50%
12845,354.09,4,22,69.57,96.96,Bottom 50%
13173,353.65,2,363,69.59,96.96,Bottom 50%
13210,353.48,1,0,69.62,96.97,Bottom 50%
13343,353.43,2,4,69.64,96.97,Bottom 50%
14804,353.27,1,0,69.66,96.98,Bottom 50%
12617,352.98,1,0,69.69,96.98,Bottom 50%
15678,352.7,1,0,69.71,96.98,Bottom 50%
18112,352.69,2,154,69.73,96.99,Bottom 50%
16274,351.75,1,0,69.76,96.99,Bottom 50%
15901,351.73,3,138,69.78,97,Bottom 50%
12566,351.65,2,13,69.8,97,Bottom 50%
15870,351.44,1,0,69.82,97,Bottom 50%
15789,351.3,1,0,69.85,97.01,Bottom 50%
13923,351.13,1,0,69.87,97.01,Bottom 50%
13332,350.9,1,0,69.89,97.02,Bottom 50%
15334,350.82,3,16,69.92,97.02,Bottom 50%
13740,350.75,1,0,69.94,97.02,Bottom 50%
13108,350.06,1,0,69.96,97.03,Bottom 50%
12532,349.83,1,0,69.99,97.03,Bottom 50%
13670,349.7,1,0,70.01,97.04,Bottom 50%
13887,349.55,1,0,70.03,97.04,Bottom 50%
18250,349.27,2,9,70.06,97.04,Bottom 50%
15405,349.1,1,0,70.08,97.05,Bottom 50%
13927,348.99,1,0,70.1,97.05,Bottom 50%
17252,348.91,2,69,70.12,97.05,Bottom 50%
13790,348.8,1,0,70.15,97.06,Bottom 50%
12527,348.71,3,243,70.17,97.06,Bottom 50%
16159,348.2,1,0,70.19,97.07,Bottom 50%
13052,348.15,1,0,70.22,97.07,Bottom 50%
14379,348.1,2,251,70.24,97.07,Bottom 50%
13497,348.05,3,85,70.26,97.08,Bottom 50%
17668,347.75,2,36,70.29,97.08,Bottom 50%
18127,347.08,3,114,70.31,97.09,Bottom 50%
13062,346.98,1,0,70.33,97.09,Bottom 50%
13649,346.6,2,109,70.36,97.09,Bottom 50%
16423,346.12,1,0,70.38,97.1,Bottom 50%
13091,345.82,2,7,70.4,97.1,Bottom 50%
15781,345.46,4,280,70.42,97.11,Bottom 50%
17123,345.3,1,0,70.45,97.11,Bottom 50%
13774,345,1,0,70.47,97.11,Bottom 50%
14633,344.9,1,0,70.49,97.12,Bottom 50%
16978,344.33,1,0,70.52,97.12,Bottom 50%
17569,344.14,1,0,70.54,97.13,Bottom 50%
13068,344,2,309,70.56,97.13,Bottom 50%
15047,343.62,1,0,70.59,97.13,Bottom 50%
15520,343.5,1,0,70.61,97.14,Bottom 50%
18081,343.45,3,97,70.63,97.14,Bottom 50%
12715,343.36,1,0,70.65,97.14,Bottom 50%
12875,343.23,2,219,70.68,97.15,Bottom 50%
17795,342.83,2,85,70.7,97.15,Bottom 50%
16851,342.45,3,47,70.72,97.16,Bottom 50%
17835,342.24,3,20,70.75,97.16,Bottom 50%
16826,341.7,1,0,70.77,97.16,Bottom 50%
13347,341.36,1,0,70.79,97.17,Bottom 50%
14491,340.93,2,197,70.82,97.17,Bottom 50%
15115,340.11,1,0,70.84,97.18,Bottom 50%
13737,339.6,1,0,70.86,97.18,Bottom 50%
17045,339.44,3,134,70.89,97.18,Bottom 50%
16545,339.3,1,0,70.91,97.19,Bottom 50%
17697,338.95,1,0,70.93,97.19,Bottom 50%
16183,338.71,1,0,70.95,97.19,Bottom 50%
13569,338.62,2,350,70.98,97.2,Bottom 50%
15652,337.74,1,0,71,97.2,Bottom 50%
15942,337.44,1,0,71.02,97.21,Bottom 50%
13930,337.34,2,78,71.05,97.21,Bottom 50%
15900,337.28,1,0,71.07,97.21,Bottom 50%
17973,337.04,1,0,71.09,97.22,Bottom 50%
16105,336.96,1,0,71.12,97.22,Bottom 50%
17384,336.4,2,199,71.14,97.23,Bottom 50%
15619,336.4,1,0,71.16,97.23,Bottom 50%
18078,336.13,2,41,71.18,97.23,Bottom 50%
18276,335.86,3,22,71.21,97.24,Bottom 50%
14196,335.52,1,0,71.23,97.24,Bottom 50%
16063,335.32,1,0,71.25,97.24,Bottom 50%
17917,335.03,3,317,71.28,97.25,Bottom 50%
12489,334.93,1,0,71.3,97.25,Bottom 50%
14988,334.54,1,0,71.32,97.25,Bottom 50%
15466,334.53,1,0,71.35,97.26,Bottom 50%
17221,334.48,2,28,71.37,97.26,Bottom 50%
12350,334.4,1,0,71.39,97.27,Bottom 50%
15918,334.23,2,80,71.42,97.27,Bottom 50%
14264,333.97,3,217,71.44,97.27,Bottom 50%
13216,333.74,1,0,71.46,97.28,Bottom 50%
13727,333.48,2,4,71.48,97.28,Bottom 50%
16625,333.08,1,0,71.51,97.28,Bottom 50%
14902,332.66,2,4,71.53,97.29,Bottom 50%
13904,332.64,2,257,71.55,97.29,Bottom 50%
16850,332.41,1,0,71.58,97.3,Bottom 50%
16803,332.3,1,0,71.6,97.3,Bottom 50%
16177,331.95,1,0,71.62,97.3,Bottom 50%
16030,331.24,1,0,71.65,97.31,Bottom 50%
15210,331.18,1,0,71.67,97.31,Bottom 50%
16478,331,3,40,71.69,97.32,Bottom 50%
12891,331,3,107,71.72,97.32,Bottom 50%
17862,330.9,1,0,71.74,97.32,Bottom 50%
12519,330.84,1,0,71.76,97.33,Bottom 50%
13706,330.79,1,0,71.78,97.33,Bottom 50%
14517,330.45,2,108,71.81,97.33,Bottom 50%
15130,330.11,1,0,71.83,97.34,Bottom 50%
15714,330.03,2,66,71.85,97.34,Bottom 50%
16593,330.03,3,277,71.88,97.34,Bottom 50%
12953,329.85,1,0,71.9,97.35,Bottom 50%
17866,329.65,2,0,71.92,97.35,Bottom 50%
17615,329.6,3,91,71.95,97.36,Bottom 50%
13239,329.56,1,0,71.97,97.36,Bottom 50%
17914,329.36,1,0,71.99,97.36,Bottom 50%
17154,329.34,1,0,72.01,97.37,Bottom 50%
15153,329.25,1,0,72.04,97.37,Bottom 50%
15880,329.03,2,0,72.06,97.37,Bottom 50%
14012,328.8,1,0,72.08,97.38,Bottom 50%
17222,328.65,1,0,72.11,97.38,Bottom 50%
16343,328.58,2,0,72.13,97.39,Bottom 50%
16855,328.4,2,19,72.15,97.39,Bottom 50%
15213,328.35,3,11,72.18,97.39,Bottom 50%
14747,328.2,2,1,72.2,97.4,Bottom 50%
14206,328.16,2,121,72.22,97.4,Bottom 50%
16318,328.15,1,0,72.25,97.4,Bottom 50%
15314,327.97,1,0,72.27,97.41,Bottom 50%
14024,327.7,2,2,72.29,97.41,Bottom 50%
15579,327.6,2,245,72.31,97.41,Bottom 50%
16366,327.3,1,0,72.34,97.42,Bottom 50%
14870,327.25,1,0,72.36,97.42,Bottom 50%
16322,326.75,2,35,72.38,97.43,Bottom 50%
14987,326.4,2,349,72.41,97.43,Bottom 50%
17715,326.4,1,0,72.43,97.43,Bottom 50%
16071,326.24,1,0,72.45,97.44,Bottom 50%
15363,326,2,131,72.48,97.44,Bottom 50%
12844,325.96,2,101,72.5,97.44,Bottom 50%
16830,325.91,1,0,72.52,97.45,Bottom 50%
14850,325.75,2,56,72.54,97.45,Bottom 50%
15944,325.1,1,0,72.57,97.46,Bottom 50%
12790,324.92,1,0,72.59,97.46,Bottom 50%
13801,324.8,1,0,72.61,97.46,Bottom 50%
15597,324.57,2,5,72.64,97.47,Bottom 50%
18261,324.24,2,52,72.66,97.47,Bottom 50%
16685,324.24,2,0,72.68,97.47,Bottom 50%
15675,323.69,3,198,72.71,97.48,Bottom 50%
15921,323.03,1,0,72.73,97.48,Bottom 50%
16739,323,2,4,72.75,97.48,Bottom 50%
13955,322.96,2,151,72.78,97.49,Bottom 50%
16627,322.8,1,0,72.8,97.49,Bottom 50%
16342,322.41,4,104,72.82,97.5,Bottom 50%
14424,322.08,1,0,72.84,97.5,Bottom 50%
15224,322.08,3,4,72.87,97.5,Bottom 50%
14484,321.92,1,0,72.89,97.51,Bottom 50%
17976,321.79,1,0,72.91,97.51,Bottom 50%
14823,321.43,3,14,72.94,97.51,Bottom 50%
15236,321.05,1,0,72.96,97.52,Bottom 50%
16096,320.62,1,0,72.98,97.52,Bottom 50%
14622,320.58,1,0,73.01,97.52,Bottom 50%
13986,320.46,1,0,73.03,97.53,Bottom 50%
15107,319.5,8,61,73.05,97.53,Bottom 50%
16967,319.02,1,0,73.08,97.53,Bottom 50%
17157,319,3,168,73.1,97.54,Bottom 50%
17229,318.76,2,46,73.12,97.54,Bottom 50%
17248,318.65,1,0,73.14,97.55,Bottom 50%
14703,318.17,1,0,73.17,97.55,Bottom 50%
17839,318.15,1,0,73.19,97.55,Bottom 50%
12648,318.05,1,0,73.21,97.56,Bottom 50%
18066,318,1,0,73.24,97.56,Bottom 50%
17172,317.76,2,4,73.26,97.56,Bottom 50%
15101,317.53,3,350,73.28,97.57,Bottom 50%
17267,317.2,2,0,73.31,97.57,Bottom 50%
15257,317.15,2,2,73.33,97.57,Bottom 50%
15385,316.88,1,0,73.35,97.58,Bottom 50%
15243,316.68,1,0,73.37,97.58,Bottom 50%
16761,316.62,1,0,73.4,97.58,Bottom 50%
15204,316.58,1,0,73.42,97.59,Bottom 50%
17458,316.5,1,0,73.44,97.59,Bottom 50%
13494,316.26,1,0,73.47,97.6,Bottom 50%
15872,316.25,2,0,73.49,97.6,Bottom 50%
14479,316.25,2,111,73.51,97.6,Bottom 50%
16473,316.11,4,171,73.54,97.61,Bottom 50%
18117,315.65,1,0,73.56,97.61,Bottom 50%
12614,315.6,1,0,73.58,97.61,Bottom 50%
15766,315.06,1,0,73.61,97.62,Bottom 50%
16091,315.06,2,43,73.63,97.62,Bottom 50%
17237,314.69,2,11,73.65,97.62,Bottom 50%
16193,314.45,1,0,73.67,97.63,Bottom 50%
12650,314.44,1,0,73.7,97.63,Bottom 50%
16227,314.22,2,6,73.72,97.63,Bottom 50%
15970,314.1,1,0,73.74,97.64,Bottom 50%
13484,313.8,1,0,73.77,97.64,Bottom 50%
16582,313.62,1,0,73.79,97.65,Bottom 50%
14729,313.49,1,0,73.81,97.65,Bottom 50%
13845,312.98,1,0,73.84,97.65,Bottom 50%
15318,312.62,1,0,73.86,97.66,Bottom 50%
14555,312.54,2,244,73.88,97.66,Bottom 50%
12834,312.38,1,0,73.91,97.66,Bottom 50%
13642,312.28,1,0,73.93,97.67,Bottom 50%
17362,312.23,2,70,73.95,97.67,Bottom 50%
12785,311.95,2,361,73.97,97.67,Bottom 50%
16450,311.92,1,0,74,97.68,Bottom 50%
14142,311.81,1,0,74.02,97.68,Bottom 50%
15326,311.71,1,0,74.04,97.68,Bottom 50%
14951,311.69,1,0,74.07,97.69,Bottom 50%
14327,311.65,1,0,74.09,97.69,Bottom 50%
12852,311.55,2,4,74.11,97.69,Bottom 50%
13990,311.3,1,0,74.14,97.7,Bottom 50%
17854,311.26,2,41,74.16,97.7,Bottom 50%
16781,311.25,2,7,74.18,97.7,Bottom 50%
13897,311.16,1,0,74.2,97.71,Bottom 50%
15185,310.62,1,0,74.23,97.71,Bottom 50%
15308,310.47,2,3,74.25,97.72,Bottom 50%
14311,310.26,2,17,74.27,97.72,Bottom 50%
17912,310.06,6,54,74.3,97.72,Bottom 50%
14924,310.05,1,0,74.32,97.73,Bottom 50%
15661,309.8,2,21,74.34,97.73,Bottom 50%
15699,309.65,1,0,74.37,97.73,Bottom 50%
16810,309.54,2,168,74.39,97.74,Bottom 50%
14339,309.52,4,8,74.41,97.74,Bottom 50%
14847,309.4,1,0,74.44,97.74,Bottom 50%
17604,309.36,2,94,74.46,97.75,Bottom 50%
12884,309.05,1,0,74.48,97.75,Bottom 50%
13787,309.04,2,288,74.5,97.75,Bottom 50%
15010,308.94,1,0,74.53,97.76,Bottom 50%
16956,308.74,2,8,74.55,97.76,Bottom 50%
13699,308.58,1,0,74.57,97.76,Bottom 50%
17510,308.48,1,0,74.6,97.77,Bottom 50%
13369,308.28,2,11,74.62,97.77,Bottom 50%
13466,307.9,2,83,74.64,97.77,Bottom 50%
15973,307.82,3,130,74.67,97.78,Bottom 50%
16123,307.78,1,0,74.69,97.78,Bottom 50%
13529,307.76,2,125,74.71,97.78,Bottom 50%
13395,307.72,1,0,74.73,97.79,Bottom 50%
13060,307.53,1,0,74.76,97.79,Bottom 50%
14716,307.51,2,105,74.78,97.8,Bottom 50%
14915,307.48,3,192,74.8,97.8,Bottom 50%
17120,307.46,1,0,74.83,97.8,Bottom 50%
13932,307.4,1,0,74.85,97.81,Bottom 50%
13142,307.09,1,0,74.87,97.81,Bottom 50%
17334,307.02,3,7,74.9,97.81,Bottom 50%
15087,306.94,1,0,74.92,97.82,Bottom 50%
16668,306.72,6,269,74.94,97.82,Bottom 50%
13762,306.72,2,14,74.97,97.82,Bottom 50%
13718,306.55,2,49,74.99,97.83,Bottom 50%
18059,306.46,4,58,75.01,97.83,Bottom 50%
15659,306.45,1,0,75.03,97.83,Bottom 50%
17176,306.13,1,0,75.06,97.84,Bottom 50%
13863,305.78,2,2,75.08,97.84,Bottom 50%
15219,305.75,1,0,75.1,97.84,Bottom 50%
16796,305.62,1,0,75.13,97.85,Bottom 50%
16181,305.54,1,0,75.15,97.85,Bottom 50%
18220,305.28,2,7,75.17,97.86,Bottom 50%
13045,305.28,1,0,75.2,97.86,Bottom 50%
12623,305.1,1,0,75.22,97.86,Bottom 50%
17941,304.56,1,0,75.24,97.86,Bottom 50%
15163,304.47,2,173,75.27,97.87,Bottom 50%
16217,304.25,4,46,75.29,97.87,Bottom 50%
18185,304.25,1,0,75.31,97.87,Bottom 50%
17070,304.24,1,0,75.33,97.88,Bottom 50%
16674,304.24,2,43,75.36,97.88,Bottom 50%
17732,303.97,1,0,75.38,97.88,Bottom 50%
16400,303.93,1,0,75.4,97.89,Bottom 50%
13083,303.75,2,71,75.43,97.89,Bottom 50%
17433,303.16,1,0,75.45,97.9,Bottom 50%
16425,302.7,1,0,75.47,97.9,Bottom 50%
14248,302.58,1,0,75.5,97.9,Bottom 50%
16386,302.57,2,225,75.52,97.91,Bottom 50%
18165,302.46,1,0,75.54,97.91,Bottom 50%
16292,302.25,2,4,75.56,97.91,Bottom 50%
17506,302.2,2,5,75.59,97.92,Bottom 50%
15054,302.1,2,28,75.61,97.92,Bottom 50%
17094,302,2,4,75.63,97.92,Bottom 50%
16297,301.9,4,56,75.66,97.93,Bottom 50%
16715,301.72,1,0,75.68,97.93,Bottom 50%
15667,301.32,1,0,75.7,97.93,Bottom 50%
15148,301.29,1,0,75.73,97.94,Bottom 50%
15623,301.03,1,0,75.75,97.94,Bottom 50%
13479,300.95,3,36,75.77,97.94,Bottom 50%
17978,300.92,1,0,75.8,97.95,Bottom 50%
16430,300.85,1,0,75.82,97.95,Bottom 50%
16479,300.83,2,0,75.84,97.95,Bottom 50%
14762,300.52,1,0,75.86,97.96,Bottom 50%
13304,300.42,1,0,75.89,97.96,Bottom 50%
15254,300.36,1,0,75.91,97.96,Bottom 50%
17793,300.34,1,0,75.93,97.97,Bottom 50%
13745,300.04,2,10,75.96,97.97,Bottom 50%
18053,300.02,2,4,75.98,97.97,Bottom 50%
18215,299.34,1,0,76,97.98,Bottom 50%
13667,299.05,1,0,76.03,97.98,Bottom 50%
15609,298.48,2,1,76.05,97.98,Bottom 50%
17824,298.4,1,0,76.07,97.99,Bottom 50%
16104,298.21,1,0,76.09,97.99,Bottom 50%
17678,298.11,1,0,76.12,97.99,Bottom 50%
12881,298,1,0,76.14,98,Bottom 50%
15857,297,1,0,76.16,98,Bottom 50%
17531,296.7,2,69,76.19,98,Bottom 50%
13441,296.64,1,0,76.21,98.01,Bottom 50%
17266,296.58,3,145,76.23,98.01,Bottom 50%
13751,296.25,1,0,76.26,98.01,Bottom 50%
13504,295.93,1,0,76.28,98.02,Bottom 50%
16998,295,6,154,76.3,98.02,Bottom 50%
14954,294.85,1,0,76.33,98.02,Bottom 50%
15060,294.25,4,0,76.35,98.03,Bottom 50%
17124,294.24,1,0,76.37,98.03,Bottom 50%
15732,294.12,2,159,76.39,98.03,Bottom 50%
16402,293.45,2,104,76.42,98.04,Bottom 50%
17163,293.1,2,56,76.44,98.04,Bottom 50%
12829,293,3,37,76.46,98.04,Bottom 50%
16721,292.47,1,0,76.49,98.05,Bottom 50%
14985,292.01,2,159,76.51,98.05,Bottom 50%
13502,292,3,307,76.53,98.05,Bottom 50%
13449,291.88,1,0,76.56,98.06,Bottom 50%
17255,291.48,2,258,76.58,98.06,Bottom 50%
14656,291.05,2,114,76.6,98.06,Bottom 50%
14947,290.82,2,58,76.63,98.07,Bottom 50%
16648,290.66,2,4,76.65,98.07,Bottom 50%
15279,290.51,2,10,76.67,98.07,Bottom 50%
17691,290.4,2,10,76.69,98.08,Bottom 50%
16526,290.36,1,0,76.72,98.08,Bottom 50%
17551,290.34,1,0,76.74,98.08,Bottom 50%
13573,290.25,2,202,76.76,98.09,Bottom 50%
14784,289.99,2,297,76.79,98.09,Bottom 50%
17464,289.96,1,0,76.81,98.09,Bottom 50%
16897,289.78,3,14,76.83,98.1,Bottom 50%
17201,289.78,1,0,76.86,98.1,Bottom 50%
14162,289.36,2,118,76.88,98.1,Bottom 50%
16125,289.35,1,0,76.9,98.11,Bottom 50%
14549,289.24,1,0,76.92,98.11,Bottom 50%
15545,288.97,2,316,76.95,98.11,Bottom 50%
17081,288.91,2,20,76.97,98.11,Bottom 50%
17501,288.6,2,0,76.99,98.12,Bottom 50%
16808,288.42,2,175,77.02,98.12,Bottom 50%
15396,288.18,1,0,77.04,98.12,Bottom 50%
17977,288.14,1,0,77.06,98.13,Bottom 50%
17080,287.62,3,247,77.09,98.13,Bottom 50%
17760,287.59,2,351,77.11,98.13,Bottom 50%
16432,287.4,1,0,77.13,98.14,Bottom 50%
13760,286.79,2,202,77.16,98.14,Bottom 50%
16555,285.89,2,74,77.18,98.14,Bottom 50%
14660,285.74,2,14,77.2,98.15,Bottom 50%
14953,285.67,1,0,77.22,98.15,Bottom 50%
17636,285.56,2,10,77.25,98.15,Bottom 50%
13708,285.33,1,0,77.27,98.16,Bottom 50%
16429,284.55,1,0,77.29,98.16,Bottom 50%
18190,284.46,3,138,77.32,98.16,Bottom 50%
13121,283.73,2,0,77.34,98.17,Bottom 50%
13439,283.71,1,0,77.36,98.17,Bottom 50%
12703,283.55,2,7,77.39,98.17,Bottom 50%
17783,283.47,2,175,77.41,98.18,Bottom 50%
13259,283.18,1,0,77.43,98.18,Bottom 50%
18270,283.15,3,228,77.46,98.18,Bottom 50%
17694,283.12,1,0,77.48,98.19,Bottom 50%
14350,282.93,2,3,77.5,98.19,Bottom 50%
13754,282.6,2,165,77.52,98.19,Bottom 50%
13177,282.45,1,0,77.55,98.2,Bottom 50%
16557,281.85,2,113,77.57,98.2,Bottom 50%
16848,281.42,1,0,77.59,98.2,Bottom 50%
14242,280.55,2,91,77.62,98.2,Bottom 50%
16149,280.52,2,137,77.64,98.21,Bottom 50%
17247,280.09,1,0,77.66,98.21,Bottom 50%
14975,279.94,1,0,77.69,98.21,Bottom 50%
15556,279.77,1,0,77.71,98.22,Bottom 50%
14480,279.05,1,0,77.73,98.22,Bottom 50%
14764,278.3,2,2,77.75,98.22,Bottom 50%
14908,277.8,1,0,77.78,98.23,Bottom 50%
13803,277.07,1,0,77.8,98.23,Bottom 50%
15355,277.05,2,23,77.82,98.23,Bottom 50%
13606,276.75,3,282,77.85,98.24,Bottom 50%
13272,276.56,2,58,77.87,98.24,Bottom 50%
13544,276.06,2,200,77.89,98.24,Bottom 50%
12750,275.88,1,0,77.92,98.25,Bottom 50%
14512,275.28,2,44,77.94,98.25,Bottom 50%
16313,274.15,2,46,77.96,98.25,Bottom 50%
16883,272.48,2,184,77.99,98.25,Bottom 50%
17498,272.22,1,0,78.01,98.26,Bottom 50%
14819,272.07,2,127,78.03,98.26,Bottom 50%
13917,272.04,2,141,78.05,98.26,Bottom 50%
14816,271.85,1,0,78.08,98.27,Bottom 50%
13058,271.4,3,127,78.1,98.27,Bottom 50%
17767,271.2,1,0,78.12,98.27,Bottom 50%
17254,271.19,2,10,78.15,98.28,Bottom 50%
17496,271.05,1,0,78.17,98.28,Bottom 50%
18108,271,2,5,78.19,98.28,Bottom 50%
17011,270.9,1,0,78.22,98.29,Bottom 50%
15774,270.8,1,0,78.24,98.29,Bottom 50%
14520,270.6,2,289,78.26,98.29,Bottom 50%
13242,270.4,3,101,78.28,98.29,Bottom 50%
12558,269.96,2,5,78.31,98.3,Bottom 50%
17251,269.83,1,0,78.33,98.3,Bottom 50%
13533,269.09,3,84,78.35,98.3,Bottom 50%
14727,268.58,1,0,78.38,98.31,Bottom 50%
14508,268.05,2,67,78.4,98.31,Bottom 50%
15408,267.18,1,0,78.42,98.31,Bottom 50%
17550,267.16,3,45,78.45,98.32,Bottom 50%
15320,267.13,1,0,78.47,98.32,Bottom 50%
15517,267.03,1,0,78.49,98.32,Bottom 50%
16451,266.97,1,0,78.52,98.32,Bottom 50%
17786,266.85,2,231,78.54,98.33,Bottom 50%
14863,266.76,1,0,78.56,98.33,Bottom 50%
13837,266.59,2,105,78.58,98.33,Bottom 50%
15119,266.4,1,0,78.61,98.34,Bottom 50%
12962,266.39,2,106,78.63,98.34,Bottom 50%
14068,265.85,1,0,78.65,98.34,Bottom 50%
17430,265.76,2,332,78.68,98.35,Bottom 50%
14423,265.2,1,0,78.7,98.35,Bottom 50%
17968,265.1,1,0,78.72,98.35,Bottom 50%
13973,264.7,1,0,78.75,98.35,Bottom 50%
15912,264.62,2,54,78.77,98.36,Bottom 50%
17403,263.92,1,0,78.79,98.36,Bottom 50%
17708,263.33,2,137,78.82,98.36,Bottom 50%
12492,263.21,2,42,78.84,98.37,Bottom 50%
17194,262.62,2,86,78.86,98.37,Bottom 50%
16413,262.2,1,0,78.88,98.37,Bottom 50%
16936,261.9,1,0,78.91,98.38,Bottom 50%
13189,260.68,2,96,78.93,98.38,Bottom 50%
14053,260.25,2,35,78.95,98.38,Bottom 50%
15143,259.45,1,0,78.98,98.38,Bottom 50%
13127,259.17,1,0,79,98.39,Bottom 50%
14452,259.05,2,83,79.02,98.39,Bottom 50%
15577,258.88,3,154,79.05,98.39,Bottom 50%
13277,258.4,4,117,79.07,98.4,Bottom 50%
15894,258.25,2,115,79.09,98.4,Bottom 50%
13227,257.7,1,0,79.11,98.4,Bottom 50%
15014,257.67,2,133,79.14,98.4,Bottom 50%
13626,257.23,1,0,79.16,98.41,Bottom 50%
16048,256.44,3,287,79.18,98.41,Bottom 50%
12430,256.4,1,0,79.21,98.41,Bottom 50%
13806,256.38,1,0,79.23,98.42,Bottom 50%
16727,256.32,1,0,79.25,98.42,Bottom 50%
17896,256.32,1,0,79.28,98.42,Bottom 50%
17385,256.11,1,0,79.3,98.42,Bottom 50%
16447,255.91,1,0,79.32,98.43,Bottom 50%
15277,255.9,1,0,79.35,98.43,Bottom 50%
14761,255.9,2,276,79.37,98.43,Bottom 50%
14881,255.4,1,0,79.39,98.44,Bottom 50%
16226,255.12,3,32,79.41,98.44,Bottom 50%
15261,254.82,1,0,79.44,98.44,Bottom 50%
15154,254.28,2,1,79.46,98.44,Bottom 50%
12604,254.18,2,182,79.48,98.45,Bottom 50%
14765,254.11,3,147,79.51,98.45,Bottom 50%
15689,254.1,2,241,79.53,98.45,Bottom 50%
12797,254.03,3,5,79.55,98.46,Bottom 50%
15759,253.04,3,139,79.58,98.46,Bottom 50%
15019,252.81,1,0,79.6,98.46,Bottom 50%
15035,252.73,1,0,79.62,98.46,Bottom 50%
13404,252.49,2,211,79.64,98.47,Bottom 50%
15346,252.42,1,0,79.67,98.47,Bottom 50%
13645,252.1,1,0,79.69,98.47,Bottom 50%
13711,252.06,2,0,79.71,98.48,Bottom 50%
16330,251.91,4,94,79.74,98.48,Bottom 50%
16836,251.87,2,76,79.76,98.48,Bottom 50%
17155,251.7,2,160,79.78,98.48,Bottom 50%
16976,251.52,1,0,79.81,98.49,Bottom 50%
13512,251.21,1,0,79.83,98.49,Bottom 50%
14501,251.21,3,255,79.85,98.49,Bottom 50%
16024,251.03,1,0,79.88,98.5,Bottom 50%
13207,250.26,2,135,79.9,98.5,Bottom 50%
16596,250.15,2,350,79.92,98.5,Bottom 50%
17303,250.04,1,0,79.94,98.5,Bottom 50%
15510,250,1,0,79.97,98.51,Bottom 50%
17456,249.86,1,0,79.99,98.51,Bottom 50%
16124,249,2,1,80.01,98.51,Bottom 50%
13061,248.61,1,0,80.04,98.52,Bottom 50%
16510,248.1,1,0,80.06,98.52,Bottom 50%
15097,248.08,1,0,80.08,98.52,Bottom 50%
13592,247.96,4,228,80.11,98.52,Bottom 50%
18072,247.44,2,30,80.13,98.53,Bottom 50%
18009,247.39,2,0,80.15,98.53,Bottom 50%
13349,247.32,1,0,80.18,98.53,Bottom 50%
14658,247.15,2,111,80.2,98.53,Bottom 50%
15783,246.3,1,0,80.22,98.54,Bottom 50%
17278,246.04,1,0,80.24,98.54,Bottom 50%
16778,245.94,2,199,80.27,98.54,Bottom 50%
17771,245.81,2,266,80.29,98.55,Bottom 50%
12660,245.1,1,0,80.31,98.55,Bottom 50%
15118,244.8,1,0,80.34,98.55,Bottom 50%
16528,244.41,1,0,80.36,98.55,Bottom 50%
17892,244.1,3,99,80.38,98.56,Bottom 50%
17925,244.08,1,0,80.41,98.56,Bottom 50%
13103,243.94,1,0,80.43,98.56,Bottom 50%
16793,243.84,1,0,80.45,98.57,Bottom 50%
18193,243.76,3,215,80.47,98.57,Bottom 50%
13886,243.56,1,0,80.5,98.57,Bottom 50%
15634,243.55,1,0,80.52,98.57,Bottom 50%
17339,243.36,2,270,80.54,98.58,Bottom 50%
16601,242.7,1,0,80.57,98.58,Bottom 50%
16215,242.35,1,0,80.59,98.58,Bottom 50%
15776,241.62,1,0,80.61,98.58,Bottom 50%
14523,241.09,1,0,80.64,98.59,Bottom 50%
16427,241.06,2,21,80.66,98.59,Bottom 50%
17051,240.89,1,0,80.68,98.59,Bottom 50%
15598,240.68,3,17,80.71,98.6,Bottom 50%
15286,240.55,1,0,80.73,98.6,Bottom 50%
13565,240.22,2,315,80.75,98.6,Bottom 50%
17256,240,2,204,80.77,98.6,Bottom 50%
17181,239.92,2,316,80.8,98.61,Bottom 50%
15690,239.76,2,96,80.82,98.61,Bottom 50%
13570,239.49,1,0,80.84,98.61,Bottom 50%
17684,239.41,1,0,80.87,98.61,Bottom 50%
16756,239.4,1,0,80.89,98.62,Bottom 50%
12561,238.85,1,0,80.91,98.62,Bottom 50%
12718,238.25,1,0,80.94,98.62,Bottom 50%
17877,237.61,1,0,80.96,98.62,Bottom 50%
14586,237.36,3,49,80.98,98.63,Bottom 50%
15457,237.07,1,0,81.01,98.63,Bottom 50%
12732,236.26,1,0,81.03,98.63,Bottom 50%
16026,236.09,1,0,81.05,98.64,Bottom 50%
14647,236.04,1,0,81.07,98.64,Bottom 50%
13187,236.02,1,0,81.1,98.64,Bottom 50%
14375,235.56,1,0,81.12,98.64,Bottom 50%
15850,234.88,2,148,81.14,98.65,Bottom 50%
15462,234.6,3,92,81.17,98.65,Bottom 50%
14473,234.34,2,208,81.19,98.65,Bottom 50%
17060,234.24,1,0,81.21,98.65,Bottom 50%
16961,234.17,1,0,81.24,98.66,Bottom 50%
12736,234,1,0,81.26,98.66,Bottom 50%
13348,233.76,1,0,81.28,98.66,Bottom 50%
16583,233.45,1,0,81.3,98.66,Bottom 50%
16302,233.22,2,18,81.33,98.67,Bottom 50%
13678,232.6,1,0,81.35,98.67,Bottom 50%
18213,232.48,1,0,81.37,98.67,Bottom 50%
16117,232.21,1,0,81.4,98.67,Bottom 50%
17908,232.03,1,0,81.42,98.68,Bottom 50%
14995,231.98,2,241,81.44,98.68,Bottom 50%
15393,231.86,2,264,81.47,98.68,Bottom 50%
17111,231.61,1,0,81.49,98.69,Bottom 50%
16641,231.1,1,0,81.51,98.69,Bottom 50%
18030,230.65,3,38,81.54,98.69,Bottom 50%
16445,230.51,1,0,81.56,98.69,Bottom 50%
17125,230.5,1,0,81.58,98.7,Bottom 50%
13786,230.4,1,0,81.6,98.7,Bottom 50%
16926,230.25,1,0,81.63,98.7,Bottom 50%
13960,230.22,2,50,81.65,98.7,Bottom 50%
12812,229.64,1,0,81.67,98.71,Bottom 50%
13008,229.47,2,37,81.7,98.71,Bottom 50%
15528,229.33,1,0,81.72,98.71,Bottom 50%
14793,228.99,2,17,81.74,98.71,Bottom 50%
17347,228.96,1,0,81.77,98.72,Bottom 50%
13146,228.91,1,0,81.79,98.72,Bottom 50%
13712,228.84,1,0,81.81,98.72,Bottom 50%
13070,228.8,1,0,81.83,98.72,Bottom 50%
17969,228.2,2,194,81.86,98.73,Bottom 50%
16527,228.06,1,0,81.88,98.73,Bottom 50%
14569,227.39,1,0,81.9,98.73,Bottom 50%
17212,226.85,1,0,81.93,98.73,Bottom 50%
13474,226.84,1,0,81.95,98.74,Bottom 50%
17572,226.75,4,302,81.97,98.74,Bottom 50%
18005,226.47,2,43,82,98.74,Bottom 50%
17860,226.45,1,0,82.02,98.74,Bottom 50%
16315,226.37,1,0,82.04,98.75,Bottom 50%
16619,226.21,2,10,82.07,98.75,Bottom 50%
17789,225.9,1,0,82.09,98.75,Bottom 50%
12672,225.9,1,0,82.11,98.75,Bottom 50%
14624,225.85,2,1,82.13,98.76,Bottom 50%
12402,225.6,1,0,82.16,98.76,Bottom 50%
16690,225.58,3,158,82.18,98.76,Bottom 50%
14052,225.36,1,0,82.2,98.76,Bottom 50%
15483,225.26,4,105,82.23,98.77,Bottom 50%
16587,225.15,1,0,82.25,98.77,Bottom 50%
14357,225.12,1,0,82.27,98.77,Bottom 50%
17171,224.91,1,0,82.3,98.78,Bottom 50%
15175,224.14,1,0,82.32,98.78,Bottom 50%
16471,223.95,1,0,82.34,98.78,Bottom 50%
16753,223.92,1,0,82.37,98.78,Bottom 50%
14929,223.88,1,0,82.39,98.79,Bottom 50%
13926,223.85,1,0,82.41,98.79,Bottom 50%
15637,223.36,1,0,82.43,98.79,Bottom 50%
17534,223.36,1,0,82.46,98.79,Bottom 50%
13382,222.99,1,0,82.48,98.8,Bottom 50%
16777,222.62,2,176,82.5,98.8,Bottom 50%
18101,222.4,2,132,82.53,98.8,Bottom 50%
14598,221.97,1,0,82.55,98.8,Bottom 50%
14960,221.27,2,162,82.57,98.81,Bottom 50%
13419,221.06,1,0,82.6,98.81,Bottom 50%
16482,220.62,1,0,82.62,98.81,Bottom 50%
13079,220.1,5,136,82.64,98.82,Bottom 50%
18114,220.1,1,0,82.66,98.82,Bottom 50%
13600,219.52,1,0,82.69,98.82,Bottom 50%
15096,219.39,1,0,82.71,98.82,Bottom 50%
12702,219,1,0,82.73,98.82,Bottom 50%
15790,218.75,1,0,82.76,98.83,Bottom 50%
13669,218.55,2,98,82.78,98.83,Bottom 50%
12574,218.45,1,0,82.8,98.83,Bottom 50%
15724,218.25,3,83,82.83,98.83,Bottom 50%
14570,218.06,2,0,82.85,98.83,Bottom 50%
16634,217.9,2,149,82.87,98.84,Bottom 50%
16392,217.89,1,0,82.9,98.84,Bottom 50%
15554,217.2,1,0,82.92,98.84,Bottom 50%
16080,217.16,3,192,82.94,98.84,Bottom 50%
13739,216.9,1,0,82.96,98.85,Bottom 50%
13503,216.85,1,0,82.99,98.85,Bottom 50%
12897,216.5,2,97,83.01,98.85,Bottom 50%
15604,216.39,1,0,83.03,98.85,Bottom 50%
17436,216.3,2,225,83.06,98.86,Bottom 50%
14104,216.21,2,11,83.08,98.86,Bottom 50%
13858,216.17,1,0,83.1,98.86,Bottom 50%
18212,216.07,1,0,83.13,98.86,Bottom 50%
16179,215.83,1,0,83.15,98.87,Bottom 50%
17580,215.72,3,105,83.17,98.87,Bottom 50%
16189,215.48,2,69,83.2,98.87,Bottom 50%
16519,215.08,2,340,83.22,98.88,Bottom 50%
16190,215.08,1,0,83.24,98.88,Bottom 50%
12831,215.05,1,0,83.26,98.88,Bottom 50%
12588,214.9,1,0,83.29,98.88,Bottom 50%
16338,214.8,1,0,83.31,98.88,Bottom 50%
17619,214.37,1,0,83.33,98.89,Bottom 50%
16846,214.32,1,0,83.36,98.89,Bottom 50%
15460,214.26,1,0,83.38,98.89,Bottom 50%
16647,214.06,2,35,83.4,98.89,Bottom 50%
14601,213.96,1,0,83.43,98.9,Bottom 50%
13621,213.85,1,0,83.45,98.9,Bottom 50%
17153,213.78,1,0,83.47,98.9,Bottom 50%
14241,213.7,1,0,83.49,98.9,Bottom 50%
13411,213.55,1,0,83.52,98.91,Bottom 50%
16591,213.5,1,0,83.54,98.91,Bottom 50%
15540,213.3,1,0,83.56,98.91,Bottom 50%
17928,212.54,2,200,83.59,98.91,Bottom 50%
15866,211.89,1,0,83.61,98.91,Bottom 50%
16017,211.88,1,0,83.63,98.92,Bottom 50%
16356,211.77,4,79,83.66,98.92,Bottom 50%
16411,211.7,2,349,83.68,98.92,Bottom 50%
15703,211.5,1,0,83.7,98.92,Bottom 50%
13271,211.49,2,0,83.73,98.93,Bottom 50%
12995,211.32,2,7,83.75,98.93,Bottom 50%
13532,210.31,1,0,83.77,98.93,Bottom 50%
13828,209.49,1,0,83.79,98.93,Bottom 50%
17855,208.97,1,0,83.82,98.94,Bottom 50%
15327,208.75,1,0,83.84,98.94,Bottom 50%
17514,208.65,1,0,83.86,98.94,Bottom 50%
15897,208.59,2,0,83.89,98.94,Bottom 50%
16457,208.36,1,0,83.91,98.95,Bottom 50%
18191,207.8,1,0,83.93,98.95,Bottom 50%
12547,207.8,2,82,83.96,98.95,Bottom 50%
16866,207.74,3,20,83.98,98.95,Bottom 50%
15052,207.73,1,0,84,98.95,Bottom 50%
17923,207.5,1,0,84.02,98.96,Bottom 50%
16323,207.5,1,0,84.05,98.96,Bottom 50%
16752,207.5,1,0,84.07,98.96,Bottom 50%
13099,207.36,1,0,84.09,98.96,Bottom 50%
15925,207.15,1,0,84.12,98.97,Bottom 50%
15820,206.98,1,0,84.14,98.97,Bottom 50%
17166,206.34,3,165,84.16,98.97,Bottom 50%
14964,206.21,1,0,84.19,98.97,Bottom 50%
13065,205.86,1,0,84.21,98.98,Bottom 50%
17670,205.7,1,0,84.23,98.98,Bottom 50%
17843,205.48,1,0,84.26,98.98,Bottom 50%
15307,205.3,1,0,84.28,98.98,Bottom 50%
15758,205.25,1,0,84.3,98.99,Bottom 50%
13513,205.1,1,0,84.32,98.99,Bottom 50%
15319,204.5,1,0,84.35,98.99,Bottom 50%
17206,204.24,1,0,84.37,98.99,Bottom 50%
18273,204,3,255,84.39,99,Bottom 50%
13017,204,1,0,84.42,99,Bottom 50%
17187,203.95,1,0,84.44,99,Bottom 50%
17394,203.87,1,0,84.46,99,Bottom 50%
17891,203.86,1,0,84.49,99,Bottom 50%
17376,203.2,2,240,84.51,99.01,Bottom 50%
14381,202.68,1,0,84.53,99.01,Bottom 50%
18169,202.65,1,0,84.56,99.01,Bottom 50%
14984,202.37,2,161,84.58,99.01,Bottom 50%
16895,202.27,1,0,84.6,99.01,Bottom 50%
14385,202.11,3,14,84.62,99.02,Bottom 50%
13428,201.78,1,0,84.65,99.02,Bottom 50%
15347,201.6,1,0,84.67,99.02,Bottom 50%
17889,201.37,2,109,84.69,99.02,Bottom 50%
13295,201.2,2,12,84.72,99.03,Bottom 50%
16965,201.19,1,0,84.74,99.03,Bottom 50%
13284,201.19,2,8,84.76,99.03,Bottom 50%
13859,201.16,1,0,84.79,99.03,Bottom 50%
17988,201.12,8,314,84.81,99.04,Bottom 50%
18126,200.92,1,0,84.83,99.04,Bottom 50%
17693,200.47,3,1,84.85,99.04,Bottom 50%
13262,200.29,1,0,84.88,99.04,Bottom 50%
16415,200.27,1,0,84.9,99.04,Bottom 50%
15437,200.16,1,0,84.92,99.05,Bottom 50%
13980,200.14,1,0,84.95,99.05,Bottom 50%
14782,200.1,1,0,84.97,99.05,Bottom 50%
13723,199.85,1,0,84.99,99.05,Bottom 50%
15593,199.8,1,0,85.02,99.06,Bottom 50%
13322,199.48,1,0,85.04,99.06,Bottom 50%
16832,199.15,3,33,85.06,99.06,Bottom 50%
18110,198.8,2,0,85.09,99.06,Bottom 50%
17987,198.57,1,0,85.11,99.06,Bottom 50%
16178,197.9,1,0,85.13,99.07,Bottom 50%
12450,197.88,2,17,85.15,99.07,Bottom 50%
12581,197.71,1,0,85.18,99.07,Bottom 50%
14185,197.65,1,0,85.2,99.07,Bottom 50%
14789,197.64,1,0,85.22,99.08,Bottom 50%
16829,197.22,1,0,85.25,99.08,Bottom 50%
15234,197,1,0,85.27,99.08,Bottom 50%
12586,196.94,2,351,85.29,99.08,Bottom 50%
13436,196.89,1,0,85.32,99.08,Bottom 50%
15746,196.88,2,0,85.34,99.09,Bottom 50%
13978,196.79,2,30,85.36,99.09,Bottom 50%
16112,195.74,4,195,85.38,99.09,Bottom 50%
13792,195.55,2,221,85.41,99.09,Bottom 50%
17010,195.36,2,1,85.43,99.1,Bottom 50%
14666,195.25,1,0,85.45,99.1,Bottom 50%
15612,195.15,2,25,85.48,99.1,Bottom 50%
17475,194.37,1,0,85.5,99.1,Bottom 50%
15683,193.75,1,0,85.52,99.1,Bottom 50%
17343,193.64,1,0,85.55,99.11,Bottom 50%
15198,193.64,2,31,85.57,99.11,Bottom 50%
16847,193.44,1,0,85.59,99.11,Bottom 50%
14806,193.39,1,0,85.62,99.12,Bottom 50%
17383,193.39,1,0,85.64,99.12,Bottom 50%
14476,193,1,0,85.66,99.12,Bottom 50%
12522,192.72,2,12,85.68,99.12,Bottom 50%
12791,192.6,1,0,85.71,99.12,Bottom 50%
14768,192.6,3,109,85.73,99.12,Bottom 50%
16887,192.33,1,0,85.75,99.13,Bottom 50%
17608,191.99,2,0,85.78,99.13,Bottom 50%
14100,191.95,1,0,85.8,99.13,Bottom 50%
15909,191.94,1,0,85.82,99.13,Bottom 50%
14087,191.47,2,0,85.85,99.13,Bottom 50%
15692,191.04,1,0,85.87,99.14,Bottom 50%
17233,190.88,1,0,85.89,99.14,Bottom 50%
15723,190.7,1,0,85.92,99.14,Bottom 50%
13033,190.55,1,0,85.94,99.14,Bottom 50%
15412,190.53,1,0,85.96,99.15,Bottom 50%
13972,190.25,2,131,85.98,99.15,Bottom 50%
12361,189.9,1,0,86.01,99.15,Bottom 50%
13826,189.5,2,18,86.03,99.15,Bottom 50%
13663,189.47,1,0,86.05,99.15,Bottom 50%
14801,189.34,1,0,86.08,99.16,Bottom 50%
14830,188.88,1,0,86.1,99.16,Bottom 50%
14697,188.61,2,0,86.12,99.16,Bottom 50%
17781,188.02,2,93,86.15,99.16,Bottom 50%
17279,187.83,1,0,86.17,99.16,Bottom 50%
18013,187.29,2,0,86.19,99.17,Bottom 50%
13568,187.05,1,0,86.21,99.17,Bottom 50%
17440,186.42,5,99,86.24,99.17,Bottom 50%
13672,186.39,6,32,86.26,99.17,Bottom 50%
14551,186.23,2,185,86.28,99.17,Bottom 50%
15567,186.01,1,0,86.31,99.18,Bottom 50%
12641,185.9,1,0,86.33,99.18,Bottom 50%
17574,185.65,1,0,86.35,99.18,Bottom 50%
14199,185.4,1,0,86.38,99.18,Bottom 50%
16097,185.05,1,0,86.4,99.19,Bottom 50%
13482,184.64,1,0,86.42,99.19,Bottom 50%
17680,184.4,1,0,86.45,99.19,Bottom 50%
16433,184.26,1,0,86.47,99.19,Bottom 50%
15124,184.19,2,169,86.49,99.19,Bottom 50%
14326,183.85,2,7,86.51,99.2,Bottom 50%
16914,183.76,1,0,86.54,99.2,Bottom 50%
16680,183.7,1,0,86.56,99.2,Bottom 50%
14059,183.6,1,0,86.58,99.2,Bottom 50%
13460,183.44,2,20,86.61,99.2,Bottom 50%
13059,183.4,1,0,86.63,99.21,Bottom 50%
14966,183.02,1,0,86.65,99.21,Bottom 50%
16448,182.99,1,0,86.68,99.21,Bottom 50%
14082,182.25,1,0,86.7,99.21,Bottom 50%
16594,181.09,1,0,86.72,99.22,Bottom 50%
15886,181.09,1,0,86.75,99.22,Bottom 50%
17904,181.07,2,0,86.77,99.22,Bottom 50%
15945,181,1,0,86.79,99.22,Bottom 50%
16835,180.85,2,244,86.81,99.22,Bottom 50%
18119,180.7,1,0,86.84,99.22,Bottom 50%
18280,180.6,1,0,86.86,99.23,Bottom 50%
13710,180.48,1,0,86.88,99.23,Bottom 50%
14722,180.42,1,0,86.91,99.23,Bottom 50%
12622,180.1,1,0,86.93,99.23,Bottom 50%
15041,179.93,1,0,86.95,99.23,Bottom 50%
18147,179.34,2,62,86.98,99.24,Bottom 50%
15895,179.17,1,0,87,99.24,Bottom 50%
15454,179.1,1,0,87.02,99.24,Bottom 50%
16990,179,1,0,87.04,99.24,Bottom 50%
14705,179,1,0,87.07,99.24,Bottom 50%
16620,178.96,2,257,87.09,99.25,Bottom 50%
15139,178.96,2,96,87.11,99.25,Bottom 50%
15262,178.95,1,0,87.14,99.25,Bottom 50%
17660,178.75,1,0,87.16,99.25,Bottom 50%
13778,178.7,1,0,87.18,99.25,Bottom 50%
17879,178.52,1,0,87.21,99.26,Bottom 50%
15292,178.39,1,0,87.23,99.26,Bottom 50%
18045,178.34,1,0,87.25,99.26,Bottom 50%
17253,178.26,1,0,87.28,99.26,Bottom 50%
17356,178.22,1,0,87.3,99.26,Bottom 50%
18282,178.05,3,118,87.32,99.27,Bottom 50%
16403,177.5,2,10,87.34,99.27,Bottom 50%
13618,177.34,1,0,87.37,99.27,Bottom 50%
12618,177.31,1,0,87.39,99.27,Bottom 50%
13072,177.15,1,0,87.41,99.27,Bottom 50%
17947,176.68,1,0,87.44,99.28,Bottom 50%
14287,176.63,4,190,87.46,99.28,Bottom 50%
12893,176.55,1,0,87.48,99.28,Bottom 50%
12509,176.5,1,0,87.51,99.28,Bottom 50%
18274,175.92,2,12,87.53,99.28,Bottom 50%
17582,175.27,1,0,87.55,99.29,Bottom 50%
17331,175.2,1,0,87.57,99.29,Bottom 50%
16144,175.2,1,0,87.6,99.29,Bottom 50%
18010,174.8,1,0,87.62,99.29,Bottom 50%
14355,174.4,1,0,87.64,99.29,Bottom 50%
14518,174.37,1,0,87.67,99.3,Bottom 50%
18278,173.9,1,0,87.69,99.3,Bottom 50%
16861,173.76,3,308,87.71,99.3,Bottom 50%
14798,173.74,3,257,87.74,99.3,Bottom 50%
16565,173.7,1,0,87.76,99.3,Bottom 50%
12441,173.55,1,0,87.78,99.31,Bottom 50%
17772,173.45,2,0,87.81,99.31,Bottom 50%
15565,173.16,2,20,87.83,99.31,Bottom 50%
15670,173.05,1,0,87.85,99.31,Bottom 50%
14693,172.9,1,0,87.87,99.31,Bottom 50%
12923,172.82,1,0,87.9,99.32,Bottom 50%
18048,172.29,2,0,87.92,99.32,Bottom 50%
13922,172.25,1,0,87.94,99.32,Bottom 50%
13690,172.25,1,0,87.97,99.32,Bottom 50%
12442,172.06,1,0,87.99,99.32,Bottom 50%
16773,171.59,1,0,88.01,99.33,Bottom 50%
17245,171.45,1,0,88.04,99.33,Bottom 50%
13560,171.42,1,0,88.06,99.33,Bottom 50%
15432,171.19,1,0,88.08,99.33,Bottom 50%
14536,170.95,1,0,88.11,99.33,Bottom 50%
17542,170.75,1,0,88.13,99.34,Bottom 50%
14860,170.32,2,10,88.15,99.34,Bottom 50%
15335,170.22,1,0,88.17,99.34,Bottom 50%
18058,170.16,1,0,88.2,99.34,Bottom 50%
15016,170.04,1,0,88.22,99.34,Bottom 50%
13962,169.55,2,223,88.24,99.34,Bottom 50%
14218,169.48,1,0,88.27,99.35,Bottom 50%
12367,168.9,1,0,88.29,99.35,Bottom 50%
14578,168.63,1,0,88.31,99.35,Bottom 50%
18269,168.6,2,8,88.34,99.35,Bottom 50%
18099,168.31,1,0,88.36,99.36,Bottom 50%
15888,168.31,2,0,88.38,99.36,Bottom 50%
16282,168.3,1,0,88.4,99.36,Bottom 50%
17737,168.24,2,49,88.43,99.36,Bottom 50%
15986,168.12,1,0,88.45,99.36,Bottom 50%
15374,168,1,0,88.47,99.37,Bottom 50%
12551,168,1,0,88.5,99.37,Bottom 50%
16952,167.61,2,0,88.52,99.37,Bottom 50%
17367,167.55,1,0,88.54,99.37,Bottom 50%
15920,167.5,4,0,88.57,99.37,Bottom 50%
16405,167.25,2,7,88.59,99.37,Bottom 50%
14295,166.2,2,292,88.61,99.38,Bottom 50%
17650,166.08,1,0,88.64,99.38,Bottom 50%
12817,166.04,1,0,88.66,99.38,Bottom 50%
18088,166.03,1,0,88.68,99.38,Bottom 50%
17561,165.12,1,0,88.7,99.38,Bottom 50%
18042,165.05,1,0,88.73,99.38,Bottom 50%
13470,165,2,15,88.75,99.39,Bottom 50%
15316,165,1,0,88.77,99.39,Bottom 50%
15904,164.68,1,0,88.8,99.39,Bottom 50%
17535,164.4,1,0,88.82,99.39,Bottom 50%
13603,164.34,1,0,88.84,99.39,Bottom 50%
14552,164.22,1,0,88.87,99.4,Bottom 50%
14354,163.62,2,24,88.89,99.4,Bottom 50%
17110,163.3,1,0,88.91,99.4,Bottom 50%
17301,163.24,1,0,88.93,99.4,Bottom 50%
13223,163.2,2,31,88.96,99.4,Bottom 50%
14485,162.8,1,0,88.98,99.4,Bottom 50%
12920,162.78,1,0,89,99.41,Bottom 50%
16517,162.7,1,0,89.03,99.41,Bottom 50%
15733,162.3,1,0,89.05,99.41,Bottom 50%
18014,162.22,1,0,89.07,99.41,Bottom 50%
15325,161.74,1,0,89.1,99.41,Bottom 50%
17600,161.67,1,0,89.12,99.42,Bottom 50%
15458,161.64,1,0,89.14,99.42,Bottom 50%
16113,161.38,1,0,89.17,99.42,Bottom 50%
14237,161,1,0,89.19,99.42,Bottom 50%
13229,160.95,1,0,89.21,99.42,Bottom 50%
15852,160.71,2,10,89.23,99.42,Bottom 50%
12573,160.54,1,0,89.26,99.43,Bottom 50%
18203,160.42,1,0,89.28,99.43,Bottom 50%
18146,160.35,2,79,89.3,99.43,Bottom 50%
14714,160.19,1,0,89.33,99.43,Bottom 50%
12966,160.18,1,0,89.35,99.43,Bottom 50%
13598,160.04,2,0,89.37,99.44,Bottom 50%
13420,159.85,4,36,89.4,99.44,Bottom 50%
16213,159,1,0,89.42,99.44,Bottom 50%
18224,158.95,1,0,89.44,99.44,Bottom 50%
13937,158.85,1,0,89.47,99.44,Bottom 50%
15167,158.8,1,0,89.49,99.44,Bottom 50%
14089,158.75,1,0,89.51,99.45,Bottom 50%
17165,158.68,1,0,89.53,99.45,Bottom 50%
15160,158.16,1,0,89.56,99.45,Bottom 50%
15348,158.04,1,0,89.58,99.45,Bottom 50%
18004,157.92,1,0,89.6,99.45,Bottom 50%
17556,157.9,1,0,89.63,99.46,Bottom 50%
14799,157.7,1,0,89.65,99.46,Bottom 50%
17344,157.62,1,0,89.67,99.46,Bottom 50%
14148,157.2,1,0,89.7,99.46,Bottom 50%
17128,157.09,1,0,89.72,99.46,Bottom 50%
14585,157.05,1,0,89.74,99.46,Bottom 50%
17118,157.02,1,0,89.76,99.47,Bottom 50%
15007,156.91,1,0,89.79,99.47,Bottom 50%
15988,156.78,1,0,89.81,99.47,Bottom 50%
14406,156.75,1,0,89.83,99.47,Bottom 50%
15438,156.58,1,0,89.86,99.47,Bottom 50%
15263,156.51,1,0,89.88,99.47,Bottom 50%
17885,156.34,1,0,89.9,99.48,Bottom 50%
13898,155.93,1,0,89.93,99.48,Bottom 50%
17871,155.9,1,0,89.95,99.48,Bottom 50%
17832,155.37,1,0,89.97,99.48,Bottom 50%
12738,155.35,1,0,90,99.48,Bottom 50%
15447,155.17,1,0,90.02,99.49,Bottom 50%
13809,155.05,1,0,90.04,99.49,Bottom 50%
14368,155,1,0,90.06,99.49,Bottom 50%
14046,154.99,1,0,90.09,99.49,Bottom 50%
17698,154.95,1,0,90.11,99.49,Bottom 50%
15740,154.88,1,0,90.13,99.49,Bottom 50%
17026,154.83,2,184,90.16,99.5,Bottom 50%
17899,154.55,1,0,90.18,99.5,Bottom 50%
15226,154.41,1,0,90.2,99.5,Bottom 50%
16406,154.35,1,0,90.23,99.5,Bottom 50%
16921,154.18,1,0,90.25,99.5,Bottom 50%
17517,153.94,1,0,90.27,99.5,Bottom 50%
16351,153.9,1,0,90.3,99.51,Bottom 50%
12602,153.12,1,0,90.32,99.51,Bottom 50%
17714,153,1,0,90.34,99.51,Bottom 50%
16720,152.95,1,0,90.36,99.51,Bottom 50%
16248,152.94,1,0,90.39,99.51,Bottom 50%
14813,152.88,2,0,90.41,99.51,Bottom 50%
17984,152.68,1,0,90.43,99.52,Bottom 50%
18138,152.65,1,0,90.46,99.52,Bottom 50%
14066,152.55,1,0,90.48,99.52,Bottom 50%
17707,152.4,2,151,90.5,99.52,Bottom 50%
13514,152.2,1,0,90.53,99.53,Bottom 50%
14039,152.2,1,0,90.55,99.53,Bottom 50%
17898,152.06,2,121,90.57,99.53,Bottom 50%
16617,151.85,1,0,90.59,99.53,Bottom 50%
14208,151.74,1,0,90.62,99.53,Bottom 50%
14362,151.5,1,0,90.64,99.53,Bottom 50%
13462,151.5,2,69,90.66,99.53,Bottom 50%
17286,151.37,1,0,90.69,99.54,Bottom 50%
13697,151.3,1,0,90.71,99.54,Bottom 50%
16337,151.05,1,0,90.73,99.54,Bottom 50%
14073,151.04,2,11,90.76,99.54,Bottom 50%
14204,150.61,1,0,90.78,99.54,Bottom 50%
18200,150.35,1,0,90.8,99.54,Bottom 50%
15717,150.3,1,0,90.83,99.55,Bottom 50%
16932,150.23,1,0,90.85,99.55,Bottom 50%
17234,149.89,1,0,90.87,99.55,Bottom 50%
15869,149.64,2,0,90.89,99.55,Bottom 50%
17946,149.58,2,26,90.92,99.55,Bottom 50%
18262,149.48,1,0,90.94,99.55,Bottom 50%
15435,149.29,1,0,90.96,99.56,Bottom 50%
13003,149.05,3,109,90.99,99.56,Bottom 50%
17549,148.86,2,27,91.01,99.56,Bottom 50%
15526,148.44,2,0,91.03,99.56,Bottom 50%
14968,147.59,1,0,91.06,99.56,Bottom 50%
14098,147.35,1,0,91.08,99.56,Bottom 50%
14037,147.2,2,188,91.1,99.57,Bottom 50%
12864,147.12,1,0,91.12,99.57,Bottom 50%
17030,146.87,1,0,91.15,99.57,Bottom 50%
14238,146.85,1,0,91.17,99.57,Bottom 50%
16893,145.93,1,0,91.19,99.57,Bottom 50%
12565,145.92,2,7,91.22,99.57,Bottom 50%
17935,145.79,2,3,91.24,99.58,Bottom 50%
13866,145.67,1,0,91.26,99.58,Bottom 50%
15937,145.35,1,0,91.29,99.58,Bottom 50%
16598,145.05,2,8,91.31,99.58,Bottom 50%
17524,145,1,0,91.33,99.58,Bottom 50%
16852,144.91,2,165,91.36,99.58,Bottom 50%
12974,144.8,1,0,91.38,99.59,Bottom 50%
15748,144.36,1,0,91.4,99.59,Bottom 50%
14109,144.2,2,49,91.42,99.59,Bottom 50%
12587,144,1,0,91.45,99.59,Bottom 50%
17186,144,2,13,91.47,99.59,Bottom 50%
17578,143.46,2,27,91.49,99.59,Bottom 50%
15705,143.1,1,0,91.52,99.59,Bottom 50%
16461,142.92,1,0,91.54,99.6,Bottom 50%
13299,142.5,1,0,91.56,99.6,Bottom 50%
16287,142.5,1,0,91.59,99.6,Bottom 50%
13584,142.4,1,0,91.61,99.6,Bottom 50%
14386,142.4,1,0,91.63,99.6,Bottom 50%
17859,141.92,1,0,91.66,99.6,Bottom 50%
13561,141.86,1,0,91.68,99.61,Bottom 50%
14041,141.41,1,0,91.7,99.61,Bottom 50%
15503,141.04,1,0,91.72,99.61,Bottom 50%
15388,140.54,1,0,91.75,99.61,Bottom 50%
13483,140.34,1,0,91.77,99.61,Bottom 50%
14494,139.56,1,0,91.79,99.61,Bottom 50%
17718,139.35,1,0,91.82,99.62,Bottom 50%
16483,139.35,1,0,91.84,99.62,Bottom 50%
14772,139.26,1,0,91.86,99.62,Bottom 50%
18209,139.1,1,0,91.89,99.62,Bottom 50%
15135,139.05,2,5,91.91,99.62,Bottom 50%
13273,138.98,1,0,91.93,99.62,Bottom 50%
12902,138.68,1,0,91.95,99.63,Bottom 50%
14581,138.6,1,0,91.98,99.63,Bottom 50%
17122,138.32,1,0,92,99.63,Bottom 50%
13716,138.28,1,0,92.02,99.63,Bottom 50%
15663,138.14,1,0,92.05,99.63,Bottom 50%
16050,137.9,1,0,92.07,99.63,Bottom 50%
13279,137.75,2,14,92.09,99.63,Bottom 50%
17709,137.45,1,0,92.12,99.64,Bottom 50%
15836,137.37,2,4,92.14,99.64,Bottom 50%
14483,137.1,2,131,92.16,99.64,Bottom 50%
17468,137,2,4,92.19,99.64,Bottom 50%
15691,136.8,1,0,92.21,99.64,Bottom 50%
14247,136.77,1,0,92.23,99.64,Bottom 50%
16462,136,4,219,92.25,99.65,Bottom 50%
16412,135.99,1,0,92.28,99.65,Bottom 50%
12968,135.95,1,0,92.3,99.65,Bottom 50%
15042,135.93,1,0,92.32,99.65,Bottom 50%
14889,135.9,1,0,92.35,99.65,Bottom 50%
15419,135.86,1,0,92.37,99.65,Bottom 50%
16114,135.75,1,0,92.39,99.66,Bottom 50%
15174,135.75,1,0,92.42,99.66,Bottom 50%
16665,135.4,1,0,92.44,99.66,Bottom 50%
17972,135.19,1,0,92.46,99.66,Bottom 50%
13364,134.96,2,4,92.49,99.66,Bottom 50%
16055,134.8,1,0,92.51,99.66,Bottom 50%
14340,134.7,1,0,92.53,99.66,Bottom 50%
15562,134.55,1,0,92.55,99.66,Bottom 50%
14174,134.46,1,0,92.58,99.67,Bottom 50%
12837,134.1,1,0,92.6,99.67,Bottom 50%
14280,134.04,1,0,92.62,99.67,Bottom 50%
16424,133.56,2,145,92.65,99.67,Bottom 50%
14349,133.5,1,0,92.67,99.67,Bottom 50%
12445,133.4,1,0,92.69,99.67,Bottom 50%
17881,133.35,1,0,92.72,99.68,Bottom 50%
15709,133.25,1,0,92.74,99.68,Bottom 50%
17647,133.06,1,0,92.76,99.68,Bottom 50%
12512,132.18,2,0,92.78,99.68,Bottom 50%
17785,131.94,1,0,92.81,99.68,Bottom 50%
14438,131.9,1,0,92.83,99.68,Bottom 50%
12851,131.81,1,0,92.85,99.68,Bottom 50%
17455,131.7,1,0,92.88,99.69,Bottom 50%
14795,131.45,1,0,92.9,99.69,Bottom 50%
15844,130.74,1,0,92.92,99.69,Bottom 50%
16679,129.75,1,0,92.95,99.69,Bottom 50%
16611,129.49,2,46,92.97,99.69,Bottom 50%
16623,129.45,1,0,92.99,99.69,Bottom 50%
15276,128.63,1,0,93.02,99.69,Bottom 50%
16828,128.5,2,19,93.04,99.7,Bottom 50%
17297,128.18,1,0,93.06,99.7,Bottom 50%
17359,127.86,1,0,93.08,99.7,Bottom 50%
15543,127.86,1,0,93.11,99.7,Bottom 50%
13781,127.84,1,0,93.13,99.7,Bottom 50%
15578,127.1,1,0,93.15,99.7,Bottom 50%
15923,127.08,1,0,93.18,99.7,Bottom 50%
14962,126.7,1,0,93.2,99.71,Bottom 50%
16414,126.25,2,258,93.22,99.71,Bottom 50%
15463,126.14,1,0,93.25,99.71,Bottom 50%
16988,126.12,1,0,93.27,99.71,Bottom 50%
12814,125.92,1,0,93.29,99.71,Bottom 50%
13522,125.8,1,0,93.31,99.71,Bottom 50%
14861,125.79,1,0,93.34,99.71,Bottom 50%
14890,125.65,1,0,93.36,99.72,Bottom 50%
15017,125.58,1,0,93.38,99.72,Bottom 50%
12531,125.22,1,0,93.41,99.72,Bottom 50%
17148,124.88,1,0,93.43,99.72,Bottom 50%
16849,124.57,1,0,93.45,99.72,Bottom 50%
16569,124.2,1,0,93.48,99.72,Bottom 50%
14495,123.8,2,70,93.5,99.72,Bottom 50%
16658,123.24,1,0,93.52,99.73,Bottom 50%
15917,123.1,1,0,93.55,99.73,Bottom 50%
13519,122.75,2,27,93.57,99.73,Bottom 50%
13876,122.7,1,0,93.59,99.73,Bottom 50%
13638,122.64,1,0,93.61,99.73,Bottom 50%
16073,122.4,2,5,93.64,99.73,Bottom 50%
18018,122.14,2,91,93.66,99.73,Bottom 50%
13244,121.74,1,0,93.68,99.74,Bottom 50%
13182,121.18,1,0,93.71,99.74,Bottom 50%
15049,121.17,1,0,93.73,99.74,Bottom 50%
14413,121.05,1,0,93.75,99.74,Bottom 50%
15512,121,2,203,93.78,99.74,Bottom 50%
13002,120.95,1,0,93.8,99.74,Bottom 50%
17446,120.9,2,133,93.82,99.74,Bottom 50%
14165,120.44,1,0,93.85,99.75,Bottom 50%
18015,120.03,1,0,93.87,99.75,Bottom 50%
14314,120,1,0,93.89,99.75,Bottom 50%
14259,120,1,0,93.91,99.75,Bottom 50%
14453,119.93,1,0,93.94,99.75,Bottom 50%
16542,119.62,1,0,93.96,99.75,Bottom 50%
15266,119.3,1,0,93.98,99.75,Bottom 50%
16666,118.98,1,0,94.01,99.75,Bottom 50%
15843,118.95,1,0,94.03,99.76,Bottom 50%
17079,118.8,1,0,94.05,99.76,Bottom 50%
14155,118.75,1,0,94.08,99.76,Bottom 50%
14076,118.67,1,0,94.1,99.76,Bottom 50%
13581,118,1,0,94.12,99.76,Bottom 50%
12929,117.85,2,189,94.14,99.76,Bottom 50%
17654,117.55,1,0,94.17,99.76,Bottom 50%
16959,117.35,1,0,94.19,99.77,Bottom 50%
13877,117.24,1,0,94.21,99.77,Bottom 50%
17117,116.2,1,0,94.24,99.77,Bottom 50%
17601,116.01,1,0,94.26,99.77,Bottom 50%
14143,115.8,1,0,94.28,99.77,Bottom 50%
15350,115.65,1,0,94.31,99.77,Bottom 50%
13067,115.46,1,0,94.33,99.77,Bottom 50%
18027,115.31,1,0,94.35,99.77,Bottom 50%
14972,114.77,1,0,94.38,99.78,Bottom 50%
13188,114.6,1,0,94.4,99.78,Bottom 50%
16247,114.56,1,0,94.42,99.78,Bottom 50%
14632,114.56,1,0,94.44,99.78,Bottom 50%
17852,114.34,2,0,94.47,99.78,Bottom 50%
17219,114.23,1,0,94.49,99.78,Bottom 50%
14652,114.18,1,0,94.51,99.78,Bottom 50%
12938,114.14,1,0,94.54,99.78,Bottom 50%
14582,114.11,1,0,94.56,99.79,Bottom 50%
12651,114,1,0,94.58,99.79,Bottom 50%
14457,113.64,1,0,94.61,99.79,Bottom 50%
17217,113.5,1,0,94.63,99.79,Bottom 50%
15445,113.5,1,0,94.65,99.79,Bottom 50%
18105,113.48,1,0,94.67,99.79,Bottom 50%
16913,113.44,1,0,94.7,99.79,Bottom 50%
15280,113.12,1,0,94.72,99.79,Bottom 50%
14689,112.8,1,0,94.74,99.8,Bottom 50%
13161,112.75,1,0,94.77,99.8,Bottom 50%
16697,112.75,1,0,94.79,99.8,Bottom 50%
13807,112.6,1,0,94.81,99.8,Bottom 50%
18129,112.55,1,0,94.84,99.8,Bottom 50%
15610,112.46,1,0,94.86,99.8,Bottom 50%
17038,112.4,1,0,94.88,99.8,Bottom 50%
14271,112.32,1,0,94.91,99.8,Bottom 50%
17967,112.27,1,0,94.93,99.81,Bottom 50%
17900,112.2,4,25,94.95,99.81,Bottom 50%
13193,112.08,1,0,94.97,99.81,Bottom 50%
12756,112.08,1,0,95,99.81,Bottom 50%
17957,111.68,1,0,95.02,99.81,Bottom 50%
17887,111.35,1,0,95.04,99.81,Bottom 50%
18120,111.15,1,0,95.07,99.81,Bottom 50%
13508,110.97,1,0,95.09,99.81,Bottom 50%
13144,110.95,1,0,95.11,99.82,Bottom 50%
15537,110.92,1,0,95.14,99.82,Bottom 50%
15853,110.8,1,0,95.16,99.82,Bottom 50%
16963,110.55,1,0,95.18,99.82,Bottom 50%
14641,110.46,1,0,95.21,99.82,Bottom 50%
12734,110.4,1,0,95.23,99.82,Bottom 50%
18277,110.38,2,260,95.25,99.83,Bottom 50%
16792,110.38,2,0,95.27,99.83,Bottom 50%
17901,110.38,1,0,95.3,99.83,Bottom 50%
17746,110.25,2,5,95.32,99.83,Bottom 50%
17836,110.21,1,0,95.34,99.83,Bottom 50%
13133,109.8,2,30,95.37,99.83,Bottom 50%
16363,109.36,1,0,95.39,99.83,Bottom 50%
14699,109.13,1,0,95.41,99.83,Bottom 50%
14345,108.98,1,0,95.44,99.83,Bottom 50%
13170,108.81,1,0,95.46,99.83,Bottom 50%
17639,108.5,1,0,95.48,99.84,Bottom 50%
16106,108.38,1,0,95.5,99.84,Bottom 50%
13226,108.21,1,0,95.53,99.84,Bottom 50%
12956,108.07,1,0,95.55,99.84,Bottom 50%
14661,107.95,1,0,95.57,99.84,Bottom 50%
17274,107.82,1,0,95.6,99.84,Bottom 50%
16784,107.6,1,0,95.62,99.84,Bottom 50%
15395,107.45,1,0,95.64,99.84,Bottom 50%
17893,107.21,1,0,95.67,99.85,Bottom 50%
16757,106.83,1,0,95.69,99.85,Bottom 50%
15168,106.56,1,0,95.71,99.85,Bottom 50%
15070,106.2,1,0,95.74,99.85,Bottom 50%
17791,106.1,1,0,95.76,99.85,Bottom 50%
16581,105.84,2,27,95.78,99.85,Bottom 50%
15775,104.9,1,0,95.8,99.85,Bottom 50%
14027,104.82,1,0,95.83,99.85,Bottom 50%
15607,104.76,1,0,95.85,99.86,Bottom 50%
15958,104.35,1,0,95.87,99.86,Bottom 50%
18174,104,1,0,95.9,99.86,Bottom 50%
17548,103.3,3,155,95.92,99.86,Bottom 50%
18255,103.3,1,0,95.94,99.86,Bottom 50%
14542,103.25,1,0,95.97,99.86,Bottom 50%
18011,102.79,1,0,95.99,99.86,Bottom 50%
14836,102.45,3,20,96.01,99.86,Bottom 50%
17962,102.41,1,0,96.04,99.86,Bottom 50%
14981,102.12,1,0,96.06,99.87,Bottom 50%
13948,102,1,0,96.08,99.87,Bottom 50%
15212,101.8,2,1,96.1,99.87,Bottom 50%
18068,101.7,1,0,96.13,99.87,Bottom 50%
16516,101.7,1,0,96.15,99.87,Bottom 50%
17643,101.55,1,0,96.17,99.87,Bottom 50%
16006,101.4,1,0,96.2,99.87,Bottom 50%
18086,101.34,1,0,96.22,99.87,Bottom 50%
13101,101.19,1,0,96.24,99.87,Bottom 50%
16344,101.1,1,0,96.27,99.88,Bottom 50%
16498,100.97,3,0,96.29,99.88,Bottom 50%
14946,100.9,1,0,96.31,99.88,Bottom 50%
17427,100.8,1,0,96.33,99.88,Bottom 50%
14371,100.5,1,0,96.36,99.88,Bottom 50%
13703,99.5,1,0,96.38,99.88,Bottom 50%
17939,99.14,1,0,96.4,99.88,Bottom 50%
15256,98.45,1,0,96.43,99.88,Bottom 50%
17538,98.42,1,0,96.45,99.88,Bottom 50%
17349,98.25,1,0,96.47,99.89,Bottom 50%
15422,97.7,2,0,96.5,99.89,Bottom 50%
12984,97.5,1,0,96.52,99.89,Bottom 50%
17325,96.8,1,0,96.54,99.89,Bottom 50%
15216,96.6,1,0,96.57,99.89,Bottom 50%
14642,96.12,1,0,96.59,99.89,Bottom 50%
17024,95.85,3,112,96.61,99.89,Bottom 50%
17895,95.45,1,0,96.63,99.89,Bottom 50%
18249,95.34,1,0,96.66,99.89,Bottom 50%
12548,95.2,1,0,96.68,99.9,Bottom 50%
16387,94.36,1,0,96.7,99.9,Bottom 50%
13651,94.2,2,4,96.73,99.9,Bottom 50%
16339,94.05,1,0,96.75,99.9,Bottom 50%
15397,94,1,0,96.77,99.9,Bottom 50%
18033,93.82,1,0,96.8,99.9,Bottom 50%
15428,93.78,1,0,96.82,99.9,Bottom 50%
18227,93.75,1,0,96.84,99.9,Bottom 50%
13283,93.66,2,125,96.86,99.9,Bottom 50%
17991,93.35,2,0,96.89,99.91,Bottom 50%
12821,92.72,1,0,96.91,99.91,Bottom 50%
14054,92.46,1,0,96.93,99.91,Bottom 50%
12789,91.85,1,0,96.96,99.91,Bottom 50%
13160,91.8,1,0,96.98,99.91,Bottom 50%
13551,91.8,1,0,97,99.91,Bottom 50%
12659,91.68,1,0,97.03,99.91,Bottom 50%
15488,91.32,1,0,97.05,99.91,Bottom 50%
13947,90.6,1,0,97.07,99.91,Bottom 50%
14353,90.6,1,0,97.1,99.91,Bottom 50%
18084,90.48,2,284,97.12,99.92,Bottom 50%
16506,90.3,2,20,97.14,99.92,Bottom 50%
15552,90.12,1,0,97.16,99.92,Bottom 50%
16597,90.04,1,0,97.19,99.92,Bottom 50%
14117,90,1,0,97.21,99.92,Bottom 50%
14974,89.94,1,0,97.23,99.92,Bottom 50%
14219,89.94,1,0,97.26,99.92,Bottom 50%
14760,89.2,2,2,97.28,99.92,Bottom 50%
12686,89.14,1,0,97.3,99.92,Bottom 50%
14436,89.06,1,0,97.33,99.92,Bottom 50%
12353,89,1,0,97.35,99.93,Bottom 50%
15083,88.2,1,0,97.37,99.93,Bottom 50%
15180,87.5,1,0,97.4,99.93,Bottom 50%
13296,87.4,1,0,97.42,99.93,Bottom 50%
15541,85.13,1,0,97.44,99.93,Bottom 50%
13841,85,1,0,97.46,99.93,Bottom 50%
15729,85,2,14,97.49,99.93,Bottom 50%
13666,84.65,3,227,97.51,99.93,Bottom 50%
12401,84.3,1,0,97.53,99.93,Bottom 50%
17309,82.75,1,0,97.56,99.93,Bottom 50%
13006,81.57,1,0,97.58,99.94,Bottom 50%
17620,81.44,1,0,97.6,99.94,Bottom 50%
18281,80.82,1,0,97.63,99.94,Bottom 50%
16789,80.8,1,0,97.65,99.94,Bottom 50%
13967,80.7,1,0,97.67,99.94,Bottom 50%
17752,80.64,1,0,97.69,99.94,Bottom 50%
13747,79.6,1,0,97.72,99.94,Bottom 50%
15753,79.2,1,0,97.74,99.94,Bottom 50%
16078,79.2,1,0,97.76,99.94,Bottom 50%
17942,77.5,1,0,97.79,99.94,Bottom 50%
14785,77.4,2,4,97.81,99.94,Bottom 50%
13132,77.3,1,0,97.83,99.95,Bottom 50%
13992,76.8,1,0,97.86,99.95,Bottom 50%
14373,76.55,1,0,97.88,99.95,Bottom 50%
13106,76.5,2,4,97.9,99.95,Bottom 50%
17536,76.5,1,0,97.93,99.95,Bottom 50%
14090,76.32,1,0,97.95,99.95,Bottom 50%
18113,76.32,1,0,97.97,99.95,Bottom 50%
16148,76.32,1,0,97.99,99.95,Bottom 50%
15668,76.32,1,0,98.02,99.95,Bottom 50%
17995,76.1,1,0,98.04,99.95,Bottom 50%
17628,75.75,1,0,98.06,99.95,Bottom 50%
16610,75.66,1,0,98.09,99.95,Bottom 50%
13403,75,1,0,98.11,99.96,Bottom 50%
16468,74.9,1,0,98.13,99.96,Bottom 50%
13095,74.4,1,0,98.16,99.96,Bottom 50%
18050,74.4,1,0,98.18,99.96,Bottom 50%
17960,73.78,1,0,98.2,99.96,Bottom 50%
12506,73.5,1,0,98.22,99.96,Bottom 50%
18032,73.5,1,0,98.25,99.96,Bottom 50%
16171,73.2,1,0,98.27,99.96,Bottom 50%
17906,72.9,1,0,98.29,99.96,Bottom 50%
13686,72,1,0,98.32,99.96,Bottom 50%
13938,71.66,1,0,98.34,99.96,Bottom 50%
13185,71.4,1,0,98.36,99.97,Bottom 50%
17747,71.4,2,12,98.39,99.97,Bottom 50%
17022,71,1,0,98.41,99.97,Bottom 50%
18037,70.02,6,207,98.43,99.97,Bottom 50%
15863,68.84,2,167,98.46,99.97,Bottom 50%
14393,67.95,1,0,98.48,99.97,Bottom 50%
17382,65.4,1,0,98.5,99.97,Bottom 50%
13684,65.13,2,0,98.52,99.97,Bottom 50%
13130,64,1,0,98.55,99.97,Bottom 50%
13302,63.75,1,0,98.57,99.97,Bottom 50%
17263,63.44,1,0,98.59,99.97,Bottom 50%
12665,63,2,6,98.62,99.97,Bottom 50%
14437,63,2,222,98.64,99.97,Bottom 50%
14840,62.85,1,0,98.66,99.97,Bottom 50%
13218,62.64,1,0,98.69,99.97,Bottom 50%
15516,62.43,3,1,98.71,99.98,Bottom 50%
13194,60.7,1,0,98.73,99.98,Bottom 50%
17174,59.9,1,0,98.76,99.98,Bottom 50%
13391,59.8,1,0,98.78,99.98,Bottom 50%
13682,59.5,1,0,98.8,99.98,Bottom 50%
14957,58.49,1,0,98.82,99.98,Bottom 50%
13080,58.08,1,0,98.85,99.98,Bottom 50%
17775,56.4,1,0,98.87,99.98,Bottom 50%
15899,56.25,1,0,98.89,99.98,Bottom 50%
13366,56.16,1,0,98.92,99.98,Bottom 50%
16349,53.5,1,0,98.94,99.98,Bottom 50%
15504,52.83,1,0,98.96,99.98,Bottom 50%
13832,52.2,2,1,98.99,99.98,Bottom 50%
14865,52.2,2,364,99.01,99.98,Bottom 50%
15313,52,1,0,99.03,99.99,Bottom 50%
14682,52,2,13,99.05,99.99,Bottom 50%
17844,51.56,1,0,99.08,99.99,Bottom 50%
14351,51,1,0,99.1,99.99,Bottom 50%
13011,50.55,1,0,99.12,99.99,Bottom 50%
18184,49.8,1,0,99.15,99.99,Bottom 50%
14821,48.8,1,0,99.17,99.99,Bottom 50%
15603,48.48,1,0,99.19,99.99,Bottom 50%
16257,46.95,1,0,99.22,99.99,Bottom 50%
14080,45.6,1,0,99.24,99.99,Bottom 50%
15423,43.5,1,0,99.26,99.99,Bottom 50%
14300,43.2,1,0,99.29,99.99,Bottom 50%
15992,41.99,1,0,99.31,99.99,Bottom 50%
15178,40.5,1,0,99.33,99.99,Bottom 50%
14589,39.75,1,0,99.35,99.99,Bottom 50%
12977,39.24,1,0,99.38,99.99,Bottom 50%
16659,39.12,1,0,99.4,99.99,Bottom 50%
18019,38.45,1,0,99.42,99.99,Bottom 50%
12855,38.1,1,0,99.45,99.99,Bottom 50%
16162,37.4,1,0,99.47,99.99,Bottom 50%
17816,36.56,4,328,99.49,99.99,Bottom 50%
15940,35.8,2,0,99.52,99.99,Bottom 50%
16856,35.4,1,0,99.54,100,Bottom 50%
14576,35.4,1,0,99.56,100,Bottom 50%
17831,35.4,1,0,99.59,100,Bottom 50%
15744,34.8,1,0,99.61,100,Bottom 50%
16765,34,1,0,99.63,100,Bottom 50%
17408,32.65,1,0,99.65,100,Bottom 50%
13120,30.6,1,0,99.68,100,Bottom 50%
15657,30,1,0,99.7,100,Bottom 50%
18268,25.5,2,0,99.72,100,Bottom 50%
17102,25.5,1,0,99.75,100,Bottom 50%
17986,20.8,1,0,99.77,100,Bottom 50%
16953,20.8,1,0,99.79,100,Bottom 50%
16093,17,1,0,99.82,100,Bottom 50%
13307,15,1,0,99.84,100,Bottom 50%
15823,15,2,34,99.86,100,Bottom 50%
17763,15,1,0,99.88,100,Bottom 50%
16878,13.3,2,59,99.91,100,Bottom 50%
17956,12.75,1,0,99.93,100,Bottom 50%
16454,6.9,3,196,99.95,100,Bottom 50%
14792,6.2,2,0,99.98,100,Bottom 50%
16738,3.75,1,0,100,100,Bottom 50%
